aciertos,fallos,tasa_exito,tiempo_reaccion,puntaje_total,grupo_edad,dificultad
2,6,24,2332,231,niños_4_8,baja
1,6,34,2000,160,niños_4_8,baja
2,8,28,2417,148,niños_4_8,baja
2,6,35,2342,175,niños_4_8,baja
1,6,27,2307,123,niños_4_8,baja
1,8,24,2018,104,niños_4_8,baja
2,7,22,2444,205,niños_4_8,baja
1,6,18,2280,147,niños_4_8,baja
1,7,24,2478,196,niños_4_8,baja
1,6,15,2300,188,niños_4_8,baja
1,8,30,2357,183,niños_4_8,baja
1,6,16,2308,250,niños_4_8,baja
2,8,19,1970,212,niños_4_8,baja
2,7,34,2433,147,niños_4_8,baja
2,7,22,2466,226,niños_4_8,baja
1,8,17,2337,130,niños_4_8,baja
1,6,24,2274,228,niños_4_8,baja
2,7,19,2260,252,niños_4_8,baja
1,6,30,2460,125,niños_4_8,baja
1,8,16,2354,155,niños_4_8,baja
2,8,15,2058,155,niños_4_8,baja
1,8,29,2262,263,niños_4_8,baja
1,8,18,2284,219,niños_4_8,baja
2,8,21,2135,107,niños_4_8,baja
1,6,18,2188,232,niños_4_8,baja
2,6,35,2019,236,niños_4_8,baja
2,7,34,2094,183,niños_4_8,baja
1,8,22,2116,230,niños_4_8,baja
2,7,16,2323,157,niños_4_8,baja
1,8,21,1998,229,niños_4_8,baja
2,8,25,2056,163,niños_4_8,baja
1,8,33,2150,223,niños_4_8,baja
2,7,27,2423,116,niños_4_8,baja
2,8,34,2054,220,niños_4_8,baja
2,8,16,2481,204,niños_4_8,baja
2,8,32,2198,227,niños_4_8,baja
2,6,17,2080,152,niños_4_8,baja
2,7,22,2010,189,niños_4_8,baja
2,8,23,2231,129,niños_4_8,baja
2,7,15,2247,235,niños_4_8,baja
2,6,30,2319,125,niños_4_8,baja
1,7,20,2328,233,niños_4_8,baja
1,7,24,2303,242,niños_4_8,baja
1,8,28,2060,218,niños_4_8,baja
1,8,33,2151,176,niños_4_8,baja
1,6,28,2274,102,niños_4_8,baja
2,6,31,2288,117,niños_4_8,baja
1,7,15,2062,221,niños_4_8,baja
1,8,15,2475,135,niños_4_8,baja
1,6,24,2388,102,niños_4_8,baja
2,6,22,2127,195,niños_4_8,baja
1,6,17,2184,145,niños_4_8,baja
2,8,35,2188,224,niños_4_8,baja
1,7,35,2422,163,niños_4_8,baja
2,8,17,1968,259,niños_4_8,baja
1,7,35,1963,105,niños_4_8,baja
2,7,15,2431,148,niños_4_8,baja
2,7,18,2243,141,niños_4_8,baja
1,7,30,2356,194,niños_4_8,baja
1,8,31,2145,198,niños_4_8,baja
2,8,32,1960,176,niños_4_8,baja
2,8,24,2383,189,niños_4_8,baja
2,7,25,2449,142,niños_4_8,baja
2,8,24,2436,243,niños_4_8,baja
1,7,35,1978,163,niños_4_8,baja
1,7,34,2003,202,niños_4_8,baja
2,6,34,2149,134,niños_4_8,baja
2,7,34,2014,186,niños_4_8,baja
1,8,25,2146,142,niños_4_8,baja
2,6,16,2170,148,niños_4_8,baja
2,6,22,2408,252,niños_4_8,baja
1,8,27,2450,176,niños_4_8,baja
2,7,15,2113,248,niños_4_8,baja
2,6,15,2315,181,niños_4_8,baja
2,8,30,2085,183,niños_4_8,baja
2,6,31,2268,212,niños_4_8,baja
1,6,27,2012,110,niños_4_8,baja
2,8,27,1992,265,niños_4_8,baja
2,6,32,2338,228,niños_4_8,baja
2,8,21,2061,241,niños_4_8,baja
2,8,17,1977,247,niños_4_8,baja
2,7,31,2289,152,niños_4_8,baja
2,6,26,2136,219,niños_4_8,baja
1,6,25,1982,240,niños_4_8,baja
2,7,30,2221,135,niños_4_8,baja
1,7,27,2324,174,niños_4_8,baja
1,8,23,2428,258,niños_4_8,baja
1,6,27,1975,225,niños_4_8,baja
1,7,32,1950,157,niños_4_8,baja
1,7,18,1958,140,niños_4_8,baja
1,7,24,2263,205,niños_4_8,baja
1,6,31,2065,123,niños_4_8,baja
1,7,24,2378,119,niños_4_8,baja
2,7,33,2391,228,niños_4_8,baja
1,8,27,2042,147,niños_4_8,baja
2,8,24,2201,139,niños_4_8,baja
2,6,25,2242,171,niños_4_8,baja
1,6,17,2038,189,niños_4_8,baja
2,8,26,1995,245,niños_4_8,baja
1,8,32,2016,259,niños_4_8,baja
2,8,22,1989,158,niños_4_8,baja
2,8,24,1975,121,niños_4_8,baja
2,7,27,1978,128,niños_4_8,baja
2,6,32,2280,249,niños_4_8,baja
1,6,25,2435,238,niños_4_8,baja
1,8,18,2459,178,niños_4_8,baja
2,7,30,2200,218,niños_4_8,baja
2,7,15,2428,169,niños_4_8,baja
1,7,34,2282,190,niños_4_8,baja
2,8,28,2294,200,niños_4_8,baja
2,6,35,2492,251,niños_4_8,baja
1,8,31,2016,220,niños_4_8,baja
2,8,31,2063,221,niños_4_8,baja
1,6,33,2110,228,niños_4_8,baja
2,8,16,2041,248,niños_4_8,baja
1,8,23,2486,134,niños_4_8,baja
2,8,28,1986,230,niños_4_8,baja
1,8,18,2010,222,niños_4_8,baja
1,7,30,2440,105,niños_4_8,baja
1,6,34,2256,210,niños_4_8,baja
1,6,21,2401,170,niños_4_8,baja
2,6,21,2310,260,niños_4_8,baja
2,6,28,2277,151,niños_4_8,baja
2,6,16,2173,173,niños_4_8,baja
1,8,15,1935,112,niños_4_8,baja
1,7,27,2458,240,niños_4_8,baja
2,8,25,1981,234,niños_4_8,baja
1,7,17,1957,205,niños_4_8,baja
1,8,35,2422,139,niños_4_8,baja
2,6,29,2024,102,niños_4_8,baja
2,6,27,2486,247,niños_4_8,baja
2,6,18,2264,217,niños_4_8,baja
1,7,29,2223,220,niños_4_8,baja
1,7,30,2152,121,niños_4_8,baja
1,8,16,2098,222,niños_4_8,baja
1,7,26,1997,138,niños_4_8,baja
2,7,20,2270,159,niños_4_8,baja
1,6,31,2479,139,niños_4_8,baja
2,6,35,2413,252,niños_4_8,baja
2,7,23,2375,102,niños_4_8,baja
2,6,28,2355,224,niños_4_8,baja
1,8,15,2498,121,niños_4_8,baja
2,8,27,2210,105,niños_4_8,baja
2,6,19,2150,105,niños_4_8,baja
1,7,23,2378,252,niños_4_8,baja
2,7,23,2131,207,niños_4_8,baja
2,6,28,1954,224,niños_4_8,baja
2,6,28,2382,141,niños_4_8,baja
1,8,28,2471,241,niños_4_8,baja
2,6,23,2307,209,niños_4_8,baja
1,8,17,2293,118,niños_4_8,baja
1,6,28,2120,215,niños_4_8,baja
1,8,17,2288,254,niños_4_8,baja
2,7,35,2118,120,niños_4_8,baja
2,8,19,2089,251,niños_4_8,baja
1,6,22,2449,161,niños_4_8,baja
1,6,30,2390,204,niños_4_8,baja
1,7,18,2161,240,niños_4_8,baja
1,6,19,2431,235,niños_4_8,baja
1,7,20,2340,132,niños_4_8,baja
1,8,21,2283,234,niños_4_8,baja
1,8,22,2193,107,niños_4_8,baja
2,7,19,2196,141,niños_4_8,baja
1,8,19,2139,175,niños_4_8,baja
1,8,33,1982,255,niños_4_8,baja
2,8,25,1972,261,niños_4_8,baja
2,7,18,1963,214,niños_4_8,baja
2,6,15,2444,214,niños_4_8,baja
2,7,33,2345,249,niños_4_8,baja
2,6,20,2235,191,niños_4_8,baja
2,6,23,2113,111,niños_4_8,baja
2,8,26,2257,117,niños_4_8,baja
2,8,16,2287,139,niños_4_8,baja
1,6,17,2178,196,niños_4_8,baja
2,6,22,2303,104,niños_4_8,baja
2,6,23,2318,106,niños_4_8,baja
1,6,28,2220,178,niños_4_8,baja
1,7,16,2376,144,niños_4_8,baja
1,8,19,2059,130,niños_4_8,baja
1,7,18,2142,216,niños_4_8,baja
2,7,35,2178,172,niños_4_8,baja
2,7,29,2457,161,niños_4_8,baja
2,7,33,2488,212,niños_4_8,baja
2,6,22,2483,130,niños_4_8,baja
1,8,27,1986,118,niños_4_8,baja
2,7,16,1973,168,niños_4_8,baja
2,7,23,2467,157,niños_4_8,baja
1,6,19,2344,107,niños_4_8,baja
1,7,32,2329,118,niños_4_8,baja
2,8,30,2374,112,niños_4_8,baja
1,8,24,2240,154,niños_4_8,baja
1,6,29,2442,117,niños_4_8,baja
1,6,29,2320,176,niños_4_8,baja
2,8,30,2078,198,niños_4_8,baja
2,7,17,1934,109,niños_4_8,baja
1,7,16,2281,189,niños_4_8,baja
2,7,18,2438,235,niños_4_8,baja
2,7,27,2281,253,niños_4_8,baja
2,7,22,2203,223,niños_4_8,baja
2,6,28,2006,163,niños_4_8,baja
1,7,29,2216,147,niños_4_8,baja
2,8,32,2025,244,niños_4_8,baja
2,8,25,2341,255,niños_4_8,baja
2,8,30,1991,236,niños_4_8,baja
2,7,15,2011,177,niños_4_8,baja
2,8,24,2259,255,niños_4_8,baja
2,7,28,2351,201,niños_4_8,baja
1,8,20,2000,179,niños_4_8,baja
2,8,31,2307,231,niños_4_8,baja
1,7,16,2312,117,niños_4_8,baja
1,6,33,2380,266,niños_4_8,baja
2,8,32,2077,158,niños_4_8,baja
1,6,26,2383,245,niños_4_8,baja
1,7,29,2009,252,niños_4_8,baja
2,7,22,2393,124,niños_4_8,baja
2,7,24,1949,147,niños_4_8,baja
2,8,31,2319,261,niños_4_8,baja
2,8,17,2234,175,niños_4_8,baja
2,8,23,2053,168,niños_4_8,baja
2,6,35,2026,196,niños_4_8,baja
2,6,19,1936,265,niños_4_8,baja
2,8,33,2238,258,niños_4_8,baja
2,8,15,2014,137,niños_4_8,baja
2,7,27,2249,206,niños_4_8,baja
2,7,17,2204,259,niños_4_8,baja
2,7,25,2429,201,niños_4_8,baja
2,7,22,2130,194,niños_4_8,baja
1,8,25,2418,214,niños_4_8,baja
2,6,18,2396,166,niños_4_8,baja
2,6,31,2161,104,niños_4_8,baja
2,8,31,2276,213,niños_4_8,baja
1,7,27,2290,122,niños_4_8,baja
2,7,17,2412,240,niños_4_8,baja
1,8,32,2172,152,niños_4_8,baja
1,8,16,2491,170,niños_4_8,baja
1,8,32,2333,187,niños_4_8,baja
2,6,17,2155,170,niños_4_8,baja
1,7,29,1976,141,niños_4_8,baja
1,6,20,2488,252,niños_4_8,baja
1,7,23,2003,144,niños_4_8,baja
2,8,27,2073,265,niños_4_8,baja
1,7,23,1984,128,niños_4_8,baja
2,8,26,2061,112,niños_4_8,baja
2,8,29,2478,247,niños_4_8,baja
2,6,35,2450,223,niños_4_8,baja
1,6,28,2067,232,niños_4_8,baja
1,8,24,2282,114,niños_4_8,baja
1,6,27,1949,237,niños_4_8,baja
2,7,31,2149,155,niños_4_8,baja
1,7,18,2441,112,niños_4_8,baja
2,8,31,2472,124,niños_4_8,baja
1,7,30,2459,167,niños_4_8,baja
1,7,30,2227,161,niños_4_8,baja
2,7,24,2451,161,niños_4_8,baja
1,8,22,2155,191,niños_4_8,baja
2,8,15,1961,178,niños_4_8,baja
1,6,34,2035,214,niños_4_8,baja
2,7,25,2344,107,niños_4_8,baja
2,7,21,2470,187,niños_4_8,baja
2,6,20,2060,190,niños_4_8,baja
1,7,25,2446,224,niños_4_8,baja
2,8,15,1970,204,niños_4_8,baja
2,7,27,2293,165,niños_4_8,baja
1,8,34,2173,238,niños_4_8,baja
2,6,33,2298,167,niños_4_8,baja
2,6,32,2469,147,niños_4_8,baja
2,6,23,2079,143,niños_4_8,baja
2,7,22,2171,120,niños_4_8,baja
1,7,18,2284,201,niños_4_8,baja
1,8,21,2351,110,niños_4_8,baja
2,8,17,2145,102,niños_4_8,baja
1,7,22,2193,157,niños_4_8,baja
1,7,15,2300,227,niños_4_8,baja
1,7,18,1980,172,niños_4_8,baja
1,8,33,2041,197,niños_4_8,baja
2,6,15,2487,121,niños_4_8,baja
1,7,17,2391,208,niños_4_8,baja
2,8,25,1960,158,niños_4_8,baja
1,8,35,2137,228,niños_4_8,baja
2,8,24,2062,127,niños_4_8,baja
2,7,25,2315,229,niños_4_8,baja
2,7,27,2161,252,niños_4_8,baja
1,8,21,2028,168,niños_4_8,baja
2,6,33,2191,251,niños_4_8,baja
1,6,17,2294,102,niños_4_8,baja
2,8,26,2108,230,niños_4_8,baja
1,8,15,2174,192,niños_4_8,baja
1,8,33,2332,172,niños_4_8,baja
1,7,19,2167,158,niños_4_8,baja
1,8,30,2151,111,niños_4_8,baja
1,7,29,2230,205,niños_4_8,baja
2,6,23,2081,124,niños_4_8,baja
1,8,30,2116,240,niños_4_8,baja
2,6,23,2161,147,niños_4_8,baja
1,6,27,2221,221,niños_4_8,baja
2,6,29,2070,185,niños_4_8,baja
2,8,28,2423,213,niños_4_8,baja
2,7,19,2133,140,niños_4_8,baja
2,6,31,2144,228,niños_4_8,baja
1,6,18,2101,137,niños_4_8,baja
2,8,25,2478,244,niños_4_8,baja
1,7,18,2257,105,niños_4_8,baja
1,6,34,2292,257,niños_4_8,baja
2,7,22,2308,232,niños_4_8,baja
2,8,25,2272,219,niños_4_8,baja
1,6,17,2054,135,niños_4_8,baja
1,8,20,2152,260,niños_4_8,baja
2,6,33,2437,200,niños_4_8,baja
2,6,19,2041,188,niños_4_8,baja
1,7,29,2273,228,niños_4_8,baja
2,6,29,1934,159,niños_4_8,baja
1,8,19,2456,150,niños_4_8,baja
2,8,33,2247,198,niños_4_8,baja
1,6,33,2484,104,niños_4_8,baja
2,7,35,2101,162,niños_4_8,baja
2,6,17,2374,242,niños_4_8,baja
2,8,21,2150,119,niños_4_8,baja
2,8,19,2005,185,niños_4_8,baja
1,6,19,2347,109,niños_4_8,baja
1,8,18,2172,180,niños_4_8,baja
1,8,18,2078,256,niños_4_8,baja
2,8,27,2015,262,niños_4_8,baja
1,6,34,2366,187,niños_4_8,baja
2,6,26,2243,153,niños_4_8,baja
2,8,23,1997,257,niños_4_8,baja
1,6,15,2409,161,niños_4_8,baja
1,7,20,2171,257,niños_4_8,baja
2,8,34,2356,225,niños_4_8,baja
2,7,30,2024,229,niños_4_8,baja
2,7,23,2191,188,niños_4_8,baja
2,8,16,2374,193,niños_4_8,baja
1,6,25,2252,119,niños_4_8,baja
1,7,16,2165,258,niños_4_8,baja
2,6,34,2003,113,niños_4_8,baja
2,8,19,2440,138,niños_4_8,baja
2,7,30,2032,200,niños_4_8,baja
2,8,35,2095,118,niños_4_8,baja
2,7,19,2328,134,niños_4_8,baja
1,8,34,2019,144,niños_4_8,baja
2,7,26,2120,253,niños_4_8,baja
2,8,17,2475,264,niños_4_8,baja
1,8,15,2418,181,niños_4_8,baja
1,6,20,2426,253,niños_4_8,baja
2,6,24,2415,225,niños_4_8,baja
1,8,23,2207,200,niños_4_8,baja
1,6,15,2255,198,niños_4_8,baja
2,6,27,2494,251,niños_4_8,baja
1,7,28,2221,204,niños_4_8,baja
2,8,30,1971,191,niños_4_8,baja
1,6,31,2428,169,niños_4_8,baja
1,7,35,2367,168,niños_4_8,baja
1,8,27,2328,206,niños_4_8,baja
2,6,24,1995,241,niños_4_8,baja
1,7,28,2115,136,niños_4_8,baja
2,8,23,2251,198,niños_4_8,baja
2,7,25,2145,261,niños_4_8,baja
1,7,31,2210,243,niños_4_8,baja
2,8,35,2372,177,niños_4_8,baja
1,8,34,2140,196,niños_4_8,baja
1,6,28,2226,207,niños_4_8,baja
1,8,28,1961,181,niños_4_8,baja
1,8,20,2344,165,niños_4_8,baja
1,6,28,2321,251,niños_4_8,baja
2,7,26,1966,262,niños_4_8,baja
2,8,28,2205,164,niños_4_8,baja
2,8,19,2366,117,niños_4_8,baja
1,8,31,2122,166,niños_4_8,baja
2,7,23,2020,163,niños_4_8,baja
1,8,21,2068,226,niños_4_8,baja
1,8,19,2412,188,niños_4_8,baja
1,6,29,2422,168,niños_4_8,baja
2,7,29,2466,219,niños_4_8,baja
2,7,32,2098,212,niños_4_8,baja
2,6,22,2092,205,niños_4_8,baja
1,7,35,2490,101,niños_4_8,baja
2,8,28,2140,258,niños_4_8,baja
2,7,34,2097,130,niños_4_8,baja
1,6,34,1941,229,niños_4_8,baja
1,6,19,2203,127,niños_4_8,baja
2,6,30,2256,122,niños_4_8,baja
2,6,21,2282,197,niños_4_8,baja
1,8,30,2383,243,niños_4_8,baja
1,6,25,2480,173,niños_4_8,baja
1,7,30,2046,188,niños_4_8,baja
1,8,21,2363,242,niños_4_8,baja
2,7,25,2471,239,niños_4_8,baja
2,7,17,2416,188,niños_4_8,baja
2,6,34,2040,229,niños_4_8,baja
1,6,32,2073,144,niños_4_8,baja
1,6,30,2398,264,niños_4_8,baja
1,7,32,2125,152,niños_4_8,baja
1,6,18,2112,100,niños_4_8,baja
1,8,33,2041,132,niños_4_8,baja
2,7,20,2269,138,niños_4_8,baja
1,6,17,2098,255,niños_4_8,baja
2,8,33,2384,152,niños_4_8,baja
2,6,23,2247,209,niños_4_8,baja
2,7,30,2186,260,niños_4_8,baja
2,8,17,2411,124,niños_4_8,baja
1,8,25,2420,235,niños_4_8,baja
1,6,31,2223,126,niños_4_8,baja
1,8,15,2000,167,niños_4_8,baja
2,8,22,2386,143,niños_4_8,baja
1,6,31,2160,196,niños_4_8,baja
2,6,16,2286,147,niños_4_8,baja
2,8,15,2213,241,niños_4_8,baja
1,8,20,2136,196,niños_4_8,baja
1,8,25,2266,131,niños_4_8,baja
2,6,25,2188,123,niños_4_8,baja
2,7,22,2286,233,niños_4_8,baja
2,6,32,2187,196,niños_4_8,baja
1,8,31,2460,112,niños_4_8,baja
1,7,19,2332,264,niños_4_8,baja
1,6,34,2273,218,niños_4_8,baja
1,7,23,2212,112,niños_4_8,baja
2,7,20,2122,244,niños_4_8,baja
2,8,33,2017,166,niños_4_8,baja
1,7,35,2119,252,niños_4_8,baja
2,7,23,2410,258,niños_4_8,baja
1,8,29,2324,248,niños_4_8,baja
1,7,34,2071,157,niños_4_8,baja
1,8,28,2368,244,niños_4_8,baja
2,7,22,2298,151,niños_4_8,baja
1,8,31,2305,118,niños_4_8,baja
1,7,26,2357,157,niños_4_8,baja
1,7,20,1987,176,niños_4_8,baja
2,7,28,2172,106,niños_4_8,baja
2,8,35,2339,184,niños_4_8,baja
1,7,25,2022,200,niños_4_8,baja
1,7,17,2027,104,niños_4_8,baja
1,8,34,2163,206,niños_4_8,baja
2,6,33,2240,239,niños_4_8,baja
1,7,18,2218,192,niños_4_8,baja
2,8,15,2050,221,niños_4_8,baja
2,6,35,2128,122,niños_4_8,baja
2,7,26,2074,264,niños_4_8,baja
2,7,27,2427,158,niños_4_8,baja
2,8,35,2191,232,niños_4_8,baja
1,7,26,1969,155,niños_4_8,baja
2,6,32,2213,172,niños_4_8,baja
2,7,16,1945,209,niños_4_8,baja
2,7,33,2040,172,niños_4_8,baja
1,8,34,2460,160,niños_4_8,baja
1,8,18,2468,226,niños_4_8,baja
2,8,28,2465,148,niños_4_8,baja
2,7,27,2019,205,niños_4_8,baja
2,6,34,2137,263,niños_4_8,baja
1,6,31,2214,252,niños_4_8,baja
2,6,18,2433,119,niños_4_8,baja
2,6,31,2479,234,niños_4_8,baja
1,6,33,2418,187,niños_4_8,baja
2,6,21,2132,192,niños_4_8,baja
1,6,23,2434,234,niños_4_8,baja
1,8,33,2078,198,niños_4_8,baja
2,8,19,1968,130,niños_4_8,baja
2,6,29,2040,159,niños_4_8,baja
1,8,29,2207,229,niños_4_8,baja
2,8,31,2110,158,niños_4_8,baja
1,8,26,2024,197,niños_4_8,baja
2,8,28,2093,192,niños_4_8,baja
2,6,22,2088,135,niños_4_8,baja
2,8,28,2471,200,niños_4_8,baja
1,8,23,2247,131,niños_4_8,baja
2,6,21,2438,198,niños_4_8,baja
1,6,26,2330,205,niños_4_8,baja
2,8,33,1955,257,niños_4_8,baja
1,6,15,2243,111,niños_4_8,baja
2,7,16,2425,131,niños_4_8,baja
2,7,23,2096,254,niños_4_8,baja
1,8,20,2031,133,niños_4_8,baja
1,7,22,2453,175,niños_4_8,baja
1,8,34,2200,145,niños_4_8,baja
2,8,20,1964,180,niños_4_8,baja
2,7,24,1963,111,niños_4_8,baja
1,7,25,2100,114,niños_4_8,baja
1,8,19,2271,161,niños_4_8,baja
2,7,22,2141,189,niños_4_8,baja
2,8,21,2294,215,niños_4_8,baja
1,8,29,1973,226,niños_4_8,baja
1,6,28,2323,248,niños_4_8,baja
1,7,16,2075,192,niños_4_8,baja
2,7,28,2188,246,niños_4_8,baja
1,8,32,1948,251,niños_4_8,baja
1,8,20,2076,159,niños_4_8,baja
2,8,34,2018,232,niños_4_8,baja
2,8,33,2142,251,niños_4_8,baja
1,7,21,2333,224,niños_4_8,baja
1,7,28,2311,158,niños_4_8,baja
2,8,28,2471,232,niños_4_8,baja
2,8,26,2448,215,niños_4_8,baja
2,8,26,2045,203,niños_4_8,baja
1,6,34,1969,103,niños_4_8,baja
1,7,23,2048,186,niños_4_8,baja
1,6,31,1979,233,niños_4_8,baja
1,8,22,2245,198,niños_4_8,baja
2,6,16,2288,211,niños_4_8,baja
1,7,28,1940,111,niños_4_8,baja
2,6,31,2485,183,niños_4_8,baja
2,7,29,1990,236,niños_4_8,baja
2,7,24,2009,224,niños_4_8,baja
2,8,18,2137,164,niños_4_8,baja
1,6,32,2318,229,niños_4_8,baja
1,7,21,2199,103,niños_4_8,baja
2,7,24,2288,146,niños_4_8,baja
1,7,26,1959,152,niños_4_8,baja
2,8,27,2040,109,niños_4_8,baja
2,7,16,2235,202,niños_4_8,baja
1,8,27,2264,235,niños_4_8,baja
1,6,31,2496,262,niños_4_8,baja
2,8,27,2476,236,niños_4_8,baja
2,7,25,2259,252,niños_4_8,baja
2,8,17,2328,232,niños_4_8,baja
1,6,31,2491,248,niños_4_8,baja
2,6,16,2139,206,niños_4_8,baja
2,7,15,2115,114,niños_4_8,baja
2,8,33,2130,265,niños_4_8,baja
2,7,29,2067,149,niños_4_8,baja
2,7,21,2283,238,niños_4_8,baja
2,7,30,2065,137,niños_4_8,baja
1,8,21,2240,199,niños_4_8,baja
1,6,17,2001,209,niños_4_8,baja
1,8,27,2128,134,niños_4_8,baja
1,7,32,2236,230,niños_4_8,baja
1,8,31,2242,210,niños_4_8,baja
2,7,35,2069,220,niños_4_8,baja
1,8,18,2229,135,niños_4_8,baja
1,6,30,2384,229,niños_4_8,baja
1,8,25,2441,246,niños_4_8,baja
2,8,19,2485,176,niños_4_8,baja
1,6,27,2056,148,niños_4_8,baja
1,6,18,2136,218,niños_4_8,baja
2,7,24,2272,101,niños_4_8,baja
2,7,29,2469,240,niños_4_8,baja
2,8,21,2286,152,niños_4_8,baja
2,6,31,2341,141,niños_4_8,baja
1,7,19,2168,119,niños_4_8,baja
1,8,23,2406,108,niños_4_8,baja
2,8,25,2023,245,niños_4_8,baja
1,6,30,2444,236,niños_4_8,baja
2,8,29,2126,142,niños_4_8,baja
1,7,32,2318,225,niños_4_8,baja
2,8,20,2126,265,niños_4_8,baja
2,7,17,2047,141,niños_4_8,baja
1,6,17,2192,251,niños_4_8,baja
2,6,26,2393,246,niños_4_8,baja
2,7,27,2408,142,niños_4_8,baja
2,7,21,1962,146,niños_4_8,baja
2,8,17,2068,245,niños_4_8,baja
1,8,25,2246,139,niños_4_8,baja
2,7,24,2295,137,niños_4_8,baja
2,8,30,2194,176,niños_4_8,baja
1,7,28,2114,137,niños_4_8,baja
1,6,17,2045,149,niños_4_8,baja
1,8,34,2269,167,niños_4_8,baja
1,7,22,2103,226,niños_4_8,baja
2,7,21,2115,256,niños_4_8,baja
2,6,27,2351,117,niños_4_8,baja
2,8,35,2338,238,niños_4_8,baja
1,6,29,2339,145,niños_4_8,baja
1,6,30,2133,103,niños_4_8,baja
2,6,29,1963,154,niños_4_8,baja
1,7,34,2161,244,niños_4_8,baja
2,6,33,2268,236,niños_4_8,baja
2,8,33,1963,203,niños_4_8,baja
1,8,33,1937,196,niños_4_8,baja
2,7,15,2352,257,niños_4_8,baja
1,8,30,2377,181,niños_4_8,baja
2,8,29,2210,246,niños_4_8,baja
1,7,18,2231,122,niños_4_8,baja
2,7,33,2054,131,niños_4_8,baja
2,7,22,2416,186,niños_4_8,baja
2,7,24,2489,220,niños_4_8,baja
2,7,19,2001,253,niños_4_8,baja
2,6,25,2142,116,niños_4_8,baja
2,8,17,2369,171,niños_4_8,baja
1,7,31,2190,195,niños_4_8,baja
1,8,33,2117,175,niños_4_8,baja
1,6,29,2313,233,niños_4_8,baja
2,7,29,2365,139,niños_4_8,baja
1,8,24,2474,104,niños_4_8,baja
2,6,23,2447,129,niños_4_8,baja
1,8,24,2381,138,niños_4_8,baja
1,8,33,1974,168,niños_4_8,baja
2,8,32,2377,163,niños_4_8,baja
2,6,18,2049,206,niños_4_8,baja
1,6,19,2481,143,niños_4_8,baja
2,8,31,2276,221,niños_4_8,baja
2,8,33,2368,118,niños_4_8,baja
2,6,31,1938,146,niños_4_8,baja
1,7,29,2297,172,niños_4_8,baja
2,6,30,1957,223,niños_4_8,baja
2,6,19,2147,207,niños_4_8,baja
2,8,15,2066,209,niños_4_8,baja
2,6,24,2010,210,niños_4_8,baja
1,8,21,1995,259,niños_4_8,baja
1,7,21,2258,121,niños_4_8,baja
1,6,29,2203,211,niños_4_8,baja
1,6,28,2120,170,niños_4_8,baja
1,8,29,2453,245,niños_4_8,baja
1,8,21,2277,207,niños_4_8,baja
2,6,21,2026,212,niños_4_8,baja
1,6,26,2460,114,niños_4_8,baja
1,7,29,2293,211,niños_4_8,baja
2,7,18,2075,192,niños_4_8,baja
1,6,19,2007,254,niños_4_8,baja
1,6,32,2100,203,niños_4_8,baja
2,8,22,2435,202,niños_4_8,baja
1,7,28,2465,212,niños_4_8,baja
1,6,15,2247,113,niños_4_8,baja
1,8,20,2467,189,niños_4_8,baja
1,7,22,2190,187,niños_4_8,baja
1,6,26,2162,199,niños_4_8,baja
2,8,32,2387,161,niños_4_8,baja
2,7,35,2403,209,niños_4_8,baja
1,7,27,2117,213,niños_4_8,baja
2,8,24,2044,167,niños_4_8,baja
2,7,31,2459,148,niños_4_8,baja
1,7,15,2463,109,niños_4_8,baja
1,6,30,2303,240,niños_4_8,baja
2,8,24,2151,131,niños_4_8,baja
1,6,33,2043,126,niños_4_8,baja
1,7,27,2481,194,niños_4_8,baja
2,8,28,2010,243,niños_4_8,baja
2,6,24,2035,254,niños_4_8,baja
2,8,30,2492,111,niños_4_8,baja
1,6,34,2424,231,niños_4_8,baja
1,7,24,2288,171,niños_4_8,baja
1,6,18,2187,210,niños_4_8,baja
1,7,29,1980,168,niños_4_8,baja
2,7,27,2125,152,niños_4_8,baja
1,6,16,2248,147,niños_4_8,baja
1,7,32,2476,185,niños_4_8,baja
1,6,27,2334,233,niños_4_8,baja
1,8,26,2286,247,niños_4_8,baja
2,7,25,2280,218,niños_4_8,baja
2,7,18,2200,244,niños_4_8,baja
1,8,16,1998,120,niños_4_8,baja
1,8,19,2048,196,niños_4_8,baja
2,6,25,2230,148,niños_4_8,baja
1,8,23,2270,158,niños_4_8,baja
1,6,19,2142,261,niños_4_8,baja
2,6,18,2394,106,niños_4_8,baja
2,8,24,2046,231,niños_4_8,baja
2,6,20,1965,219,niños_4_8,baja
1,7,18,2035,258,niños_4_8,baja
2,6,19,2430,127,niños_4_8,baja
1,7,25,1990,171,niños_4_8,baja
1,7,19,2116,216,niños_4_8,baja
1,8,23,2123,163,niños_4_8,baja
1,6,16,2218,188,niños_4_8,baja
1,6,18,2359,204,niños_4_8,baja
2,7,30,1936,106,niños_4_8,baja
1,7,30,2094,175,niños_4_8,baja
1,8,25,1934,259,niños_4_8,baja
2,8,31,2007,146,niños_4_8,baja
1,8,24,2290,150,niños_4_8,baja
2,6,35,2357,189,niños_4_8,baja
1,6,32,2361,138,niños_4_8,baja
1,7,15,2236,238,niños_4_8,baja
2,8,34,2115,251,niños_4_8,baja
1,8,28,2358,195,niños_4_8,baja
2,8,29,2144,140,niños_4_8,baja
2,8,24,2123,250,niños_4_8,baja
2,8,15,2179,235,niños_4_8,baja
2,7,16,2275,198,niños_4_8,baja
2,7,19,2231,127,niños_4_8,baja
2,6,29,2058,111,niños_4_8,baja
1,8,31,2138,163,niños_4_8,baja
2,8,16,2006,218,niños_4_8,baja
1,7,35,1943,174,niños_4_8,baja
1,8,19,2135,183,niños_4_8,baja
2,6,32,2142,154,niños_4_8,baja
2,6,30,1996,228,niños_4_8,baja
1,8,28,1998,242,niños_4_8,baja
2,8,28,2488,262,niños_4_8,baja
2,8,34,2129,184,niños_4_8,baja
1,8,29,2193,256,niños_4_8,baja
2,7,26,1982,115,niños_4_8,baja
1,7,17,2078,145,niños_4_8,baja
1,7,22,1938,252,niños_4_8,baja
2,6,27,2304,191,niños_4_8,baja
2,7,24,2077,248,niños_4_8,baja
2,7,20,2134,195,niños_4_8,baja
1,8,32,2263,263,niños_4_8,baja
1,6,28,2171,219,niños_4_8,baja
1,6,31,2046,195,niños_4_8,baja
2,8,31,2119,192,niños_4_8,baja
1,8,25,2235,234,niños_4_8,baja
2,6,29,2325,201,niños_4_8,baja
2,8,31,2010,136,niños_4_8,baja
2,6,28,2143,150,niños_4_8,baja
1,6,17,2142,199,niños_4_8,baja
1,7,28,2343,110,niños_4_8,baja
1,6,30,2049,158,niños_4_8,baja
2,7,20,2044,122,niños_4_8,baja
2,6,26,2193,213,niños_4_8,baja
1,7,23,2203,261,niños_4_8,baja
1,6,17,2038,209,niños_4_8,baja
1,8,35,2245,136,niños_4_8,baja
1,6,15,2097,233,niños_4_8,baja
2,6,33,2365,240,niños_4_8,baja
1,6,22,2157,124,niños_4_8,baja
1,8,17,2392,175,niños_4_8,baja
1,7,21,2225,163,niños_4_8,baja
1,6,20,2492,217,niños_4_8,baja
2,7,28,2402,120,niños_4_8,baja
1,7,33,1995,225,niños_4_8,baja
1,7,27,2336,131,niños_4_8,baja
2,6,23,2164,222,niños_4_8,baja
2,8,18,2386,125,niños_4_8,baja
2,7,22,2361,166,niños_4_8,baja
1,7,16,2112,199,niños_4_8,baja
2,8,21,1980,146,niños_4_8,baja
2,7,32,2238,179,niños_4_8,baja
2,6,28,2275,201,niños_4_8,baja
1,8,26,2004,260,niños_4_8,baja
2,8,26,2378,207,niños_4_8,baja
1,8,18,2342,246,niños_4_8,baja
2,7,27,2358,122,niños_4_8,baja
1,8,30,1962,129,niños_4_8,baja
1,7,21,2217,143,niños_4_8,baja
1,8,15,2143,129,niños_4_8,baja
1,6,16,1986,266,niños_4_8,baja
1,8,21,2282,234,niños_4_8,baja
1,8,29,2207,201,niños_4_8,baja
2,8,34,2280,187,niños_4_8,baja
1,8,32,2066,112,niños_4_8,baja
1,7,27,2089,147,niños_4_8,baja
2,8,32,2267,195,niños_4_8,baja
2,6,33,2252,191,niños_4_8,baja
1,7,33,1942,193,niños_4_8,baja
2,6,21,1991,139,niños_4_8,baja
1,7,33,2295,190,niños_4_8,baja
1,8,26,2357,236,niños_4_8,baja
1,6,18,2243,200,niños_4_8,baja
2,8,25,2329,218,niños_4_8,baja
1,6,21,2065,256,niños_4_8,baja
1,8,33,2197,215,niños_4_8,baja
1,8,25,2496,193,niños_4_8,baja
2,6,29,2404,258,niños_4_8,baja
1,7,33,2466,124,niños_4_8,baja
2,7,20,2340,159,niños_4_8,baja
2,7,35,2196,210,niños_4_8,baja
2,8,28,1935,216,niños_4_8,baja
2,8,21,2026,223,niños_4_8,baja
1,6,17,1981,244,niños_4_8,baja
2,7,32,2182,124,niños_4_8,baja
2,8,21,2305,114,niños_4_8,baja
2,6,20,2140,189,niños_4_8,baja
2,8,27,2472,152,niños_4_8,baja
1,6,18,2000,231,niños_4_8,baja
1,7,26,2214,148,niños_4_8,baja
1,8,25,2099,260,niños_4_8,baja
2,8,15,2005,129,niños_4_8,baja
1,6,35,2234,142,niños_4_8,baja
1,6,31,2176,204,niños_4_8,baja
1,7,16,2344,180,niños_4_8,baja
2,7,27,2353,258,niños_4_8,baja
1,7,31,2214,206,niños_4_8,baja
1,8,22,2464,216,niños_4_8,baja
1,8,33,2183,241,niños_4_8,baja
2,6,33,2061,239,niños_4_8,baja
1,8,29,2244,182,niños_4_8,baja
1,7,20,2255,134,niños_4_8,baja
1,6,29,2071,151,niños_4_8,baja
1,8,34,2396,260,niños_4_8,baja
1,6,32,2114,213,niños_4_8,baja
1,7,34,1968,120,niños_4_8,baja
2,7,25,2278,119,niños_4_8,baja
2,6,33,1947,151,niños_4_8,baja
2,6,19,2424,124,niños_4_8,baja
1,8,23,2429,113,niños_4_8,baja
2,8,33,2247,166,niños_4_8,baja
1,7,18,2233,153,niños_4_8,baja
2,7,17,2276,143,niños_4_8,baja
1,6,33,2005,245,niños_4_8,baja
2,6,34,2473,241,niños_4_8,baja
1,6,20,2074,198,niños_4_8,baja
1,7,31,2404,164,niños_4_8,baja
1,7,20,2361,229,niños_4_8,baja
2,7,16,1965,258,niños_4_8,baja
1,7,32,2143,147,niños_4_8,baja
2,6,31,2473,140,niños_4_8,baja
1,7,35,2084,119,niños_4_8,baja
2,6,16,2227,112,niños_4_8,baja
1,8,16,2195,168,niños_4_8,baja
2,6,34,2371,123,niños_4_8,baja
2,7,16,2218,210,niños_4_8,baja
1,7,35,2303,193,niños_4_8,baja
2,8,35,2197,133,niños_4_8,baja
1,7,31,2141,255,niños_4_8,baja
2,6,21,1995,131,niños_4_8,baja
1,8,22,2075,182,niños_4_8,baja
1,6,34,2473,261,niños_4_8,baja
1,7,34,2465,166,niños_4_8,baja
1,8,29,2297,172,niños_4_8,baja
2,7,15,2491,139,niños_4_8,baja
2,8,33,2074,255,niños_4_8,baja
1,8,24,2498,186,niños_4_8,baja
1,7,30,2092,214,niños_4_8,baja
2,6,16,2405,188,niños_4_8,baja
1,6,16,2416,265,niños_4_8,baja
1,6,35,2343,236,niños_4_8,baja
2,8,19,1947,251,niños_4_8,baja
1,8,23,2382,260,niños_4_8,baja
1,6,19,2462,134,niños_4_8,baja
1,6,23,1983,155,niños_4_8,baja
1,7,16,1959,124,niños_4_8,baja
2,6,30,2080,249,niños_4_8,baja
2,7,29,2020,125,niños_4_8,baja
2,7,17,1943,250,niños_4_8,baja
1,7,15,2495,102,niños_4_8,baja
1,7,18,2349,211,niños_4_8,baja
1,8,16,2236,185,niños_4_8,baja
2,7,22,2326,198,niños_4_8,baja
2,6,23,2357,134,niños_4_8,baja
1,6,26,2230,194,niños_4_8,baja
2,8,30,1985,244,niños_4_8,baja
1,6,15,2440,101,niños_4_8,baja
1,7,19,2233,256,niños_4_8,baja
2,7,24,2323,260,niños_4_8,baja
2,8,15,2466,117,niños_4_8,baja
1,6,30,2434,219,niños_4_8,baja
2,6,22,2274,248,niños_4_8,baja
2,7,15,2076,155,niños_4_8,baja
2,7,27,2185,165,niños_4_8,baja
2,7,32,2126,201,niños_4_8,baja
1,6,19,2473,230,niños_4_8,baja
2,6,19,2263,169,niños_4_8,baja
1,6,27,2324,196,niños_4_8,baja
1,7,17,2113,189,niños_4_8,baja
2,7,31,2023,226,niños_4_8,baja
1,8,35,2050,185,niños_4_8,baja
2,7,21,2312,188,niños_4_8,baja
1,8,19,2049,129,niños_4_8,baja
1,6,24,2499,169,niños_4_8,baja
1,6,27,2327,121,niños_4_8,baja
1,8,24,2428,135,niños_4_8,baja
2,8,32,2216,133,niños_4_8,baja
2,6,32,2017,250,niños_4_8,baja
2,8,25,2293,165,niños_4_8,baja
1,6,29,2415,205,niños_4_8,baja
1,7,28,2259,191,niños_4_8,baja
2,8,18,2346,264,niños_4_8,baja
2,8,24,1964,262,niños_4_8,baja
1,8,24,2116,261,niños_4_8,baja
1,6,34,2189,181,niños_4_8,baja
1,6,26,2293,144,niños_4_8,baja
2,6,25,2261,139,niños_4_8,baja
1,6,31,2300,140,niños_4_8,baja
1,6,24,2037,195,niños_4_8,baja
1,6,31,2043,266,niños_4_8,baja
1,7,24,2225,260,niños_4_8,baja
2,7,26,2480,150,niños_4_8,baja
2,6,16,2122,187,niños_4_8,baja
1,6,20,2452,129,niños_4_8,baja
1,8,25,2039,187,niños_4_8,baja
1,7,20,2118,177,niños_4_8,baja
2,8,27,2397,182,niños_4_8,baja
2,6,20,2463,221,niños_4_8,baja
2,7,21,2186,163,niños_4_8,baja
1,8,18,2411,254,niños_4_8,baja
2,6,29,2227,227,niños_4_8,baja
2,7,18,2402,155,niños_4_8,baja
2,7,32,2055,260,niños_4_8,baja
1,6,29,1987,169,niños_4_8,baja
2,7,18,2205,211,niños_4_8,baja
1,6,16,2287,108,niños_4_8,baja
1,7,23,1986,245,niños_4_8,baja
2,8,25,2446,144,niños_4_8,baja
1,7,34,2355,140,niños_4_8,baja
2,7,17,1934,181,niños_4_8,baja
1,7,15,2116,198,niños_4_8,baja
1,6,24,2300,161,niños_4_8,baja
2,8,32,1951,175,niños_4_8,baja
1,6,30,2347,236,niños_4_8,baja
2,8,18,1963,232,niños_4_8,baja
2,6,20,1997,118,niños_4_8,baja
2,7,22,1992,149,niños_4_8,baja
1,6,25,2286,227,niños_4_8,baja
2,6,16,2416,182,niños_4_8,baja
2,8,24,2242,205,niños_4_8,baja
2,7,32,2433,200,niños_4_8,baja
2,6,33,2076,215,niños_4_8,baja
2,7,34,2159,108,niños_4_8,baja
1,7,25,1972,203,niños_4_8,baja
1,7,19,1998,136,niños_4_8,baja
1,6,26,2010,237,niños_4_8,baja
2,8,18,2037,180,niños_4_8,baja
1,6,28,2237,105,niños_4_8,baja
1,7,29,2142,246,niños_4_8,baja
1,8,23,1941,135,niños_4_8,baja
2,7,23,2100,151,niños_4_8,baja
1,8,18,2015,180,niños_4_8,baja
2,6,28,2123,183,niños_4_8,baja
2,8,25,2004,235,niños_4_8,baja
1,7,20,2469,193,niños_4_8,baja
1,7,17,2214,229,niños_4_8,baja
1,6,21,2277,127,niños_4_8,baja
2,6,28,1940,119,niños_4_8,baja
2,6,17,2249,171,niños_4_8,baja
1,8,33,1937,250,niños_4_8,baja
1,7,17,2346,247,niños_4_8,baja
1,6,28,2098,163,niños_4_8,baja
2,8,32,2290,223,niños_4_8,baja
2,8,25,2174,211,niños_4_8,baja
2,8,15,2367,257,niños_4_8,baja
2,6,31,1971,212,niños_4_8,baja
2,6,29,2428,221,niños_4_8,baja
2,6,24,2394,263,niños_4_8,baja
2,7,19,2196,192,niños_4_8,baja
1,6,23,2394,145,niños_4_8,baja
1,8,28,2156,119,niños_4_8,baja
1,7,34,1952,189,niños_4_8,baja
1,6,33,2117,159,niños_4_8,baja
2,7,19,2385,212,niños_4_8,baja
1,7,27,2464,172,niños_4_8,baja
1,8,16,1957,244,niños_4_8,baja
2,7,16,2074,192,niños_4_8,baja
2,6,35,2132,123,niños_4_8,baja
1,6,15,2496,201,niños_4_8,baja
1,7,17,2375,166,niños_4_8,baja
2,6,30,2186,188,niños_4_8,baja
1,6,34,2497,196,niños_4_8,baja
1,6,16,2165,241,niños_4_8,baja
2,6,23,2171,141,niños_4_8,baja
2,6,23,2050,184,niños_4_8,baja
1,8,19,2450,240,niños_4_8,baja
2,8,18,2293,260,niños_4_8,baja
1,7,23,1940,256,niños_4_8,baja
2,7,28,2194,164,niños_4_8,baja
1,7,31,2248,263,niños_4_8,baja
1,8,21,2418,248,niños_4_8,baja
1,8,34,2401,220,niños_4_8,baja
2,7,19,2080,198,niños_4_8,baja
2,6,23,2013,116,niños_4_8,baja
1,8,25,2211,174,niños_4_8,baja
1,8,28,2193,203,niños_4_8,baja
2,8,24,2099,172,niños_4_8,baja
1,8,18,2434,145,niños_4_8,baja
1,6,31,2461,264,niños_4_8,baja
1,8,23,2248,221,niños_4_8,baja
1,8,19,2461,126,niños_4_8,baja
1,8,19,1944,193,niños_4_8,baja
2,6,16,2379,241,niños_4_8,baja
2,7,29,2075,236,niños_4_8,baja
1,6,18,2005,266,niños_4_8,baja
1,7,23,2086,162,niños_4_8,baja
1,8,22,2017,242,niños_4_8,baja
1,6,34,2173,108,niños_4_8,baja
1,7,17,2223,206,niños_4_8,baja
2,7,31,2288,246,niños_4_8,baja
2,8,35,2259,251,niños_4_8,baja
2,8,23,2003,127,niños_4_8,baja
1,7,20,2139,153,niños_4_8,baja
2,8,15,2069,179,niños_4_8,baja
1,8,35,2016,163,niños_4_8,baja
1,7,16,2385,253,niños_4_8,baja
1,6,30,2156,223,niños_4_8,baja
2,7,35,1977,234,niños_4_8,baja
2,7,31,1949,183,niños_4_8,baja
1,8,31,1950,234,niños_4_8,baja
2,7,16,2106,256,niños_4_8,baja
2,6,17,2462,120,niños_4_8,baja
2,7,27,2155,162,niños_4_8,baja
1,7,25,2441,114,niños_4_8,baja
1,6,34,2159,192,niños_4_8,baja
1,6,26,2391,112,niños_4_8,baja
2,8,20,2383,217,niños_4_8,baja
1,8,33,2216,237,niños_4_8,baja
1,8,19,2136,123,niños_4_8,baja
2,7,27,1949,138,niños_4_8,baja
2,8,26,2443,171,niños_4_8,baja
1,6,22,2115,133,niños_4_8,baja
2,7,19,2037,183,niños_4_8,baja
1,6,23,2169,185,niños_4_8,baja
1,7,35,2293,254,niños_4_8,baja
1,7,24,1966,250,niños_4_8,baja
2,7,31,1958,118,niños_4_8,baja
1,6,17,2034,174,niños_4_8,baja
2,6,33,2267,136,niños_4_8,baja
1,8,30,2059,116,niños_4_8,baja
1,8,28,2493,243,niños_4_8,baja
2,8,20,2313,228,niños_4_8,baja
1,6,29,2256,105,niños_4_8,baja
2,7,30,2035,208,niños_4_8,baja
2,6,18,2139,214,niños_4_8,baja
2,7,28,2328,172,niños_4_8,baja
2,8,15,2164,227,niños_4_8,baja
1,6,21,2462,148,niños_4_8,baja
1,8,18,2083,227,niños_4_8,baja
1,7,22,2042,216,niños_4_8,baja
2,7,16,1966,227,niños_4_8,baja
1,6,30,2472,131,niños_4_8,baja
2,6,25,2426,148,niños_4_8,baja
1,8,20,2046,173,niños_4_8,baja
2,6,30,2372,183,niños_4_8,baja
2,8,28,2046,208,niños_4_8,baja
2,7,33,2033,257,niños_4_8,baja
2,8,20,2130,201,niños_4_8,baja
2,8,35,2497,148,niños_4_8,baja
1,7,20,2297,141,niños_4_8,baja
2,7,25,2228,192,niños_4_8,baja
1,6,19,2489,231,niños_4_8,baja
2,7,32,2452,144,niños_4_8,baja
1,7,32,2335,214,niños_4_8,baja
1,6,17,2490,134,niños_4_8,baja
2,6,31,2034,153,niños_4_8,baja
2,8,33,1936,161,niños_4_8,baja
1,8,30,2166,242,niños_4_8,baja
2,8,24,2461,222,niños_4_8,baja
1,6,31,2408,113,niños_4_8,baja
2,6,25,2039,220,niños_4_8,baja
2,6,20,2293,178,niños_4_8,baja
1,7,22,2204,264,niños_4_8,baja
2,6,27,2102,164,niños_4_8,baja
1,8,18,2381,231,niños_4_8,baja
2,7,21,2358,253,niños_4_8,baja
2,7,30,2422,256,niños_4_8,baja
2,7,34,2126,193,niños_4_8,baja
2,7,29,2350,119,niños_4_8,baja
2,8,26,2442,157,niños_4_8,baja
1,7,22,2279,197,niños_4_8,baja
1,8,33,2292,255,niños_4_8,baja
1,7,20,2112,177,niños_4_8,baja
2,7,30,2137,240,niños_4_8,baja
2,8,29,2383,105,niños_4_8,baja
1,7,15,2077,110,niños_4_8,baja
1,7,34,2395,256,niños_4_8,baja
1,7,25,2350,231,niños_4_8,baja
2,8,23,2273,135,niños_4_8,baja
1,8,16,2192,139,niños_4_8,baja
2,8,24,2493,162,niños_4_8,baja
1,8,24,1959,116,niños_4_8,baja
1,7,18,2226,258,niños_4_8,baja
2,8,25,1984,249,niños_4_8,baja
2,6,15,2382,148,niños_4_8,baja
1,8,31,2485,144,niños_4_8,baja
2,7,31,2268,143,niños_4_8,baja
2,6,15,2406,208,niños_4_8,baja
2,8,17,2202,265,niños_4_8,baja
2,8,35,2098,223,niños_4_8,baja
2,7,32,2002,129,niños_4_8,baja
2,6,27,2283,140,niños_4_8,baja
2,6,24,2462,219,niños_4_8,baja
2,7,23,2142,260,niños_4_8,baja
1,6,30,2025,259,niños_4_8,baja
2,7,32,2163,145,niños_4_8,baja
2,7,32,2127,229,niños_4_8,baja
1,6,29,2335,263,niños_4_8,baja
2,7,28,2364,100,niños_4_8,baja
1,6,34,2277,189,niños_4_8,baja
2,7,27,2052,159,niños_4_8,baja
1,7,15,2291,101,niños_4_8,baja
1,8,17,2121,232,niños_4_8,baja
1,8,19,2019,131,niños_4_8,baja
1,6,35,2081,253,niños_4_8,baja
2,7,31,2327,123,niños_4_8,baja
1,8,27,2071,105,niños_4_8,baja
1,7,21,2298,230,niños_4_8,baja
1,7,34,2243,241,niños_4_8,baja
1,7,28,2116,147,niños_4_8,baja
2,8,31,2216,116,niños_4_8,baja
2,7,34,2223,160,niños_4_8,baja
2,7,35,1985,117,niños_4_8,baja
2,6,15,2346,137,niños_4_8,baja
1,8,21,2196,126,niños_4_8,baja
2,8,26,2301,210,niños_4_8,baja
1,7,19,2059,206,niños_4_8,baja
1,8,26,2257,123,niños_4_8,baja
2,8,21,2403,160,niños_4_8,baja
2,7,15,2109,238,niños_4_8,baja
2,6,28,2470,153,niños_4_8,baja
2,7,33,1945,220,niños_4_8,baja
1,7,15,2340,202,niños_4_8,baja
1,8,15,2020,235,niños_4_8,baja
2,7,22,1999,173,niños_4_8,baja
2,6,34,1957,143,niños_4_8,baja
1,8,25,1944,262,niños_4_8,baja
1,7,23,2440,181,niños_4_8,baja
2,8,18,2476,164,niños_4_8,baja
2,6,31,1966,241,niños_4_8,baja
1,7,26,2471,194,niños_4_8,baja
1,8,26,1978,101,niños_4_8,baja
2,6,18,2281,127,niños_4_8,baja
2,6,28,2115,177,niños_4_8,baja
2,6,25,2381,192,niños_4_8,baja
1,7,23,1964,152,niños_4_8,baja
2,7,19,2347,139,niños_4_8,baja
2,8,23,2257,181,niños_4_8,baja
1,7,31,2089,210,niños_4_8,baja
2,7,33,2080,222,niños_4_8,baja
1,6,26,2081,229,niños_4_8,baja
1,7,27,1944,226,niños_4_8,baja
2,6,25,1976,214,niños_4_8,baja
2,6,21,2005,263,niños_4_8,baja
1,6,26,2257,107,niños_4_8,baja
1,6,35,2214,173,niños_4_8,baja
1,7,20,2075,221,niños_4_8,baja
2,6,35,2410,223,niños_4_8,baja
2,8,17,2035,107,niños_4_8,baja
1,8,29,2257,113,niños_4_8,baja
2,6,15,2078,138,niños_4_8,baja
1,8,21,1951,131,niños_4_8,baja
1,7,22,2292,112,niños_4_8,baja
1,8,27,2050,167,niños_4_8,baja
2,8,15,2275,207,niños_4_8,baja
1,6,31,2024,134,niños_4_8,baja
1,6,15,2208,258,niños_4_8,baja
2,7,26,2287,115,niños_4_8,baja
1,7,16,2333,214,niños_4_8,baja
2,7,33,2225,167,niños_4_8,baja
1,7,22,1948,266,niños_4_8,baja
1,7,15,2488,133,niños_4_8,baja
1,6,15,2057,189,niños_4_8,baja
1,8,27,2076,127,niños_4_8,baja
2,6,19,2270,217,niños_4_8,baja
1,6,17,2262,170,niños_4_8,baja
1,6,19,2446,139,niños_4_8,baja
1,6,30,2065,215,niños_4_8,baja
2,8,25,2128,219,niños_4_8,baja
1,7,21,2111,205,niños_4_8,baja
2,8,26,2098,106,niños_4_8,baja
1,8,15,2378,148,niños_4_8,baja
2,7,17,2373,217,niños_4_8,baja
1,6,30,2457,153,niños_4_8,baja
1,7,28,2422,162,niños_4_8,baja
1,6,25,2092,138,niños_4_8,baja
1,6,23,2121,181,niños_4_8,baja
1,6,25,2437,210,niños_4_8,baja
1,6,16,2382,111,niños_4_8,baja
2,7,27,2472,168,niños_4_8,baja
1,7,24,2048,182,niños_4_8,baja
1,6,25,2054,232,niños_4_8,baja
1,8,32,2000,252,niños_4_8,baja
2,7,32,2207,225,niños_4_8,baja
2,7,21,2239,227,niños_4_8,baja
1,8,22,2188,216,niños_4_8,baja
2,7,21,1980,131,niños_4_8,baja
2,8,29,2059,172,niños_4_8,baja
1,7,25,2421,193,niños_4_8,baja
2,8,24,2496,259,niños_4_8,baja
2,6,30,2436,189,niños_4_8,baja
2,7,26,2258,232,niños_4_8,baja
1,7,21,2373,130,niños_4_8,baja
2,8,26,2232,172,niños_4_8,baja
1,7,17,2272,167,niños_4_8,baja
2,6,16,2021,188,niños_4_8,baja
1,7,16,2482,133,niños_4_8,baja
1,6,31,2377,189,niños_4_8,baja
2,8,28,2391,103,niños_4_8,baja
1,8,27,1945,150,niños_4_8,baja
2,7,25,2183,183,niños_4_8,baja
1,6,33,2279,101,niños_4_8,baja
1,6,29,1966,248,niños_4_8,baja
2,7,23,2422,214,niños_4_8,baja
2,6,29,2332,253,niños_4_8,baja
1,6,24,2075,144,niños_4_8,baja
2,6,18,1945,200,niños_4_8,baja
1,7,23,2367,167,niños_4_8,baja
1,8,30,2457,131,niños_4_8,baja
1,7,31,2025,131,niños_4_8,baja
2,7,31,1985,131,niños_4_8,baja
2,8,26,2162,190,niños_4_8,baja
2,8,29,2391,233,niños_4_8,baja
2,8,20,2036,104,niños_4_8,baja
2,6,17,2164,240,niños_4_8,baja
1,8,34,2036,148,niños_4_8,baja
1,6,27,2356,230,niños_4_8,baja
1,6,25,2481,258,niños_4_8,baja
2,8,33,2298,234,niños_4_8,baja
2,6,23,2455,228,niños_4_8,baja
2,6,16,2455,261,niños_4_8,baja
1,8,29,2376,213,niños_4_8,baja
2,6,26,1950,237,niños_4_8,baja
2,6,35,2055,163,niños_4_8,baja
1,7,31,1941,233,niños_4_8,baja
1,8,31,2167,206,niños_4_8,baja
2,8,34,2137,218,niños_4_8,baja
2,8,31,2318,205,niños_4_8,baja
1,8,19,1973,133,niños_4_8,baja
2,6,18,1978,222,niños_4_8,baja
1,8,24,2091,241,niños_4_8,baja
2,7,23,2446,201,niños_4_8,baja
2,8,26,2304,175,niños_4_8,baja
2,7,19,1942,166,niños_4_8,baja
2,8,17,2458,209,niños_4_8,baja
1,8,17,2334,249,niños_4_8,baja
2,7,21,2495,118,niños_4_8,baja
1,6,29,2342,198,niños_4_8,baja
2,8,32,2075,174,niños_4_8,baja
2,8,15,2262,120,niños_4_8,baja
1,8,35,2068,187,niños_4_8,baja
1,8,24,2316,156,niños_4_8,baja
1,7,35,2403,199,niños_4_8,baja
2,8,20,2147,190,niños_4_8,baja
1,7,24,2346,126,niños_4_8,baja
1,7,16,1986,252,niños_4_8,baja
1,6,34,2151,151,niños_4_8,baja
2,8,22,1986,178,niños_4_8,baja
2,6,15,2239,117,niños_4_8,baja
2,7,17,1987,145,niños_4_8,baja
2,8,28,2103,198,niños_4_8,baja
1,7,20,2431,102,niños_4_8,baja
2,6,28,1982,223,niños_4_8,baja
1,6,31,2431,229,niños_4_8,baja
2,6,16,2179,153,niños_4_8,baja
2,7,17,2420,143,niños_4_8,baja
2,6,21,2228,255,niños_4_8,baja
2,8,31,2019,150,niños_4_8,baja
1,6,28,1984,214,niños_4_8,baja
2,7,19,1990,140,niños_4_8,baja
2,8,15,2114,259,niños_4_8,baja
2,6,21,2483,159,niños_4_8,baja
2,8,16,2070,132,niños_4_8,baja
1,6,35,2429,114,niños_4_8,baja
2,8,25,2129,250,niños_4_8,baja
1,8,20,2444,187,niños_4_8,baja
1,8,22,2038,207,niños_4_8,baja
1,8,22,2074,207,niños_4_8,baja
2,7,31,2098,158,niños_4_8,baja
2,8,34,1987,170,niños_4_8,baja
1,8,16,2228,165,niños_4_8,baja
1,7,34,2169,131,niños_4_8,baja
2,6,23,1947,243,niños_4_8,baja
2,7,21,2001,221,niños_4_8,baja
2,6,22,1943,209,niños_4_8,baja
2,7,32,2012,170,niños_4_8,baja
2,7,34,2052,225,niños_4_8,baja
1,8,34,2239,117,niños_4_8,baja
2,8,32,2295,160,niños_4_8,baja
2,6,30,2317,234,niños_4_8,baja
2,7,35,1972,256,niños_4_8,baja
2,8,19,1979,223,niños_4_8,baja
1,7,20,2436,202,niños_4_8,baja
1,8,22,2225,207,niños_4_8,baja
2,8,21,2271,153,niños_4_8,baja
2,8,30,2062,153,niños_4_8,baja
1,8,34,2073,191,niños_4_8,baja
1,7,34,2092,150,niños_4_8,baja
2,8,33,2014,186,niños_4_8,baja
2,7,33,1937,187,niños_4_8,baja
2,8,25,2062,198,niños_4_8,baja
2,8,19,2295,153,niños_4_8,baja
2,6,21,1993,117,niños_4_8,baja
1,6,21,1980,101,niños_4_8,baja
1,7,23,1988,203,niños_4_8,baja
1,6,23,1960,186,niños_4_8,baja
2,8,33,2254,107,niños_4_8,baja
2,7,25,2500,160,niños_4_8,baja
1,8,32,1992,260,niños_4_8,baja
1,7,35,2286,209,niños_4_8,baja
1,7,31,2244,152,niños_4_8,baja
2,8,22,2103,211,niños_4_8,baja
2,8,27,2053,130,niños_4_8,baja
2,7,18,2049,222,niños_4_8,baja
1,6,35,2461,264,niños_4_8,baja
1,7,29,2153,235,niños_4_8,baja
2,8,20,1936,167,niños_4_8,baja
2,8,34,2390,128,niños_4_8,baja
1,7,25,2050,199,niños_4_8,baja
2,8,18,2201,266,niños_4_8,baja
2,7,17,2378,217,niños_4_8,baja
2,6,27,2377,240,niños_4_8,baja
1,7,22,2092,156,niños_4_8,baja
2,8,22,2143,169,niños_4_8,baja
2,6,35,2273,173,niños_4_8,baja
2,8,24,2306,162,niños_4_8,baja
2,6,34,1955,247,niños_4_8,baja
1,8,23,2415,119,niños_4_8,baja
2,7,24,2255,154,niños_4_8,baja
1,6,22,2217,183,niños_4_8,baja
2,6,35,1972,149,niños_4_8,baja
1,6,28,1974,256,niños_4_8,baja
2,7,28,2162,209,niños_4_8,baja
1,7,17,2033,135,niños_4_8,baja
2,8,33,2265,174,niños_4_8,baja
2,6,21,2491,102,niños_4_8,baja
2,7,23,2311,112,niños_4_8,baja
2,7,35,2334,266,niños_4_8,baja
1,6,21,1998,229,niños_4_8,baja
2,6,16,1979,184,niños_4_8,baja
2,6,29,2440,180,niños_4_8,baja
2,6,35,2332,183,niños_4_8,baja
1,7,23,2395,201,niños_4_8,baja
1,8,33,2372,218,niños_4_8,baja
1,6,22,2347,175,niños_4_8,baja
2,8,31,2316,171,niños_4_8,baja
1,6,20,2031,114,niños_4_8,baja
2,6,20,2398,178,niños_4_8,baja
2,8,25,2349,158,niños_4_8,baja
1,7,22,2418,140,niños_4_8,baja
1,7,19,2398,188,niños_4_8,baja
2,6,28,2369,262,niños_4_8,baja
2,6,24,2428,144,niños_4_8,baja
1,6,25,2238,109,niños_4_8,baja
2,8,34,1994,240,niños_4_8,baja
1,7,28,2404,137,niños_4_8,baja
2,8,16,2370,109,niños_4_8,baja
1,7,25,2170,222,niños_4_8,baja
1,7,28,2302,217,niños_4_8,baja
1,6,28,2004,143,niños_4_8,baja
1,7,26,2088,207,niños_4_8,baja
2,7,29,2254,245,niños_4_8,baja
2,6,31,2336,257,niños_4_8,baja
2,7,30,2426,132,niños_4_8,baja
1,8,21,2013,201,niños_4_8,baja
2,6,30,2170,160,niños_4_8,baja
1,6,27,2149,233,niños_4_8,baja
2,6,25,2254,127,niños_4_8,baja
1,7,16,2209,235,niños_4_8,baja
2,8,26,2372,154,niños_4_8,baja
2,7,24,2097,210,niños_4_8,baja
1,8,16,1985,159,niños_4_8,baja
1,8,35,2408,258,niños_4_8,baja
1,8,30,2172,152,niños_4_8,baja
2,8,22,2044,160,niños_4_8,baja
1,8,31,2032,232,niños_4_8,baja
2,8,31,2227,144,niños_4_8,baja
1,7,15,2360,121,niños_4_8,baja
2,7,28,2384,215,niños_4_8,baja
1,6,28,2386,237,niños_4_8,baja
2,8,27,2164,215,niños_4_8,baja
1,8,35,2449,192,niños_4_8,baja
1,8,32,2295,168,niños_4_8,baja
2,6,28,2055,185,niños_4_8,baja
1,8,18,2358,264,niños_4_8,baja
1,8,23,2451,169,niños_4_8,baja
1,8,22,1947,252,niños_4_8,baja
1,7,17,2300,114,niños_4_8,baja
1,6,26,2273,262,niños_4_8,baja
1,8,27,2115,154,niños_4_8,baja
1,8,29,2252,126,niños_4_8,baja
1,8,25,2179,100,niños_4_8,baja
1,8,18,1951,120,niños_4_8,baja
2,6,31,2437,223,niños_4_8,baja
2,8,16,2399,165,niños_4_8,baja
2,8,35,2121,163,niños_4_8,baja
1,6,19,2053,192,niños_4_8,baja
1,7,35,1995,177,niños_4_8,baja
1,8,23,2063,182,niños_4_8,baja
1,6,29,2025,186,niños_4_8,baja
1,7,28,2266,178,niños_4_8,baja
2,6,25,2063,258,niños_4_8,baja
1,8,17,2232,262,niños_4_8,baja
2,7,30,1944,227,niños_4_8,baja
2,8,27,2080,160,niños_4_8,baja
1,6,33,2105,231,niños_4_8,baja
1,6,28,2406,141,niños_4_8,baja
2,8,24,2057,237,niños_4_8,baja
1,8,31,2057,224,niños_4_8,baja
1,6,16,2100,138,niños_4_8,baja
2,8,32,2167,134,niños_4_8,baja
2,8,33,2135,143,niños_4_8,baja
1,8,34,2350,248,niños_4_8,baja
2,8,19,2081,118,niños_4_8,baja
1,8,16,2296,111,niños_4_8,baja
2,8,16,1990,171,niños_4_8,baja
2,7,30,2125,255,niños_4_8,baja
2,7,25,2025,121,niños_4_8,baja
2,8,31,2251,248,niños_4_8,baja
1,8,24,2298,110,niños_4_8,baja
2,6,31,2132,148,niños_4_8,baja
1,7,26,1997,115,niños_4_8,baja
1,6,18,2098,197,niños_4_8,baja
2,8,24,2320,236,niños_4_8,baja
2,6,21,1946,108,niños_4_8,baja
2,6,28,2362,120,niños_4_8,baja
2,7,25,2318,211,niños_4_8,baja
2,7,28,2059,162,niños_4_8,baja
2,6,25,2011,228,niños_4_8,baja
1,6,28,2051,150,niños_4_8,baja
2,7,15,2124,144,niños_4_8,baja
1,7,22,2315,231,niños_4_8,baja
1,7,17,2226,227,niños_4_8,baja
2,7,35,2059,110,niños_4_8,baja
2,6,24,1989,189,niños_4_8,baja
2,6,24,2244,149,niños_4_8,baja
1,8,17,1966,185,niños_4_8,baja
2,7,28,2216,167,niños_4_8,baja
1,7,33,2171,173,niños_4_8,baja
1,8,25,2244,264,niños_4_8,baja
2,6,18,2184,208,niños_4_8,baja
2,7,22,1950,223,niños_4_8,baja
2,6,33,2283,118,niños_4_8,baja
1,6,15,2424,190,niños_4_8,baja
2,7,32,2276,222,niños_4_8,baja
1,6,15,2378,160,niños_4_8,baja
2,7,30,2297,209,niños_4_8,baja
1,6,23,2156,114,niños_4_8,baja
1,8,22,2104,153,niños_4_8,baja
2,6,18,2348,266,niños_4_8,baja
2,7,33,2060,201,niños_4_8,baja
2,7,31,2215,163,niños_4_8,baja
1,6,16,1955,238,niños_4_8,baja
1,8,34,1978,239,niños_4_8,baja
2,7,25,1937,242,niños_4_8,baja
1,7,24,2413,112,niños_4_8,baja
2,7,31,2150,157,niños_4_8,baja
2,6,33,2397,139,niños_4_8,baja
2,7,15,2351,131,niños_4_8,baja
1,8,17,2351,142,niños_4_8,baja
2,6,24,2066,202,niños_4_8,baja
1,8,16,2142,170,niños_4_8,baja
1,8,29,2420,142,niños_4_8,baja
2,8,24,2017,102,niños_4_8,baja
2,8,32,2392,166,niños_4_8,baja
1,6,25,2113,194,niños_4_8,baja
2,8,21,2291,141,niños_4_8,baja
2,7,30,2410,202,niños_4_8,baja
2,6,26,2370,203,niños_4_8,baja
2,7,35,2083,143,niños_4_8,baja
1,6,30,2172,258,niños_4_8,baja
1,8,20,1969,163,niños_4_8,baja
1,7,26,2050,201,niños_4_8,baja
1,6,16,2123,243,niños_4_8,baja
2,7,30,2210,220,niños_4_8,baja
2,6,18,2214,145,niños_4_8,baja
1,6,34,2183,156,niños_4_8,baja
1,6,16,2466,165,niños_4_8,baja
1,6,35,2155,155,niños_4_8,baja
1,6,33,2177,188,niños_4_8,baja
1,8,30,2382,212,niños_4_8,baja
2,7,16,2276,206,niños_4_8,baja
1,6,23,2251,101,niños_4_8,baja
2,7,32,2028,214,niños_4_8,baja
2,8,27,2409,139,niños_4_8,baja
2,7,26,2361,189,niños_4_8,baja
2,7,19,2310,260,niños_4_8,baja
1,6,20,2322,132,niños_4_8,baja
1,7,35,2135,254,niños_4_8,baja
1,8,17,2271,167,niños_4_8,baja
1,8,26,2431,229,niños_4_8,baja
1,6,27,2307,203,niños_4_8,baja
1,8,35,2374,218,niños_4_8,baja
2,8,33,2363,203,niños_4_8,baja
2,6,26,2171,182,niños_4_8,baja
2,7,34,2308,134,niños_4_8,baja
2,6,33,2291,159,niños_4_8,baja
1,8,33,1975,253,niños_4_8,baja
2,6,21,2031,107,niños_4_8,baja
2,7,34,2300,247,niños_4_8,baja
1,8,26,2228,102,niños_4_8,baja
1,6,23,2472,206,niños_4_8,baja
1,6,17,2211,135,niños_4_8,baja
1,8,22,1961,256,niños_4_8,baja
2,6,29,2433,196,niños_4_8,baja
2,8,15,2192,112,niños_4_8,baja
2,7,29,2188,259,niños_4_8,baja
2,6,20,2412,135,niños_4_8,baja
1,6,35,2466,134,niños_4_8,baja
1,6,17,2069,244,niños_4_8,baja
2,6,15,2428,131,niños_4_8,baja
1,7,25,1996,203,niños_4_8,baja
1,8,30,2058,115,niños_4_8,baja
2,7,15,2458,183,niños_4_8,baja
2,7,32,2134,143,niños_4_8,baja
1,6,29,2193,138,niños_4_8,baja
1,6,22,2179,204,niños_4_8,baja
1,7,25,2276,251,niños_4_8,baja
2,8,26,2320,208,niños_4_8,baja
1,8,16,1997,165,niños_4_8,baja
2,6,21,1934,235,niños_4_8,baja
2,7,30,2229,217,niños_4_8,baja
2,7,17,2321,190,niños_4_8,baja
1,6,20,1954,120,niños_4_8,baja
2,8,22,1944,195,niños_4_8,baja
2,6,22,2112,212,niños_4_8,baja
1,6,35,2333,266,niños_4_8,baja
1,8,31,2446,245,niños_4_8,baja
2,8,17,2494,169,niños_4_8,baja
1,8,15,2174,164,niños_4_8,baja
1,6,28,2103,119,niños_4_8,baja
2,8,22,2203,145,niños_4_8,baja
1,6,27,2175,151,niños_4_8,baja
1,7,27,2310,119,niños_4_8,baja
2,8,34,2313,194,niños_4_8,baja
1,8,21,2006,188,niños_4_8,baja
1,6,26,2013,228,niños_4_8,baja
1,7,16,2094,227,niños_4_8,baja
1,6,21,2484,184,niños_4_8,baja
1,7,32,1966,173,niños_4_8,baja
1,8,18,2246,184,niños_4_8,baja
1,6,32,2110,198,niños_4_8,baja
2,8,30,2403,120,niños_4_8,baja
2,6,29,2237,106,niños_4_8,baja
1,8,16,2469,111,niños_4_8,baja
1,7,17,2079,225,niños_4_8,baja
2,6,27,2190,201,niños_4_8,baja
1,7,29,2156,230,niños_4_8,baja
2,8,26,2132,123,niños_4_8,baja
2,8,17,2441,161,niños_4_8,baja
2,7,15,2014,112,niños_4_8,baja
1,6,28,2104,151,niños_4_8,baja
1,6,26,2223,227,niños_4_8,baja
1,6,30,2344,243,niños_4_8,baja
1,6,18,2064,253,niños_4_8,baja
1,6,20,2294,219,niños_4_8,baja
1,8,26,2011,164,niños_4_8,baja
2,6,18,2047,189,niños_4_8,baja
2,8,20,2299,152,niños_4_8,baja
2,6,15,1959,103,niños_4_8,baja
2,7,35,2317,104,niños_4_8,baja
1,8,17,1955,257,niños_4_8,baja
1,6,24,2424,183,niños_4_8,baja
2,8,32,2337,158,niños_4_8,baja
1,7,17,2416,212,niños_4_8,baja
2,8,32,2426,170,niños_4_8,baja
1,7,17,1995,178,niños_4_8,baja
1,8,17,2220,234,niños_4_8,baja
1,7,20,2110,201,niños_4_8,baja
2,8,21,2175,213,niños_4_8,baja
1,8,27,2081,230,niños_4_8,baja
1,6,15,2456,185,niños_4_8,baja
2,8,17,2058,204,niños_4_8,baja
1,8,24,1985,141,niños_4_8,baja
2,7,20,2492,124,niños_4_8,baja
1,7,33,2340,172,niños_4_8,baja
1,8,16,2022,254,niños_4_8,baja
1,6,19,2020,188,niños_4_8,baja
2,7,31,2086,116,niños_4_8,baja
1,7,29,2425,158,niños_4_8,baja
1,6,23,2214,227,niños_4_8,baja
1,7,17,2461,215,niños_4_8,baja
1,8,26,2105,205,niños_4_8,baja
1,8,27,2422,201,niños_4_8,baja
1,8,18,2387,151,niños_4_8,baja
2,7,26,2098,246,niños_4_8,baja
2,6,29,2057,229,niños_4_8,baja
2,6,28,2089,165,niños_4_8,baja
1,6,34,2044,162,niños_4_8,baja
1,7,15,2183,264,niños_4_8,baja
1,8,19,2270,234,niños_4_8,baja
1,8,16,1944,255,niños_4_8,baja
2,6,35,2225,243,niños_4_8,baja
1,8,27,2383,231,niños_4_8,baja
1,7,27,2293,242,niños_4_8,baja
2,6,15,2419,197,niños_4_8,baja
1,8,18,2275,264,niños_4_8,baja
2,8,22,2081,140,niños_4_8,baja
2,6,29,2295,259,niños_4_8,baja
1,8,29,2339,250,niños_4_8,baja
2,8,18,2323,150,niños_4_8,baja
2,8,19,2397,182,niños_4_8,baja
2,8,23,2235,208,niños_4_8,baja
2,7,24,2212,265,niños_4_8,baja
2,6,19,2182,255,niños_4_8,baja
1,6,34,2375,252,niños_4_8,baja
1,6,19,2015,201,niños_4_8,baja
2,6,16,2124,143,niños_4_8,baja
2,7,32,2229,212,niños_4_8,baja
1,6,25,2337,216,niños_4_8,baja
2,7,27,2404,104,niños_4_8,baja
2,6,26,2203,165,niños_4_8,baja
1,8,34,2030,196,niños_4_8,baja
2,8,24,2483,141,niños_4_8,baja
1,7,24,1943,197,niños_4_8,baja
1,7,17,2055,177,niños_4_8,baja
1,8,28,2301,147,niños_4_8,baja
2,7,28,2060,245,niños_4_8,baja
2,8,15,2432,252,niños_4_8,baja
1,7,26,2418,198,niños_4_8,baja
1,6,35,1950,219,niños_4_8,baja
1,6,25,2211,262,niños_4_8,baja
1,7,31,1976,265,niños_4_8,baja
1,8,15,2469,219,niños_4_8,baja
1,6,29,2155,243,niños_4_8,baja
2,6,21,2267,234,niños_4_8,baja
2,6,34,2403,118,niños_4_8,baja
1,6,27,2260,156,niños_4_8,baja
1,7,16,2459,165,niños_4_8,baja
1,7,26,2108,203,niños_4_8,baja
2,8,29,2007,203,niños_4_8,baja
1,6,16,2344,255,niños_4_8,baja
1,8,29,2441,168,niños_4_8,baja
1,6,31,2414,216,niños_4_8,baja
1,6,27,2123,229,niños_4_8,baja
2,8,34,2455,209,niños_4_8,baja
2,6,20,2091,140,niños_4_8,baja
1,7,35,2392,200,niños_4_8,baja
1,8,22,2288,223,niños_4_8,baja
1,8,17,1994,213,niños_4_8,baja
2,6,18,2325,206,niños_4_8,baja
2,8,34,2360,249,niños_4_8,baja
1,7,31,2183,150,niños_4_8,baja
1,8,20,2110,232,niños_4_8,baja
1,8,21,2237,139,niños_4_8,baja
1,6,29,2473,158,niños_4_8,baja
2,8,33,2361,104,niños_4_8,baja
1,7,18,2113,143,niños_4_8,baja
2,6,24,2116,206,niños_4_8,baja
2,6,24,2193,132,niños_4_8,baja
2,7,16,1954,128,niños_4_8,baja
1,7,22,2379,162,niños_4_8,baja
2,7,23,2029,172,niños_4_8,baja
1,6,18,2232,111,niños_4_8,baja
2,7,20,2323,236,niños_4_8,baja
2,6,25,2224,220,niños_4_8,baja
1,6,22,2463,235,niños_4_8,baja
1,6,32,2461,179,niños_4_8,baja
2,8,28,2228,152,niños_4_8,baja
1,7,26,2119,245,niños_4_8,baja
1,8,32,2332,144,niños_4_8,baja
2,8,23,2268,202,niños_4_8,baja
2,7,17,2349,101,niños_4_8,baja
1,6,22,2286,126,niños_4_8,baja
2,6,32,2051,107,niños_4_8,baja
1,8,34,2292,200,niños_4_8,baja
2,6,20,2184,215,niños_4_8,baja
1,8,15,1990,242,niños_4_8,baja
1,7,23,2217,168,niños_4_8,baja
2,6,23,2286,128,niños_4_8,baja
2,8,29,2099,176,niños_4_8,baja
2,6,33,2243,199,niños_4_8,baja
1,7,27,2180,196,niños_4_8,baja
2,6,29,2487,210,niños_4_8,baja
2,7,25,1990,151,niños_4_8,baja
1,7,23,2411,102,niños_4_8,baja
1,8,20,2330,144,niños_4_8,baja
1,7,26,2261,228,niños_4_8,baja
1,7,16,2356,105,niños_4_8,baja
2,8,20,2246,125,niños_4_8,baja
2,7,25,2441,250,niños_4_8,baja
1,8,28,2473,229,niños_4_8,baja
2,7,21,2294,154,niños_4_8,baja
1,8,33,2280,192,niños_4_8,baja
1,6,17,2054,237,niños_4_8,baja
1,7,32,1965,238,niños_4_8,baja
1,8,22,2327,142,niños_4_8,baja
2,6,17,2335,169,niños_4_8,baja
2,8,22,2371,233,niños_4_8,baja
2,6,33,2257,265,niños_4_8,baja
2,8,15,2236,257,niños_4_8,baja
1,7,25,2058,119,niños_4_8,baja
1,8,33,2262,191,niños_4_8,baja
2,8,18,2129,163,niños_4_8,baja
1,7,26,2159,211,niños_4_8,baja
2,7,35,2104,123,niños_4_8,baja
1,8,19,2241,133,niños_4_8,baja
1,6,33,2042,196,niños_4_8,baja
1,6,25,2032,223,niños_4_8,baja
1,6,22,2102,184,niños_4_8,baja
2,6,23,2038,105,niños_4_8,baja
1,8,34,2222,214,niños_4_8,baja
2,8,34,2306,154,niños_4_8,baja
1,7,29,2041,111,niños_4_8,baja
1,6,20,2212,251,niños_4_8,baja
2,7,15,2188,103,niños_4_8,baja
2,8,23,2032,218,niños_4_8,baja
2,7,18,2014,240,niños_4_8,baja
1,7,17,2044,227,niños_4_8,baja
2,8,33,2123,146,niños_4_8,baja
1,8,28,1997,181,niños_4_8,baja
1,6,15,2052,243,niños_4_8,baja
1,8,17,2107,192,niños_4_8,baja
1,6,25,2111,148,niños_4_8,baja
1,6,16,2225,139,niños_4_8,baja
1,7,30,2304,209,niños_4_8,baja
2,7,27,2355,106,niños_4_8,baja
2,8,18,1975,151,niños_4_8,baja
2,8,32,2405,176,niños_4_8,baja
2,6,23,2280,108,niños_4_8,baja
1,8,23,2393,212,niños_4_8,baja
2,7,16,2107,123,niños_4_8,baja
1,8,28,2235,107,niños_4_8,baja
1,6,20,2427,223,niños_4_8,baja
1,6,18,2137,233,niños_4_8,baja
2,7,27,2166,178,niños_4_8,baja
2,7,35,2488,197,niños_4_8,baja
1,7,27,2497,151,niños_4_8,baja
2,6,16,1975,172,niños_4_8,baja
2,8,28,2342,142,niños_4_8,baja
1,7,34,2230,111,niños_4_8,baja
1,6,32,2264,134,niños_4_8,baja
2,8,24,2435,222,niños_4_8,baja
1,7,17,1965,236,niños_4_8,baja
2,8,25,2236,249,niños_4_8,baja
2,6,31,2130,229,niños_4_8,baja
1,7,27,2498,241,niños_4_8,baja
1,7,32,1998,172,niños_4_8,baja
2,6,28,1996,232,niños_4_8,baja
2,7,22,2494,124,niños_4_8,baja
1,7,26,1955,144,niños_4_8,baja
1,7,16,2491,203,niños_4_8,baja
1,8,23,2441,138,niños_4_8,baja
2,7,16,2051,226,niños_4_8,baja
2,7,23,2256,166,niños_4_8,baja
2,6,23,2331,237,niños_4_8,baja
1,7,28,2036,125,niños_4_8,baja
1,7,17,2032,175,niños_4_8,baja
2,7,25,2137,177,niños_4_8,baja
2,6,29,1972,167,niños_4_8,baja
1,6,17,2320,110,niños_4_8,baja
1,7,23,2060,245,niños_4_8,baja
1,6,29,2183,121,niños_4_8,baja
1,6,29,2322,231,niños_4_8,baja
2,7,32,2214,219,niños_4_8,baja
1,8,31,2091,107,niños_4_8,baja
2,8,32,2197,196,niños_4_8,baja
2,7,16,2349,179,niños_4_8,baja
1,8,25,2116,138,niños_4_8,baja
2,8,16,2161,172,niños_4_8,baja
2,6,27,1964,262,niños_4_8,baja
2,6,18,2143,190,niños_4_8,baja
2,8,29,2270,213,niños_4_8,baja
1,6,21,2113,216,niños_4_8,baja
1,7,22,2392,148,niños_4_8,baja
2,8,23,2419,122,niños_4_8,baja
2,8,31,2070,212,niños_4_8,baja
2,6,27,2348,110,niños_4_8,baja
2,8,28,2289,199,niños_4_8,baja
2,6,26,2075,250,niños_4_8,baja
1,8,30,2213,235,niños_4_8,baja
1,7,21,2132,121,niños_4_8,baja
1,7,30,2453,183,niños_4_8,baja
2,6,22,2199,180,niños_4_8,baja
2,6,29,2273,195,niños_4_8,baja
1,6,15,2188,257,niños_4_8,baja
2,7,24,2372,249,niños_4_8,baja
2,7,25,2289,121,niños_4_8,baja
1,7,22,2039,187,niños_4_8,baja
2,8,31,2203,139,niños_4_8,baja
2,7,15,2164,115,niños_4_8,baja
2,6,31,2496,238,niños_4_8,baja
2,6,27,2040,101,niños_4_8,baja
2,7,25,2350,144,niños_4_8,baja
2,7,33,2169,154,niños_4_8,baja
2,8,16,2320,194,niños_4_8,baja
2,8,34,1989,193,niños_4_8,baja
1,6,24,1955,166,niños_4_8,baja
2,6,35,2439,182,niños_4_8,baja
2,6,30,1957,187,niños_4_8,baja
1,8,17,1980,191,niños_4_8,baja
1,8,24,2094,212,niños_4_8,baja
2,7,21,2454,167,niños_4_8,baja
2,7,16,2080,230,niños_4_8,baja
2,8,18,2313,242,niños_4_8,baja
2,7,23,2125,152,niños_4_8,baja
2,6,18,2223,144,niños_4_8,baja
1,8,23,2219,261,niños_4_8,baja
2,6,32,2125,125,niños_4_8,baja
2,7,27,2416,263,niños_4_8,baja
2,6,25,2448,144,niños_4_8,baja
1,8,28,2093,154,niños_4_8,baja
2,6,22,2191,256,niños_4_8,baja
2,7,20,2105,197,niños_4_8,baja
2,8,15,2360,224,niños_4_8,baja
1,6,27,1952,226,niños_4_8,baja
2,8,23,2492,101,niños_4_8,baja
2,7,17,2100,159,niños_4_8,baja
1,8,25,1967,221,niños_4_8,baja
2,7,26,2179,242,niños_4_8,baja
2,6,22,2104,166,niños_4_8,baja
2,6,24,2233,211,niños_4_8,baja
2,6,25,2010,266,niños_4_8,baja
1,6,32,2047,134,niños_4_8,baja
2,6,33,2257,194,niños_4_8,baja
2,8,27,1950,219,niños_4_8,baja
1,8,32,2326,202,niños_4_8,baja
1,8,30,1946,197,niños_4_8,baja
1,6,23,2160,151,niños_4_8,baja
2,6,29,2029,202,niños_4_8,baja
2,6,33,2143,209,niños_4_8,baja
2,8,26,2021,228,niños_4_8,baja
2,7,31,2211,103,niños_4_8,baja
1,6,25,2133,163,niños_4_8,baja
1,6,24,2282,219,niños_4_8,baja
1,8,15,2289,126,niños_4_8,baja
2,6,28,2257,197,niños_4_8,baja
2,7,17,2358,100,niños_4_8,baja
1,6,28,2384,227,niños_4_8,baja
1,8,23,2395,103,niños_4_8,baja
2,6,27,2161,131,niños_4_8,baja
1,6,26,2463,154,niños_4_8,baja
2,6,17,2260,172,niños_4_8,baja
2,6,18,1990,257,niños_4_8,baja
1,8,35,2317,163,niños_4_8,baja
2,6,31,2427,240,niños_4_8,baja
1,8,26,2129,202,niños_4_8,baja
2,6,18,1992,157,niños_4_8,baja
2,6,27,2454,179,niños_4_8,baja
1,8,15,2251,229,niños_4_8,baja
1,8,27,2079,134,niños_4_8,baja
1,7,26,2148,213,niños_4_8,baja
2,6,18,1965,108,niños_4_8,baja
2,6,25,2294,230,niños_4_8,baja
1,6,16,2432,242,niños_4_8,baja
2,8,30,2277,196,niños_4_8,baja
2,6,32,2124,191,niños_4_8,baja
2,7,33,2161,207,niños_4_8,baja
1,6,28,2010,209,niños_4_8,baja
1,6,27,2196,228,niños_4_8,baja
2,7,19,2157,155,niños_4_8,baja
1,7,23,2157,234,niños_4_8,baja
2,6,19,1962,127,niños_4_8,baja
1,8,23,2328,125,niños_4_8,baja
1,6,17,1966,105,niños_4_8,baja
2,8,17,2444,250,niños_4_8,baja
1,7,21,1974,212,niños_4_8,baja
1,6,24,1944,234,niños_4_8,baja
2,7,29,2320,128,niños_4_8,baja
2,7,22,2361,238,niños_4_8,baja
2,8,21,2278,123,niños_4_8,baja
2,8,15,2318,156,niños_4_8,baja
1,6,29,2324,237,niños_4_8,baja
2,8,23,2198,150,niños_4_8,baja
2,8,35,2051,213,niños_4_8,baja
1,7,23,2300,263,niños_4_8,baja
2,6,35,2345,263,niños_4_8,baja
2,8,22,2349,157,niños_4_8,baja
2,7,22,1979,136,niños_4_8,baja
2,6,31,2232,250,niños_4_8,baja
2,7,31,2297,156,niños_4_8,baja
1,6,23,2034,104,niños_4_8,baja
2,6,24,2236,123,niños_4_8,baja
1,7,18,2290,190,niños_4_8,baja
1,6,19,2305,162,niños_4_8,baja
1,8,20,2450,128,niños_4_8,baja
2,8,29,2206,238,niños_4_8,baja
1,7,31,2421,107,niños_4_8,baja
1,8,28,2224,151,niños_4_8,baja
1,6,26,2227,149,niños_4_8,baja
1,8,29,2266,201,niños_4_8,baja
1,6,24,1972,257,niños_4_8,baja
1,7,30,2181,263,niños_4_8,baja
1,6,18,2320,138,niños_4_8,baja
1,6,16,2237,191,niños_4_8,baja
2,6,28,2311,257,niños_4_8,baja
1,8,28,2272,261,niños_4_8,baja
2,6,29,2080,127,niños_4_8,baja
1,7,16,2063,213,niños_4_8,baja
2,7,33,2424,266,niños_4_8,baja
1,7,29,1978,130,niños_4_8,baja
2,8,23,2131,134,niños_4_8,baja
2,7,21,2250,125,niños_4_8,baja
1,6,26,1949,197,niños_4_8,baja
1,6,24,2437,164,niños_4_8,baja
2,6,34,2293,135,niños_4_8,baja
1,7,35,2210,155,niños_4_8,baja
2,7,15,2050,244,niños_4_8,baja
2,8,21,2079,136,niños_4_8,baja
2,8,25,2357,262,niños_4_8,baja
2,6,22,2203,196,niños_4_8,baja
1,7,30,2127,195,niños_4_8,baja
1,6,28,2261,105,niños_4_8,baja
2,6,18,2195,188,niños_4_8,baja
1,7,26,1951,248,niños_4_8,baja
1,7,31,2379,124,niños_4_8,baja
1,7,29,2237,151,niños_4_8,baja
1,6,33,2376,245,niños_4_8,baja
1,7,31,2004,246,niños_4_8,baja
2,7,31,2131,257,niños_4_8,baja
1,6,27,1964,125,niños_4_8,baja
1,7,17,2216,121,niños_4_8,baja
1,6,24,2340,228,niños_4_8,baja
2,8,31,1998,117,niños_4_8,baja
2,7,29,2325,126,niños_4_8,baja
2,7,31,2335,177,niños_4_8,baja
2,6,31,2376,141,niños_4_8,baja
2,6,33,2101,122,niños_4_8,baja
2,8,28,2436,135,niños_4_8,baja
1,7,18,2454,224,niños_4_8,baja
1,6,33,2059,264,niños_4_8,baja
2,7,35,2046,241,niños_4_8,baja
1,8,34,1934,247,niños_4_8,baja
2,8,31,2424,112,niños_4_8,baja
1,8,24,2171,201,niños_4_8,baja
1,6,15,2043,157,niños_4_8,baja
2,7,18,2484,140,niños_4_8,baja
2,7,33,2137,246,niños_4_8,baja
1,7,15,2409,165,niños_4_8,baja
1,6,20,2224,134,niños_4_8,baja
2,6,22,2134,199,niños_4_8,baja
1,8,30,2417,143,niños_4_8,baja
1,8,28,1960,121,niños_4_8,baja
1,8,18,2076,221,niños_4_8,baja
1,6,26,2109,165,niños_4_8,baja
2,8,23,2008,195,niños_4_8,baja
2,8,20,2231,239,niños_4_8,baja
2,6,25,2356,261,niños_4_8,baja
2,8,20,2141,120,niños_4_8,baja
1,6,19,2384,143,niños_4_8,baja
2,7,20,1944,203,niños_4_8,baja
2,8,26,2201,163,niños_4_8,baja
1,7,20,2001,226,niños_4_8,baja
2,8,34,2221,198,niños_4_8,baja
2,7,24,2274,140,niños_4_8,baja
2,6,31,2468,173,niños_4_8,baja
1,7,17,2283,170,niños_4_8,baja
2,6,31,2200,249,niños_4_8,baja
2,6,33,2068,150,niños_4_8,baja
2,7,28,2359,172,niños_4_8,baja
1,7,22,2492,126,niños_4_8,baja
1,6,24,2350,130,niños_4_8,baja
1,7,16,2243,153,niños_4_8,baja
1,8,20,2033,245,niños_4_8,baja
2,6,25,2451,225,niños_4_8,baja
1,8,26,2086,252,niños_4_8,baja
1,8,24,1973,234,niños_4_8,baja
2,7,31,2380,137,niños_4_8,baja
1,6,17,2186,123,niños_4_8,baja
2,7,34,2154,264,niños_4_8,baja
2,8,24,2062,261,niños_4_8,baja
1,8,34,2054,106,niños_4_8,baja
1,6,28,1964,128,niños_4_8,baja
1,6,31,2329,185,niños_4_8,baja
2,8,28,2248,100,niños_4_8,baja
2,6,31,2117,148,niños_4_8,baja
2,8,18,2490,170,niños_4_8,baja
2,8,23,1935,177,niños_4_8,baja
1,6,32,2175,131,niños_4_8,baja
2,7,21,2138,155,niños_4_8,baja
2,6,31,2358,258,niños_4_8,baja
2,8,31,2406,207,niños_4_8,baja
2,7,15,2375,132,niños_4_8,baja
1,7,26,2437,170,niños_4_8,baja
2,8,18,2375,215,niños_4_8,baja
2,8,15,2065,255,niños_4_8,baja
1,8,21,2197,205,niños_4_8,baja
2,6,26,2169,203,niños_4_8,baja
1,6,23,2069,197,niños_4_8,baja
1,6,20,1969,186,niños_4_8,baja
1,7,29,2090,260,niños_4_8,baja
2,6,32,2220,133,niños_4_8,baja
2,6,31,2123,100,niños_4_8,baja
1,8,20,1951,234,niños_4_8,baja
1,8,29,2037,249,niños_4_8,baja
2,7,31,2253,137,niños_4_8,baja
1,8,26,2160,253,niños_4_8,baja
2,8,16,2127,154,niños_4_8,baja
2,8,31,2194,229,niños_4_8,baja
2,6,30,2018,149,niños_4_8,baja
1,6,17,2007,179,niños_4_8,baja
2,7,25,2292,145,niños_4_8,baja
1,6,33,2388,266,niños_4_8,baja
1,7,28,2185,155,niños_4_8,baja
1,6,21,2461,254,niños_4_8,baja
1,7,34,1968,214,niños_4_8,baja
1,8,29,2292,159,niños_4_8,baja
2,7,23,2336,217,niños_4_8,baja
2,8,17,2216,201,niños_4_8,baja
2,8,29,2226,243,niños_4_8,baja
1,8,24,2032,124,niños_4_8,baja
1,8,30,2015,240,niños_4_8,baja
1,8,25,2053,262,niños_4_8,baja
1,6,23,2351,234,niños_4_8,baja
2,6,26,1945,241,niños_4_8,baja
2,8,32,2408,215,niños_4_8,baja
2,7,20,1993,163,niños_4_8,baja
2,6,18,2349,116,niños_4_8,baja
1,8,31,2245,104,niños_4_8,baja
2,8,31,2425,253,niños_4_8,baja
2,6,20,1963,243,niños_4_8,baja
2,7,24,2090,111,niños_4_8,baja
2,6,23,2444,137,niños_4_8,baja
1,8,22,2424,184,niños_4_8,baja
1,7,31,2066,144,niños_4_8,baja
1,6,31,2465,106,niños_4_8,baja
1,6,23,2314,262,niños_4_8,baja
1,8,18,2028,242,niños_4_8,baja
2,8,34,2078,265,niños_4_8,baja
1,7,21,2274,236,niños_4_8,baja
1,8,27,2231,195,niños_4_8,baja
2,6,25,2444,196,niños_4_8,baja
1,6,19,1960,219,niños_4_8,baja
1,6,21,2041,254,niños_4_8,baja
1,7,20,2067,145,niños_4_8,baja
2,6,17,1986,260,niños_4_8,baja
1,6,28,2355,196,niños_4_8,baja
1,8,15,2320,167,niños_4_8,baja
2,7,18,2467,249,niños_4_8,baja
1,7,30,2062,152,niños_4_8,baja
1,8,19,2472,224,niños_4_8,baja
2,8,17,2420,261,niños_4_8,baja
2,6,26,2278,217,niños_4_8,baja
1,7,17,2364,257,niños_4_8,baja
1,7,29,1974,170,niños_4_8,baja
1,7,32,2077,228,niños_4_8,baja
1,7,33,1946,245,niños_4_8,baja
1,6,29,2237,187,niños_4_8,baja
1,7,30,1993,188,niños_4_8,baja
2,7,24,2324,247,niños_4_8,baja
1,6,32,2096,150,niños_4_8,baja
1,7,24,2081,150,niños_4_8,baja
2,7,23,1983,266,niños_4_8,baja
2,6,35,2136,202,niños_4_8,baja
2,8,29,2317,111,niños_4_8,baja
1,8,20,2268,154,niños_4_8,baja
2,7,30,2316,184,niños_4_8,baja
2,8,31,2465,116,niños_4_8,baja
2,7,29,2250,217,niños_4_8,baja
1,8,20,2266,167,niños_4_8,baja
1,8,28,2431,174,niños_4_8,baja
1,7,28,2032,221,niños_4_8,baja
2,8,25,2475,103,niños_4_8,baja
1,8,29,2092,240,niños_4_8,baja
1,8,29,2109,176,niños_4_8,baja
1,7,26,2053,130,niños_4_8,baja
1,6,31,2266,158,niños_4_8,baja
2,8,28,2021,228,niños_4_8,baja
4,5,42,1452,307,niños_4_8,media
5,4,40,1497,421,niños_4_8,media
2,6,39,1593,343,niños_4_8,media
2,5,55,1783,407,niños_4_8,media
2,4,51,1430,426,niños_4_8,media
3,4,46,1885,312,niños_4_8,media
5,6,37,1824,410,niños_4_8,media
5,4,47,1414,283,niños_4_8,media
4,6,52,1681,423,niños_4_8,media
3,5,54,1847,300,niños_4_8,media
5,5,45,1432,373,niños_4_8,media
5,6,47,1371,343,niños_4_8,media
3,6,54,1727,350,niños_4_8,media
4,6,40,1536,331,niños_4_8,media
5,6,35,1787,332,niños_4_8,media
3,4,41,1609,394,niños_4_8,media
2,4,45,1583,276,niños_4_8,media
3,5,46,1829,389,niños_4_8,media
3,4,41,1747,393,niños_4_8,media
5,6,40,1541,345,niños_4_8,media
5,4,45,1822,331,niños_4_8,media
5,6,42,1414,267,niños_4_8,media
2,6,50,1574,351,niños_4_8,media
4,4,47,1906,348,niños_4_8,media
2,5,55,1720,365,niños_4_8,media
2,6,37,1815,322,niños_4_8,media
3,5,51,1499,294,niños_4_8,media
2,4,47,1857,371,niños_4_8,media
2,6,44,1516,380,niños_4_8,media
3,6,37,1637,354,niños_4_8,media
4,4,46,1473,354,niños_4_8,media
3,6,52,1793,343,niños_4_8,media
2,4,42,1491,285,niños_4_8,media
5,6,39,1733,300,niños_4_8,media
3,6,55,1580,285,niños_4_8,media
2,6,52,1537,279,niños_4_8,media
3,4,36,1866,269,niños_4_8,media
4,5,42,1909,292,niños_4_8,media
2,5,39,1846,276,niños_4_8,media
3,6,44,1645,336,niños_4_8,media
4,5,38,1815,362,niños_4_8,media
4,4,49,1908,289,niños_4_8,media
5,5,44,1548,329,niños_4_8,media
2,4,48,1538,403,niños_4_8,media
2,4,35,1878,271,niños_4_8,media
2,6,45,1383,315,niños_4_8,media
4,4,50,1551,404,niños_4_8,media
4,4,49,1919,281,niños_4_8,media
2,4,52,1484,277,niños_4_8,media
5,5,37,1521,364,niños_4_8,media
2,6,38,1573,307,niños_4_8,media
2,6,38,1577,422,niños_4_8,media
2,6,46,1789,400,niños_4_8,media
5,6,51,1828,431,niños_4_8,media
5,4,50,1827,429,niños_4_8,media
5,5,52,1853,345,niños_4_8,media
4,6,37,1623,361,niños_4_8,media
3,6,51,1410,415,niños_4_8,media
5,6,37,1530,400,niños_4_8,media
2,6,40,1524,277,niños_4_8,media
5,4,55,1380,333,niños_4_8,media
3,5,35,1788,404,niños_4_8,media
3,4,47,1614,399,niños_4_8,media
2,4,51,1606,349,niños_4_8,media
4,4,46,1934,338,niños_4_8,media
5,5,38,1792,289,niños_4_8,media
4,5,53,1511,359,niños_4_8,media
3,4,41,1899,356,niños_4_8,media
4,5,50,1875,390,niños_4_8,media
2,6,36,1794,268,niños_4_8,media
2,6,48,1886,292,niños_4_8,media
2,5,53,1912,325,niños_4_8,media
3,4,36,1798,422,niños_4_8,media
4,6,50,1630,429,niños_4_8,media
2,5,38,1838,320,niños_4_8,media
5,6,47,1931,397,niños_4_8,media
2,6,48,1828,422,niños_4_8,media
3,5,52,1744,297,niños_4_8,media
5,5,35,1631,409,niños_4_8,media
4,4,50,1922,267,niños_4_8,media
2,4,49,1840,429,niños_4_8,media
2,5,49,1839,355,niños_4_8,media
2,5,36,1434,274,niños_4_8,media
3,6,38,1553,421,niños_4_8,media
4,6,54,1565,329,niños_4_8,media
2,6,35,1393,267,niños_4_8,media
2,4,50,1516,392,niños_4_8,media
4,5,48,1881,370,niños_4_8,media
3,6,36,1399,281,niños_4_8,media
2,4,46,1900,430,niños_4_8,media
2,5,37,1378,275,niños_4_8,media
3,4,40,1454,386,niños_4_8,media
5,5,38,1802,347,niños_4_8,media
2,5,52,1878,267,niños_4_8,media
5,4,44,1469,400,niños_4_8,media
2,6,42,1654,331,niños_4_8,media
3,5,36,1711,406,niños_4_8,media
4,5,47,1739,304,niños_4_8,media
3,5,36,1732,433,niños_4_8,media
3,6,40,1710,315,niños_4_8,media
5,4,37,1487,311,niños_4_8,media
5,4,46,1857,346,niños_4_8,media
3,5,35,1717,294,niños_4_8,media
3,5,37,1394,363,niños_4_8,media
4,6,49,1842,295,niños_4_8,media
2,6,54,1532,420,niños_4_8,media
5,6,45,1508,299,niños_4_8,media
4,4,42,1632,326,niños_4_8,media
4,5,37,1515,396,niños_4_8,media
3,4,49,1805,410,niños_4_8,media
2,6,36,1383,429,niños_4_8,media
3,4,55,1870,391,niños_4_8,media
4,6,50,1568,280,niños_4_8,media
4,4,39,1517,277,niños_4_8,media
5,4,48,1527,377,niños_4_8,media
4,6,45,1745,416,niños_4_8,media
4,6,43,1605,420,niños_4_8,media
5,5,49,1889,427,niños_4_8,media
3,5,51,1732,392,niños_4_8,media
4,6,38,1894,281,niños_4_8,media
5,5,47,1596,433,niños_4_8,media
4,6,43,1569,355,niños_4_8,media
5,5,46,1601,382,niños_4_8,media
3,5,52,1739,406,niños_4_8,media
3,5,38,1376,355,niños_4_8,media
5,6,41,1728,413,niños_4_8,media
5,6,37,1394,430,niños_4_8,media
5,5,45,1829,389,niños_4_8,media
3,6,51,1537,386,niños_4_8,media
3,4,41,1519,394,niños_4_8,media
5,4,43,1639,349,niños_4_8,media
2,6,41,1847,371,niños_4_8,media
2,6,53,1366,331,niños_4_8,media
4,6,53,1810,366,niños_4_8,media
3,4,43,1539,429,niños_4_8,media
5,6,39,1374,322,niños_4_8,media
5,6,47,1387,350,niños_4_8,media
4,4,48,1520,399,niños_4_8,media
4,6,49,1402,415,niños_4_8,media
2,6,38,1416,410,niños_4_8,media
3,5,53,1378,356,niños_4_8,media
3,5,35,1704,278,niños_4_8,media
3,5,45,1516,414,niños_4_8,media
2,4,45,1836,423,niños_4_8,media
4,4,50,1482,274,niños_4_8,media
3,6,45,1644,425,niños_4_8,media
2,4,51,1599,394,niños_4_8,media
3,4,52,1544,364,niños_4_8,media
3,6,37,1737,281,niños_4_8,media
3,5,46,1665,374,niños_4_8,media
2,6,52,1470,405,niños_4_8,media
4,5,47,1371,280,niños_4_8,media
5,4,46,1857,395,niños_4_8,media
4,6,41,1846,350,niños_4_8,media
3,4,46,1748,300,niños_4_8,media
3,5,55,1791,421,niños_4_8,media
5,5,43,1539,408,niños_4_8,media
3,4,46,1673,269,niños_4_8,media
5,6,35,1439,380,niños_4_8,media
3,6,51,1531,362,niños_4_8,media
3,5,54,1386,283,niños_4_8,media
2,4,52,1492,391,niños_4_8,media
2,6,42,1758,369,niños_4_8,media
3,6,35,1459,418,niños_4_8,media
2,5,38,1786,397,niños_4_8,media
3,4,46,1566,411,niños_4_8,media
2,5,41,1788,331,niños_4_8,media
5,5,50,1885,326,niños_4_8,media
4,4,49,1480,311,niños_4_8,media
2,5,50,1645,317,niños_4_8,media
2,6,35,1641,326,niños_4_8,media
5,4,37,1899,433,niños_4_8,media
3,5,51,1791,327,niños_4_8,media
4,6,40,1617,422,niños_4_8,media
5,4,48,1641,413,niños_4_8,media
3,5,37,1401,301,niños_4_8,media
2,4,35,1487,306,niños_4_8,media
3,6,43,1640,397,niños_4_8,media
4,4,46,1633,333,niños_4_8,media
3,6,43,1778,421,niños_4_8,media
2,6,50,1541,322,niños_4_8,media
4,4,44,1877,310,niños_4_8,media
3,4,35,1913,341,niños_4_8,media
3,5,54,1404,321,niños_4_8,media
4,6,51,1519,384,niños_4_8,media
5,4,39,1716,417,niños_4_8,media
3,6,52,1600,297,niños_4_8,media
4,4,51,1876,414,niños_4_8,media
4,5,48,1441,430,niños_4_8,media
2,4,40,1561,403,niños_4_8,media
5,4,43,1849,292,niños_4_8,media
5,4,53,1810,277,niños_4_8,media
3,4,41,1615,360,niños_4_8,media
4,5,43,1535,392,niños_4_8,media
4,5,52,1923,430,niños_4_8,media
2,4,53,1479,327,niños_4_8,media
4,6,42,1367,345,niños_4_8,media
5,6,52,1479,428,niños_4_8,media
4,5,44,1452,423,niños_4_8,media
3,4,55,1434,405,niños_4_8,media
3,4,45,1909,328,niños_4_8,media
5,4,55,1452,355,niños_4_8,media
5,6,46,1677,330,niños_4_8,media
2,6,45,1691,357,niños_4_8,media
2,6,37,1545,290,niños_4_8,media
2,4,44,1589,270,niños_4_8,media
4,6,53,1555,318,niños_4_8,media
4,5,38,1852,295,niños_4_8,media
2,5,50,1537,378,niños_4_8,media
2,6,54,1558,395,niños_4_8,media
4,4,36,1795,278,niños_4_8,media
4,6,54,1783,311,niños_4_8,media
2,5,39,1617,284,niños_4_8,media
3,5,48,1877,344,niños_4_8,media
5,4,43,1607,354,niños_4_8,media
2,4,54,1849,379,niños_4_8,media
5,4,37,1411,406,niños_4_8,media
5,4,47,1692,356,niños_4_8,media
5,4,41,1925,322,niños_4_8,media
3,5,46,1807,409,niños_4_8,media
4,4,45,1636,419,niños_4_8,media
2,4,37,1665,351,niños_4_8,media
2,4,51,1734,267,niños_4_8,media
2,4,53,1587,314,niños_4_8,media
3,4,39,1825,333,niños_4_8,media
3,5,39,1586,340,niños_4_8,media
3,4,42,1623,306,niños_4_8,media
5,4,38,1896,433,niños_4_8,media
2,5,43,1439,267,niños_4_8,media
3,5,36,1809,384,niños_4_8,media
2,6,40,1639,382,niños_4_8,media
4,5,45,1512,307,niños_4_8,media
2,5,40,1763,266,niños_4_8,media
4,5,37,1854,337,niños_4_8,media
3,6,51,1860,408,niños_4_8,media
3,5,55,1557,353,niños_4_8,media
4,5,55,1649,360,niños_4_8,media
5,5,51,1735,420,niños_4_8,media
2,6,37,1627,380,niños_4_8,media
3,6,45,1373,412,niños_4_8,media
5,6,50,1507,422,niños_4_8,media
5,5,45,1731,360,niños_4_8,media
3,5,42,1706,343,niños_4_8,media
2,5,38,1871,425,niños_4_8,media
5,5,44,1731,375,niños_4_8,media
4,4,37,1919,313,niños_4_8,media
5,5,50,1866,428,niños_4_8,media
5,5,45,1815,407,niños_4_8,media
2,5,51,1763,323,niños_4_8,media
4,6,38,1465,367,niños_4_8,media
5,4,36,1445,367,niños_4_8,media
5,5,41,1769,282,niños_4_8,media
4,4,50,1482,326,niños_4_8,media
3,5,55,1906,268,niños_4_8,media
3,5,55,1417,272,niños_4_8,media
3,4,50,1584,431,niños_4_8,media
4,4,36,1806,425,niños_4_8,media
5,6,51,1487,295,niños_4_8,media
4,6,39,1769,336,niños_4_8,media
2,6,44,1544,361,niños_4_8,media
2,4,37,1902,386,niños_4_8,media
5,4,45,1784,323,niños_4_8,media
4,4,51,1770,416,niños_4_8,media
4,4,36,1811,384,niños_4_8,media
2,5,42,1600,282,niños_4_8,media
4,5,35,1638,410,niños_4_8,media
2,6,48,1495,384,niños_4_8,media
3,6,52,1780,432,niños_4_8,media
4,5,53,1773,401,niños_4_8,media
4,5,40,1686,356,niños_4_8,media
4,6,37,1412,394,niños_4_8,media
4,6,48,1538,341,niños_4_8,media
5,5,53,1407,388,niños_4_8,media
5,6,46,1869,307,niños_4_8,media
3,5,43,1628,380,niños_4_8,media
3,5,41,1534,341,niños_4_8,media
5,6,43,1745,361,niños_4_8,media
2,5,47,1765,314,niños_4_8,media
3,4,51,1931,308,niños_4_8,media
2,4,38,1874,405,niños_4_8,media
3,4,43,1797,291,niños_4_8,media
5,6,48,1383,417,niños_4_8,media
4,5,41,1799,325,niños_4_8,media
3,6,44,1813,312,niños_4_8,media
5,4,49,1766,307,niños_4_8,media
5,4,37,1483,413,niños_4_8,media
3,4,53,1607,323,niños_4_8,media
4,5,53,1440,303,niños_4_8,media
4,4,55,1422,289,niños_4_8,media
2,5,55,1715,349,niños_4_8,media
3,4,41,1710,398,niños_4_8,media
5,5,51,1826,405,niños_4_8,media
5,5,45,1414,344,niños_4_8,media
4,5,40,1567,362,niños_4_8,media
3,5,37,1578,269,niños_4_8,media
3,6,43,1452,418,niños_4_8,media
4,6,36,1641,386,niños_4_8,media
4,6,50,1636,300,niños_4_8,media
3,6,35,1933,388,niños_4_8,media
5,6,45,1626,379,niños_4_8,media
4,6,47,1631,407,niños_4_8,media
3,5,43,1481,427,niños_4_8,media
2,5,46,1909,384,niños_4_8,media
2,6,46,1500,389,niños_4_8,media
4,6,45,1739,303,niños_4_8,media
4,4,39,1519,349,niños_4_8,media
3,5,39,1741,364,niños_4_8,media
5,6,49,1558,370,niños_4_8,media
2,4,37,1657,405,niños_4_8,media
4,6,39,1776,320,niños_4_8,media
3,5,37,1427,272,niños_4_8,media
4,6,47,1709,433,niños_4_8,media
3,4,44,1439,420,niños_4_8,media
4,6,41,1815,270,niños_4_8,media
2,5,52,1480,374,niños_4_8,media
4,4,55,1546,373,niños_4_8,media
4,4,41,1898,377,niños_4_8,media
2,4,49,1540,360,niños_4_8,media
4,6,54,1569,429,niños_4_8,media
2,4,38,1434,310,niños_4_8,media
3,6,43,1862,278,niños_4_8,media
5,4,36,1585,361,niños_4_8,media
4,6,48,1724,294,niños_4_8,media
5,5,41,1877,425,niños_4_8,media
4,6,51,1419,305,niños_4_8,media
2,6,41,1554,378,niños_4_8,media
2,6,35,1629,329,niños_4_8,media
4,6,54,1450,361,niños_4_8,media
5,6,43,1370,314,niños_4_8,media
3,5,42,1653,299,niños_4_8,media
3,4,40,1548,270,niños_4_8,media
3,5,41,1601,266,niños_4_8,media
5,6,51,1800,380,niños_4_8,media
5,6,47,1495,433,niños_4_8,media
4,5,45,1919,389,niños_4_8,media
3,6,35,1772,387,niños_4_8,media
4,4,42,1660,317,niños_4_8,media
5,6,51,1853,433,niños_4_8,media
4,5,41,1723,318,niños_4_8,media
5,6,38,1578,356,niños_4_8,media
2,4,37,1386,387,niños_4_8,media
5,4,50,1732,343,niños_4_8,media
4,5,38,1581,380,niños_4_8,media
4,6,46,1587,308,niños_4_8,media
2,6,45,1551,292,niños_4_8,media
3,4,53,1607,313,niños_4_8,media
3,6,53,1678,361,niños_4_8,media
4,4,50,1768,378,niños_4_8,media
5,5,50,1771,411,niños_4_8,media
3,6,39,1814,312,niños_4_8,media
4,4,37,1473,336,niños_4_8,media
2,6,41,1467,391,niños_4_8,media
5,4,39,1504,338,niños_4_8,media
5,6,46,1874,336,niños_4_8,media
5,5,40,1629,291,niños_4_8,media
4,4,43,1543,337,niños_4_8,media
2,5,43,1427,381,niños_4_8,media
2,4,43,1792,324,niños_4_8,media
5,4,53,1793,311,niños_4_8,media
3,5,45,1447,346,niños_4_8,media
2,4,36,1866,424,niños_4_8,media
3,5,55,1877,410,niños_4_8,media
4,4,50,1368,405,niños_4_8,media
3,6,40,1692,360,niños_4_8,media
3,4,51,1632,384,niños_4_8,media
3,5,38,1788,342,niños_4_8,media
2,4,54,1703,378,niños_4_8,media
3,6,35,1844,298,niños_4_8,media
2,4,53,1780,315,niños_4_8,media
4,4,55,1909,345,niños_4_8,media
4,6,55,1544,313,niños_4_8,media
2,6,53,1654,352,niños_4_8,media
2,5,40,1783,295,niños_4_8,media
4,6,43,1540,403,niños_4_8,media
2,4,53,1628,352,niños_4_8,media
3,5,48,1860,312,niños_4_8,media
3,6,40,1907,346,niños_4_8,media
2,5,39,1880,380,niños_4_8,media
2,5,47,1801,370,niños_4_8,media
3,5,41,1597,318,niños_4_8,media
5,6,54,1504,432,niños_4_8,media
5,5,43,1653,295,niños_4_8,media
5,6,41,1665,315,niños_4_8,media
5,4,38,1627,304,niños_4_8,media
2,5,36,1590,277,niños_4_8,media
4,4,49,1480,340,niños_4_8,media
2,6,49,1828,342,niños_4_8,media
4,6,51,1750,420,niños_4_8,media
2,6,47,1372,282,niños_4_8,media
3,4,45,1647,268,niños_4_8,media
3,6,46,1690,391,niños_4_8,media
2,4,40,1596,406,niños_4_8,media
3,4,47,1742,285,niños_4_8,media
3,4,37,1784,371,niños_4_8,media
4,6,46,1662,380,niños_4_8,media
5,5,35,1760,351,niños_4_8,media
4,6,41,1737,307,niños_4_8,media
3,6,37,1513,414,niños_4_8,media
4,4,50,1587,369,niños_4_8,media
4,4,51,1904,322,niños_4_8,media
5,4,55,1408,301,niños_4_8,media
2,6,53,1382,388,niños_4_8,media
2,5,45,1375,325,niños_4_8,media
2,4,44,1885,318,niños_4_8,media
5,5,42,1476,335,niños_4_8,media
2,4,40,1400,295,niños_4_8,media
3,5,48,1900,328,niños_4_8,media
4,5,36,1615,288,niños_4_8,media
5,6,37,1371,374,niños_4_8,media
4,6,52,1458,361,niños_4_8,media
3,4,35,1873,403,niños_4_8,media
5,4,37,1624,274,niños_4_8,media
4,5,53,1436,402,niños_4_8,media
2,4,39,1384,412,niños_4_8,media
3,6,54,1554,372,niños_4_8,media
3,6,50,1455,271,niños_4_8,media
4,6,35,1915,267,niños_4_8,media
3,4,36,1565,409,niños_4_8,media
4,6,35,1636,334,niños_4_8,media
3,4,47,1922,390,niños_4_8,media
2,4,40,1505,340,niños_4_8,media
2,5,42,1562,334,niños_4_8,media
2,5,36,1527,431,niños_4_8,media
3,6,42,1845,409,niños_4_8,media
4,5,53,1797,299,niños_4_8,media
5,4,47,1583,370,niños_4_8,media
5,5,41,1824,422,niños_4_8,media
5,6,39,1728,319,niños_4_8,media
4,6,37,1445,335,niños_4_8,media
5,4,45,1803,321,niños_4_8,media
3,6,45,1607,397,niños_4_8,media
5,4,47,1884,302,niños_4_8,media
3,4,37,1624,278,niños_4_8,media
3,4,40,1757,327,niños_4_8,media
3,6,48,1649,384,niños_4_8,media
5,6,43,1532,314,niños_4_8,media
5,6,53,1857,292,niños_4_8,media
5,6,47,1855,348,niños_4_8,media
4,5,47,1603,317,niños_4_8,media
2,6,37,1503,390,niños_4_8,media
3,5,55,1465,352,niños_4_8,media
5,4,54,1798,326,niños_4_8,media
4,6,46,1492,427,niños_4_8,media
5,6,41,1739,428,niños_4_8,media
3,4,39,1761,418,niños_4_8,media
3,6,42,1520,269,niños_4_8,media
5,6,38,1835,338,niños_4_8,media
5,6,46,1374,425,niños_4_8,media
5,6,48,1485,360,niños_4_8,media
2,4,39,1429,290,niños_4_8,media
4,5,49,1888,362,niños_4_8,media
2,6,38,1794,349,niños_4_8,media
4,4,41,1681,323,niños_4_8,media
4,6,50,1737,419,niños_4_8,media
3,6,36,1710,273,niños_4_8,media
2,5,46,1853,301,niños_4_8,media
5,4,41,1432,419,niños_4_8,media
3,6,52,1458,275,niños_4_8,media
2,4,40,1461,415,niños_4_8,media
4,4,44,1760,387,niños_4_8,media
4,4,42,1620,368,niños_4_8,media
3,5,44,1862,370,niños_4_8,media
3,6,37,1533,340,niños_4_8,media
4,4,50,1684,349,niños_4_8,media
4,6,46,1805,389,niños_4_8,media
5,5,49,1413,342,niños_4_8,media
2,6,44,1621,414,niños_4_8,media
3,4,43,1480,363,niños_4_8,media
3,4,42,1544,389,niños_4_8,media
4,6,45,1918,299,niños_4_8,media
2,6,36,1699,359,niños_4_8,media
4,6,48,1802,369,niños_4_8,media
4,5,43,1382,355,niños_4_8,media
4,5,43,1659,387,niños_4_8,media
4,5,41,1504,284,niños_4_8,media
3,6,47,1922,344,niños_4_8,media
5,5,44,1452,415,niños_4_8,media
3,5,38,1639,363,niños_4_8,media
2,4,50,1650,399,niños_4_8,media
2,4,40,1494,308,niños_4_8,media
5,6,37,1893,398,niños_4_8,media
4,5,52,1602,359,niños_4_8,media
2,4,51,1476,319,niños_4_8,media
3,6,55,1494,360,niños_4_8,media
3,6,41,1513,357,niños_4_8,media
3,6,51,1830,387,niños_4_8,media
4,5,53,1896,423,niños_4_8,media
3,5,50,1654,315,niños_4_8,media
2,4,54,1413,394,niños_4_8,media
3,6,38,1556,384,niños_4_8,media
4,6,50,1632,286,niños_4_8,media
2,5,55,1444,432,niños_4_8,media
2,4,54,1920,282,niños_4_8,media
4,5,41,1829,267,niños_4_8,media
3,6,36,1540,280,niños_4_8,media
2,5,38,1743,334,niños_4_8,media
4,6,53,1413,301,niños_4_8,media
5,4,51,1604,374,niños_4_8,media
3,5,40,1656,304,niños_4_8,media
5,4,44,1563,355,niños_4_8,media
5,4,49,1447,290,niños_4_8,media
3,4,35,1538,282,niños_4_8,media
4,4,50,1714,432,niños_4_8,media
4,5,37,1731,397,niños_4_8,media
3,4,55,1828,280,niños_4_8,media
4,6,50,1750,320,niños_4_8,media
5,6,42,1487,341,niños_4_8,media
2,6,50,1922,310,niños_4_8,media
3,4,39,1771,420,niños_4_8,media
5,5,47,1526,355,niños_4_8,media
4,6,43,1399,395,niños_4_8,media
4,4,53,1469,293,niños_4_8,media
2,6,51,1711,363,niños_4_8,media
4,6,46,1710,324,niños_4_8,media
5,5,52,1645,279,niños_4_8,media
2,4,44,1875,306,niños_4_8,media
5,5,44,1595,339,niños_4_8,media
5,6,35,1821,417,niños_4_8,media
2,5,35,1569,420,niños_4_8,media
3,6,39,1767,273,niños_4_8,media
4,4,42,1483,379,niños_4_8,media
3,4,51,1902,282,niños_4_8,media
3,5,44,1728,365,niños_4_8,media
3,5,38,1699,283,niños_4_8,media
2,6,54,1679,268,niños_4_8,media
5,6,38,1789,402,niños_4_8,media
3,4,36,1473,339,niños_4_8,media
4,6,52,1390,387,niños_4_8,media
3,6,55,1807,357,niños_4_8,media
3,4,47,1865,308,niños_4_8,media
5,4,44,1738,400,niños_4_8,media
4,6,53,1700,327,niños_4_8,media
5,4,55,1781,366,niños_4_8,media
2,6,54,1643,412,niños_4_8,media
4,6,44,1517,350,niños_4_8,media
3,4,44,1824,426,niños_4_8,media
4,6,39,1520,329,niños_4_8,media
2,6,45,1862,323,niños_4_8,media
2,6,41,1779,326,niños_4_8,media
2,4,41,1650,303,niños_4_8,media
3,4,49,1728,281,niños_4_8,media
5,4,40,1892,359,niños_4_8,media
4,6,43,1909,337,niños_4_8,media
4,5,40,1917,341,niños_4_8,media
2,5,41,1826,404,niños_4_8,media
2,4,44,1387,299,niños_4_8,media
2,6,45,1378,394,niños_4_8,media
3,6,44,1835,376,niños_4_8,media
5,5,42,1734,339,niños_4_8,media
4,5,47,1392,315,niños_4_8,media
4,5,47,1793,286,niños_4_8,media
2,4,53,1818,344,niños_4_8,media
4,6,48,1388,386,niños_4_8,media
4,6,39,1825,291,niños_4_8,media
5,6,46,1930,354,niños_4_8,media
5,4,46,1908,319,niños_4_8,media
4,4,45,1601,310,niños_4_8,media
3,6,35,1790,302,niños_4_8,media
5,4,42,1432,381,niños_4_8,media
3,4,40,1525,361,niños_4_8,media
5,6,36,1548,317,niños_4_8,media
5,6,37,1774,271,niños_4_8,media
5,5,37,1815,398,niños_4_8,media
4,5,46,1849,355,niños_4_8,media
5,4,54,1626,386,niños_4_8,media
4,6,45,1790,343,niños_4_8,media
4,5,45,1667,420,niños_4_8,media
4,5,39,1369,293,niños_4_8,media
2,6,47,1818,276,niños_4_8,media
5,4,35,1912,407,niños_4_8,media
3,5,47,1472,414,niños_4_8,media
5,6,45,1664,385,niños_4_8,media
4,5,45,1382,430,niños_4_8,media
2,6,51,1450,357,niños_4_8,media
5,5,49,1387,274,niños_4_8,media
4,6,50,1823,339,niños_4_8,media
4,5,49,1428,400,niños_4_8,media
5,6,44,1556,281,niños_4_8,media
3,6,50,1892,384,niños_4_8,media
2,5,55,1574,267,niños_4_8,media
3,5,52,1735,359,niños_4_8,media
2,5,43,1873,314,niños_4_8,media
3,4,43,1569,312,niños_4_8,media
4,5,42,1790,383,niños_4_8,media
4,4,51,1489,385,niños_4_8,media
4,4,44,1582,314,niños_4_8,media
5,5,35,1446,387,niños_4_8,media
4,5,35,1564,319,niños_4_8,media
2,6,52,1387,283,niños_4_8,media
3,4,36,1629,274,niños_4_8,media
2,6,45,1764,395,niños_4_8,media
2,5,44,1399,320,niños_4_8,media
2,6,42,1736,337,niños_4_8,media
5,6,41,1593,351,niños_4_8,media
3,5,48,1687,398,niños_4_8,media
4,4,48,1578,354,niños_4_8,media
4,4,47,1506,401,niños_4_8,media
5,4,48,1708,363,niños_4_8,media
2,6,42,1717,389,niños_4_8,media
5,6,43,1451,330,niños_4_8,media
3,6,55,1462,303,niños_4_8,media
3,5,49,1564,344,niños_4_8,media
2,5,55,1911,306,niños_4_8,media
2,4,42,1527,302,niños_4_8,media
2,6,36,1554,324,niños_4_8,media
5,4,47,1722,422,niños_4_8,media
4,4,37,1855,272,niños_4_8,media
5,5,38,1674,337,niños_4_8,media
4,4,39,1725,286,niños_4_8,media
4,4,35,1578,412,niños_4_8,media
4,5,36,1931,276,niños_4_8,media
4,6,39,1556,338,niños_4_8,media
2,6,35,1718,288,niños_4_8,media
3,4,44,1609,387,niños_4_8,media
3,4,47,1666,342,niños_4_8,media
2,4,54,1455,377,niños_4_8,media
2,6,35,1772,418,niños_4_8,media
3,4,47,1609,430,niños_4_8,media
2,5,37,1415,321,niños_4_8,media
2,4,43,1808,316,niños_4_8,media
3,4,45,1703,363,niños_4_8,media
5,4,53,1516,281,niños_4_8,media
5,5,47,1894,389,niños_4_8,media
5,4,54,1491,303,niños_4_8,media
5,4,46,1888,285,niños_4_8,media
2,5,44,1681,312,niños_4_8,media
2,4,41,1681,379,niños_4_8,media
4,4,36,1899,356,niños_4_8,media
5,5,38,1659,374,niños_4_8,media
5,6,51,1669,317,niños_4_8,media
3,5,39,1788,307,niños_4_8,media
2,5,37,1452,357,niños_4_8,media
4,6,51,1912,427,niños_4_8,media
3,4,46,1649,427,niños_4_8,media
3,4,39,1617,340,niños_4_8,media
4,6,51,1500,429,niños_4_8,media
4,6,55,1432,426,niños_4_8,media
4,4,49,1571,370,niños_4_8,media
5,6,50,1865,290,niños_4_8,media
2,4,54,1893,280,niños_4_8,media
2,6,40,1661,360,niños_4_8,media
5,6,44,1576,387,niños_4_8,media
5,6,40,1614,313,niños_4_8,media
2,6,52,1737,294,niños_4_8,media
4,5,52,1490,401,niños_4_8,media
3,5,37,1889,395,niños_4_8,media
5,4,40,1713,420,niños_4_8,media
3,4,54,1742,326,niños_4_8,media
3,6,46,1402,277,niños_4_8,media
5,5,36,1896,369,niños_4_8,media
5,6,35,1429,290,niños_4_8,media
3,4,36,1622,285,niños_4_8,media
3,6,53,1674,405,niños_4_8,media
5,5,49,1606,391,niños_4_8,media
3,4,42,1741,406,niños_4_8,media
3,5,38,1901,303,niños_4_8,media
5,5,51,1704,414,niños_4_8,media
2,4,49,1910,305,niños_4_8,media
4,6,53,1600,340,niños_4_8,media
5,5,41,1738,398,niños_4_8,media
2,6,35,1596,352,niños_4_8,media
3,4,53,1893,402,niños_4_8,media
3,4,35,1675,433,niños_4_8,media
2,6,39,1722,281,niños_4_8,media
2,4,40,1442,284,niños_4_8,media
4,4,38,1586,370,niños_4_8,media
5,5,42,1845,402,niños_4_8,media
2,5,43,1612,409,niños_4_8,media
5,4,52,1375,280,niños_4_8,media
5,4,42,1570,345,niños_4_8,media
2,4,55,1619,410,niños_4_8,media
4,4,55,1764,351,niños_4_8,media
3,5,51,1558,412,niños_4_8,media
5,6,54,1582,288,niños_4_8,media
5,4,52,1422,349,niños_4_8,media
5,4,42,1767,313,niños_4_8,media
5,6,36,1369,341,niños_4_8,media
5,5,35,1557,346,niños_4_8,media
3,4,49,1655,341,niños_4_8,media
3,6,43,1711,380,niños_4_8,media
5,6,45,1775,272,niños_4_8,media
3,4,47,1916,310,niños_4_8,media
2,6,40,1459,286,niños_4_8,media
2,6,52,1631,332,niños_4_8,media
5,4,46,1399,391,niños_4_8,media
5,5,45,1844,405,niños_4_8,media
5,5,38,1880,320,niños_4_8,media
3,4,55,1441,421,niños_4_8,media
4,4,54,1873,301,niños_4_8,media
2,6,37,1853,421,niños_4_8,media
2,5,49,1755,387,niños_4_8,media
5,4,41,1490,319,niños_4_8,media
4,5,47,1782,373,niños_4_8,media
3,5,53,1786,363,niños_4_8,media
5,6,43,1682,365,niños_4_8,media
5,5,52,1682,407,niños_4_8,media
2,4,37,1587,392,niños_4_8,media
3,6,46,1509,350,niños_4_8,media
5,4,51,1746,411,niños_4_8,media
2,4,41,1436,317,niños_4_8,media
2,6,42,1470,287,niños_4_8,media
4,6,44,1637,367,niños_4_8,media
3,5,43,1552,286,niños_4_8,media
3,6,43,1796,365,niños_4_8,media
4,6,46,1618,415,niños_4_8,media
5,6,52,1577,338,niños_4_8,media
5,6,38,1605,280,niños_4_8,media
4,5,45,1710,430,niños_4_8,media
4,6,46,1719,313,niños_4_8,media
4,4,43,1500,325,niños_4_8,media
3,5,37,1786,411,niños_4_8,media
3,6,55,1744,346,niños_4_8,media
4,6,44,1651,385,niños_4_8,media
3,6,42,1898,317,niños_4_8,media
2,5,37,1695,322,niños_4_8,media
5,4,49,1699,380,niños_4_8,media
2,4,41,1793,299,niños_4_8,media
3,6,47,1491,380,niños_4_8,media
2,4,46,1366,428,niños_4_8,media
4,5,53,1506,382,niños_4_8,media
3,5,41,1854,404,niños_4_8,media
3,5,54,1770,394,niños_4_8,media
4,4,46,1654,364,niños_4_8,media
5,6,53,1889,346,niños_4_8,media
5,4,46,1586,418,niños_4_8,media
2,4,55,1697,424,niños_4_8,media
4,6,44,1436,266,niños_4_8,media
2,4,52,1565,347,niños_4_8,media
2,4,46,1748,305,niños_4_8,media
2,4,49,1401,414,niños_4_8,media
2,4,55,1702,402,niños_4_8,media
4,6,50,1432,373,niños_4_8,media
3,5,40,1588,350,niños_4_8,media
5,4,41,1771,388,niños_4_8,media
5,4,39,1737,361,niños_4_8,media
5,6,52,1555,313,niños_4_8,media
3,6,49,1910,348,niños_4_8,media
3,4,35,1923,370,niños_4_8,media
4,5,37,1857,376,niños_4_8,media
5,5,52,1382,383,niños_4_8,media
2,5,38,1846,426,niños_4_8,media
5,6,52,1858,350,niños_4_8,media
5,6,35,1564,339,niños_4_8,media
2,6,42,1574,325,niños_4_8,media
4,6,40,1560,283,niños_4_8,media
5,5,35,1925,345,niños_4_8,media
3,5,54,1656,272,niños_4_8,media
3,4,39,1797,367,niños_4_8,media
5,6,39,1743,428,niños_4_8,media
4,4,35,1901,419,niños_4_8,media
5,6,38,1741,365,niños_4_8,media
4,6,36,1412,373,niños_4_8,media
3,4,52,1703,330,niños_4_8,media
5,5,40,1696,360,niños_4_8,media
3,5,55,1643,343,niños_4_8,media
4,5,45,1400,424,niños_4_8,media
5,6,51,1729,425,niños_4_8,media
3,5,38,1908,314,niños_4_8,media
4,4,48,1506,411,niños_4_8,media
2,5,47,1459,399,niños_4_8,media
2,6,40,1778,395,niños_4_8,media
2,5,49,1494,311,niños_4_8,media
2,4,49,1508,374,niños_4_8,media
4,5,45,1506,321,niños_4_8,media
2,6,55,1833,365,niños_4_8,media
3,4,40,1821,409,niños_4_8,media
2,4,48,1832,313,niños_4_8,media
5,5,55,1419,279,niños_4_8,media
5,4,50,1683,270,niños_4_8,media
2,4,53,1550,283,niños_4_8,media
5,4,54,1906,349,niños_4_8,media
2,4,45,1609,302,niños_4_8,media
5,4,35,1519,391,niños_4_8,media
3,5,48,1911,412,niños_4_8,media
2,6,42,1752,321,niños_4_8,media
4,4,39,1907,311,niños_4_8,media
5,5,54,1416,426,niños_4_8,media
3,4,49,1657,268,niños_4_8,media
5,6,45,1692,386,niños_4_8,media
3,4,50,1547,385,niños_4_8,media
2,6,48,1918,333,niños_4_8,media
2,5,46,1575,312,niños_4_8,media
4,5,37,1793,352,niños_4_8,media
2,4,40,1530,333,niños_4_8,media
3,5,37,1548,342,niños_4_8,media
4,4,39,1486,286,niños_4_8,media
3,4,51,1402,311,niños_4_8,media
3,4,49,1522,337,niños_4_8,media
2,4,36,1413,397,niños_4_8,media
3,6,50,1898,317,niños_4_8,media
4,4,42,1477,413,niños_4_8,media
2,5,46,1700,286,niños_4_8,media
4,4,38,1482,419,niños_4_8,media
4,4,52,1866,317,niños_4_8,media
2,6,47,1644,348,niños_4_8,media
3,6,35,1592,419,niños_4_8,media
5,4,50,1540,324,niños_4_8,media
5,5,51,1753,434,niños_4_8,media
4,5,49,1534,416,niños_4_8,media
4,4,41,1689,347,niños_4_8,media
2,5,43,1505,339,niños_4_8,media
5,5,35,1552,325,niños_4_8,media
3,4,48,1705,339,niños_4_8,media
3,6,36,1650,362,niños_4_8,media
3,5,36,1703,412,niños_4_8,media
4,5,53,1892,337,niños_4_8,media
5,6,47,1785,314,niños_4_8,media
4,5,39,1634,363,niños_4_8,media
3,6,40,1413,404,niños_4_8,media
4,6,45,1643,329,niños_4_8,media
5,6,44,1385,274,niños_4_8,media
4,5,45,1893,367,niños_4_8,media
2,5,40,1466,389,niños_4_8,media
5,5,52,1618,395,niños_4_8,media
5,6,39,1921,358,niños_4_8,media
5,4,45,1378,289,niños_4_8,media
5,6,51,1452,295,niños_4_8,media
4,6,42,1722,277,niños_4_8,media
4,6,45,1368,328,niños_4_8,media
2,6,39,1924,388,niños_4_8,media
4,6,51,1670,420,niños_4_8,media
5,4,48,1475,294,niños_4_8,media
5,4,42,1934,319,niños_4_8,media
3,5,51,1847,415,niños_4_8,media
4,5,42,1767,363,niños_4_8,media
4,6,48,1888,400,niños_4_8,media
3,4,37,1424,427,niños_4_8,media
4,6,40,1375,340,niños_4_8,media
2,6,40,1568,426,niños_4_8,media
4,4,48,1772,430,niños_4_8,media
3,6,37,1762,400,niños_4_8,media
3,4,50,1800,407,niños_4_8,media
3,5,53,1834,306,niños_4_8,media
4,6,55,1532,411,niños_4_8,media
2,6,53,1867,366,niños_4_8,media
5,6,36,1666,315,niños_4_8,media
3,4,55,1857,341,niños_4_8,media
3,4,43,1870,373,niños_4_8,media
4,5,54,1442,389,niños_4_8,media
5,6,49,1686,406,niños_4_8,media
3,4,54,1694,417,niños_4_8,media
4,5,37,1671,299,niños_4_8,media
5,5,53,1430,373,niños_4_8,media
5,4,52,1489,271,niños_4_8,media
3,4,48,1396,390,niños_4_8,media
3,6,40,1493,433,niños_4_8,media
3,6,49,1788,338,niños_4_8,media
2,6,49,1457,413,niños_4_8,media
4,5,47,1805,363,niños_4_8,media
3,5,55,1647,280,niños_4_8,media
5,5,51,1809,333,niños_4_8,media
2,5,49,1747,319,niños_4_8,media
5,5,37,1730,284,niños_4_8,media
3,5,35,1702,358,niños_4_8,media
2,6,35,1535,411,niños_4_8,media
5,5,37,1702,400,niños_4_8,media
5,6,40,1660,406,niños_4_8,media
5,5,55,1726,429,niños_4_8,media
2,6,42,1539,373,niños_4_8,media
4,6,52,1696,405,niños_4_8,media
4,6,49,1719,340,niños_4_8,media
2,6,41,1578,361,niños_4_8,media
4,5,52,1707,400,niños_4_8,media
2,4,47,1853,409,niños_4_8,media
2,4,40,1447,285,niños_4_8,media
5,5,55,1565,399,niños_4_8,media
5,6,43,1455,415,niños_4_8,media
2,6,47,1452,314,niños_4_8,media
5,4,40,1442,324,niños_4_8,media
5,4,53,1896,285,niños_4_8,media
5,4,53,1606,292,niños_4_8,media
2,5,46,1922,306,niños_4_8,media
4,5,46,1725,268,niños_4_8,media
4,4,44,1774,291,niños_4_8,media
4,6,41,1722,329,niños_4_8,media
2,6,44,1864,313,niños_4_8,media
2,4,35,1378,371,niños_4_8,media
2,5,51,1747,328,niños_4_8,media
2,6,48,1884,395,niños_4_8,media
2,6,36,1541,340,niños_4_8,media
5,5,54,1730,301,niños_4_8,media
5,6,46,1809,353,niños_4_8,media
2,6,52,1804,281,niños_4_8,media
2,5,42,1687,333,niños_4_8,media
5,4,55,1524,369,niños_4_8,media
4,5,46,1484,368,niños_4_8,media
5,6,37,1569,349,niños_4_8,media
2,4,47,1799,347,niños_4_8,media
5,5,43,1698,286,niños_4_8,media
4,6,55,1765,371,niños_4_8,media
3,5,47,1895,347,niños_4_8,media
5,4,45,1392,317,niños_4_8,media
2,5,45,1893,369,niños_4_8,media
3,4,55,1503,306,niños_4_8,media
3,5,40,1868,322,niños_4_8,media
2,6,43,1558,301,niños_4_8,media
2,4,47,1932,363,niños_4_8,media
5,5,35,1783,390,niños_4_8,media
5,5,51,1540,290,niños_4_8,media
4,5,43,1694,372,niños_4_8,media
5,4,41,1674,361,niños_4_8,media
2,5,44,1702,427,niños_4_8,media
2,5,37,1920,397,niños_4_8,media
2,4,35,1623,360,niños_4_8,media
3,4,40,1664,327,niños_4_8,media
5,6,37,1476,299,niños_4_8,media
4,4,43,1551,278,niños_4_8,media
5,4,37,1600,373,niños_4_8,media
5,5,52,1605,298,niños_4_8,media
2,5,51,1467,340,niños_4_8,media
5,6,54,1632,418,niños_4_8,media
2,4,55,1867,393,niños_4_8,media
4,4,37,1665,335,niños_4_8,media
2,4,54,1849,269,niños_4_8,media
4,6,45,1517,271,niños_4_8,media
4,4,46,1547,300,niños_4_8,media
2,5,52,1893,287,niños_4_8,media
2,6,38,1675,408,niños_4_8,media
5,4,47,1593,378,niños_4_8,media
2,4,50,1581,320,niños_4_8,media
4,5,52,1864,276,niños_4_8,media
5,6,37,1666,270,niños_4_8,media
2,6,51,1873,306,niños_4_8,media
2,6,38,1851,288,niños_4_8,media
2,5,50,1589,350,niños_4_8,media
4,6,51,1514,397,niños_4_8,media
3,6,46,1803,433,niños_4_8,media
5,4,46,1856,335,niños_4_8,media
3,4,37,1882,321,niños_4_8,media
5,4,45,1668,278,niños_4_8,media
5,4,51,1622,403,niños_4_8,media
3,5,52,1463,363,niños_4_8,media
5,5,53,1442,291,niños_4_8,media
2,5,52,1509,318,niños_4_8,media
2,5,42,1511,372,niños_4_8,media
3,5,45,1786,279,niños_4_8,media
5,6,38,1538,366,niños_4_8,media
4,6,41,1606,412,niños_4_8,media
4,6,37,1733,372,niños_4_8,media
5,6,35,1758,340,niños_4_8,media
3,5,52,1858,320,niños_4_8,media
2,6,47,1708,408,niños_4_8,media
5,6,37,1732,345,niños_4_8,media
3,5,55,1390,433,niños_4_8,media
5,6,45,1467,391,niños_4_8,media
3,4,36,1717,349,niños_4_8,media
3,5,44,1564,391,niños_4_8,media
4,6,37,1552,286,niños_4_8,media
4,4,43,1486,403,niños_4_8,media
3,4,46,1474,398,niños_4_8,media
5,6,53,1834,287,niños_4_8,media
3,5,45,1597,342,niños_4_8,media
3,6,41,1809,308,niños_4_8,media
2,4,53,1700,333,niños_4_8,media
5,6,46,1621,400,niños_4_8,media
5,5,53,1761,330,niños_4_8,media
5,4,40,1577,283,niños_4_8,media
2,4,42,1383,320,niños_4_8,media
5,4,35,1467,337,niños_4_8,media
3,5,51,1697,318,niños_4_8,media
3,4,45,1686,406,niños_4_8,media
4,5,36,1917,315,niños_4_8,media
2,4,38,1451,334,niños_4_8,media
5,5,47,1648,362,niños_4_8,media
4,6,46,1502,328,niños_4_8,media
3,5,52,1854,334,niños_4_8,media
4,5,49,1787,370,niños_4_8,media
3,6,50,1512,363,niños_4_8,media
2,4,55,1713,411,niños_4_8,media
3,5,39,1601,281,niños_4_8,media
4,5,47,1452,391,niños_4_8,media
2,4,45,1658,409,niños_4_8,media
5,5,40,1868,318,niños_4_8,media
3,6,42,1923,280,niños_4_8,media
3,4,53,1577,355,niños_4_8,media
5,4,39,1675,318,niños_4_8,media
4,4,53,1763,414,niños_4_8,media
4,5,52,1684,392,niños_4_8,media
3,6,49,1541,338,niños_4_8,media
5,5,54,1568,295,niños_4_8,media
5,4,53,1927,280,niños_4_8,media
3,5,49,1511,359,niños_4_8,media
4,5,43,1415,386,niños_4_8,media
3,4,51,1788,365,niños_4_8,media
5,4,36,1868,414,niños_4_8,media
2,5,43,1587,299,niños_4_8,media
5,6,40,1380,269,niños_4_8,media
5,5,37,1741,281,niños_4_8,media
5,6,49,1711,424,niños_4_8,media
5,5,36,1459,283,niños_4_8,media
4,4,52,1625,305,niños_4_8,media
3,5,38,1525,296,niños_4_8,media
3,6,40,1660,430,niños_4_8,media
5,6,40,1579,387,niños_4_8,media
3,5,46,1687,363,niños_4_8,media
4,6,40,1446,385,niños_4_8,media
4,4,48,1665,339,niños_4_8,media
4,6,43,1871,411,niños_4_8,media
4,4,54,1625,312,niños_4_8,media
3,4,53,1907,279,niños_4_8,media
3,4,53,1694,365,niños_4_8,media
5,4,49,1869,401,niños_4_8,media
5,5,47,1501,408,niños_4_8,media
5,6,38,1658,324,niños_4_8,media
2,4,49,1650,324,niños_4_8,media
2,5,46,1467,368,niños_4_8,media
4,6,55,1406,365,niños_4_8,media
4,5,42,1779,408,niños_4_8,media
2,5,46,1443,298,niños_4_8,media
2,6,38,1438,359,niños_4_8,media
3,6,42,1856,383,niños_4_8,media
2,4,36,1642,386,niños_4_8,media
2,5,37,1568,356,niños_4_8,media
3,5,38,1381,286,niños_4_8,media
3,4,42,1615,385,niños_4_8,media
2,6,53,1383,362,niños_4_8,media
3,6,54,1660,327,niños_4_8,media
3,6,53,1658,397,niños_4_8,media
5,5,46,1467,282,niños_4_8,media
5,4,55,1932,291,niños_4_8,media
2,6,49,1690,371,niños_4_8,media
4,6,52,1835,420,niños_4_8,media
4,6,43,1486,356,niños_4_8,media
3,4,42,1871,366,niños_4_8,media
3,6,46,1589,415,niños_4_8,media
5,5,41,1743,415,niños_4_8,media
5,6,38,1680,429,niños_4_8,media
5,5,42,1565,269,niños_4_8,media
3,4,53,1576,418,niños_4_8,media
2,4,39,1636,361,niños_4_8,media
4,6,51,1609,267,niños_4_8,media
4,4,49,1732,430,niños_4_8,media
5,6,41,1808,404,niños_4_8,media
4,5,53,1714,418,niños_4_8,media
3,6,37,1839,414,niños_4_8,media
5,4,49,1519,284,niños_4_8,media
2,5,43,1374,316,niños_4_8,media
3,6,51,1915,425,niños_4_8,media
4,5,50,1880,321,niños_4_8,media
4,5,48,1452,320,niños_4_8,media
5,6,37,1547,361,niños_4_8,media
5,4,55,1779,347,niños_4_8,media
4,4,47,1836,342,niños_4_8,media
4,4,51,1605,311,niños_4_8,media
5,6,43,1600,404,niños_4_8,media
2,5,52,1423,283,niños_4_8,media
4,5,37,1812,358,niños_4_8,media
5,4,36,1819,367,niños_4_8,media
2,4,36,1646,342,niños_4_8,media
5,5,38,1873,388,niños_4_8,media
5,5,48,1503,403,niños_4_8,media
5,6,50,1755,326,niños_4_8,media
2,6,44,1406,359,niños_4_8,media
2,4,49,1485,393,niños_4_8,media
3,6,48,1784,417,niños_4_8,media
4,4,44,1382,416,niños_4_8,media
2,6,44,1508,390,niños_4_8,media
2,5,52,1635,398,niños_4_8,media
3,6,40,1464,368,niños_4_8,media
3,5,43,1758,374,niños_4_8,media
4,6,46,1553,362,niños_4_8,media
5,5,54,1413,350,niños_4_8,media
3,6,44,1639,413,niños_4_8,media
3,5,53,1934,377,niños_4_8,media
2,6,48,1770,304,niños_4_8,media
5,5,49,1459,405,niños_4_8,media
4,4,45,1808,313,niños_4_8,media
4,6,42,1679,383,niños_4_8,media
2,6,39,1573,424,niños_4_8,media
3,6,37,1483,407,niños_4_8,media
3,6,52,1794,417,niños_4_8,media
3,5,54,1586,328,niños_4_8,media
3,4,45,1393,348,niños_4_8,media
5,5,51,1472,350,niños_4_8,media
4,4,35,1876,292,niños_4_8,media
2,5,54,1587,306,niños_4_8,media
2,4,45,1872,381,niños_4_8,media
2,4,44,1481,390,niños_4_8,media
4,4,53,1635,313,niños_4_8,media
2,5,44,1619,417,niños_4_8,media
3,4,37,1369,421,niños_4_8,media
3,6,42,1429,278,niños_4_8,media
5,6,44,1913,336,niños_4_8,media
5,4,54,1529,410,niños_4_8,media
2,6,53,1872,374,niños_4_8,media
5,4,35,1795,395,niños_4_8,media
4,4,51,1524,398,niños_4_8,media
2,6,38,1486,305,niños_4_8,media
3,4,42,1892,373,niños_4_8,media
4,6,50,1720,336,niños_4_8,media
5,5,40,1546,413,niños_4_8,media
4,6,35,1857,433,niños_4_8,media
4,6,39,1521,395,niños_4_8,media
5,6,41,1693,281,niños_4_8,media
4,6,53,1675,357,niños_4_8,media
2,6,37,1693,267,niños_4_8,media
4,4,35,1384,395,niños_4_8,media
4,5,43,1854,407,niños_4_8,media
3,6,40,1605,304,niños_4_8,media
5,4,45,1850,388,niños_4_8,media
5,6,37,1378,320,niños_4_8,media
4,5,55,1773,355,niños_4_8,media
4,4,55,1685,391,niños_4_8,media
3,6,39,1785,288,niños_4_8,media
5,5,41,1390,380,niños_4_8,media
3,4,55,1681,401,niños_4_8,media
2,5,37,1863,392,niños_4_8,media
2,4,40,1795,309,niños_4_8,media
5,6,50,1676,289,niños_4_8,media
2,6,44,1805,339,niños_4_8,media
5,4,51,1640,359,niños_4_8,media
3,4,43,1422,429,niños_4_8,media
2,4,44,1545,291,niños_4_8,media
3,5,37,1877,414,niños_4_8,media
2,4,47,1426,415,niños_4_8,media
4,5,40,1746,296,niños_4_8,media
5,5,36,1441,342,niños_4_8,media
2,6,35,1830,423,niños_4_8,media
2,5,39,1863,313,niños_4_8,media
5,6,54,1770,363,niños_4_8,media
4,6,55,1899,402,niños_4_8,media
2,5,50,1369,428,niños_4_8,media
2,4,43,1578,374,niños_4_8,media
5,5,45,1910,350,niños_4_8,media
5,5,35,1880,399,niños_4_8,media
2,4,54,1453,295,niños_4_8,media
3,5,53,1534,397,niños_4_8,media
2,5,54,1922,357,niños_4_8,media
2,6,44,1565,431,niños_4_8,media
4,6,52,1376,356,niños_4_8,media
2,5,36,1867,292,niños_4_8,media
5,5,37,1814,285,niños_4_8,media
3,6,37,1606,353,niños_4_8,media
4,5,54,1464,386,niños_4_8,media
5,5,37,1720,427,niños_4_8,media
4,4,52,1699,310,niños_4_8,media
4,4,38,1674,378,niños_4_8,media
4,4,42,1915,414,niños_4_8,media
4,5,42,1666,306,niños_4_8,media
5,6,52,1932,424,niños_4_8,media
5,4,44,1634,413,niños_4_8,media
5,4,45,1608,297,niños_4_8,media
3,6,42,1512,354,niños_4_8,media
2,5,38,1452,388,niños_4_8,media
3,5,43,1802,374,niños_4_8,media
4,6,53,1513,394,niños_4_8,media
4,5,37,1533,300,niños_4_8,media
4,6,40,1704,402,niños_4_8,media
5,4,50,1527,411,niños_4_8,media
5,6,37,1623,418,niños_4_8,media
3,4,55,1478,298,niños_4_8,media
5,4,54,1628,374,niños_4_8,media
5,4,54,1500,353,niños_4_8,media
2,6,48,1436,274,niños_4_8,media
4,4,53,1869,428,niños_4_8,media
4,6,44,1676,413,niños_4_8,media
2,4,36,1431,374,niños_4_8,media
2,4,36,1680,417,niños_4_8,media
3,4,55,1931,367,niños_4_8,media
3,5,46,1632,361,niños_4_8,media
3,5,45,1926,334,niños_4_8,media
4,5,40,1933,426,niños_4_8,media
5,5,45,1369,355,niños_4_8,media
4,4,43,1902,359,niños_4_8,media
2,4,48,1802,278,niños_4_8,media
3,4,54,1612,407,niños_4_8,media
2,6,46,1877,375,niños_4_8,media
3,6,53,1417,353,niños_4_8,media
5,6,50,1574,339,niños_4_8,media
3,5,50,1913,422,niños_4_8,media
5,5,49,1711,314,niños_4_8,media
2,4,36,1429,283,niños_4_8,media
3,6,53,1472,269,niños_4_8,media
5,4,35,1900,290,niños_4_8,media
2,6,40,1733,279,niños_4_8,media
3,6,54,1869,399,niños_4_8,media
5,5,48,1571,417,niños_4_8,media
4,6,36,1579,296,niños_4_8,media
2,6,45,1413,333,niños_4_8,media
2,5,45,1826,277,niños_4_8,media
3,6,35,1409,377,niños_4_8,media
3,6,44,1887,339,niños_4_8,media
4,4,40,1812,348,niños_4_8,media
4,5,42,1613,400,niños_4_8,media
2,6,54,1649,411,niños_4_8,media
4,4,51,1877,398,niños_4_8,media
5,4,52,1418,326,niños_4_8,media
4,4,45,1566,400,niños_4_8,media
3,6,46,1675,404,niños_4_8,media
4,6,43,1768,349,niños_4_8,media
2,5,52,1397,286,niños_4_8,media
4,5,47,1732,310,niños_4_8,media
5,4,48,1439,397,niños_4_8,media
2,6,51,1383,362,niños_4_8,media
2,6,52,1489,310,niños_4_8,media
3,5,55,1895,348,niños_4_8,media
4,5,35,1535,365,niños_4_8,media
2,5,41,1739,350,niños_4_8,media
2,6,53,1904,314,niños_4_8,media
2,5,38,1702,367,niños_4_8,media
2,5,40,1454,362,niños_4_8,media
5,4,49,1757,345,niños_4_8,media
5,5,35,1795,335,niños_4_8,media
5,6,52,1556,272,niños_4_8,media
4,6,36,1914,418,niños_4_8,media
2,6,38,1878,386,niños_4_8,media
2,5,39,1565,364,niños_4_8,media
5,5,36,1705,391,niños_4_8,media
2,6,43,1859,317,niños_4_8,media
2,5,53,1429,292,niños_4_8,media
4,5,48,1381,273,niños_4_8,media
4,5,54,1379,433,niños_4_8,media
3,4,37,1922,344,niños_4_8,media
3,6,43,1481,295,niños_4_8,media
3,6,37,1486,309,niños_4_8,media
3,6,46,1886,383,niños_4_8,media
4,6,43,1521,304,niños_4_8,media
2,4,41,1648,319,niños_4_8,media
3,5,36,1676,366,niños_4_8,media
2,4,38,1640,411,niños_4_8,media
3,4,43,1452,360,niños_4_8,media
4,6,54,1726,393,niños_4_8,media
2,4,36,1656,332,niños_4_8,media
3,4,35,1884,309,niños_4_8,media
5,6,54,1468,402,niños_4_8,media
4,6,55,1638,388,niños_4_8,media
5,4,55,1867,291,niños_4_8,media
5,6,54,1636,312,niños_4_8,media
4,6,44,1452,317,niños_4_8,media
5,6,45,1518,354,niños_4_8,media
5,6,48,1646,431,niños_4_8,media
2,4,45,1408,416,niños_4_8,media
4,6,50,1641,296,niños_4_8,media
3,4,51,1598,323,niños_4_8,media
5,4,45,1760,349,niños_4_8,media
2,5,50,1628,288,niños_4_8,media
5,5,48,1461,410,niños_4_8,media
4,5,45,1856,406,niños_4_8,media
2,6,54,1875,408,niños_4_8,media
4,4,45,1922,366,niños_4_8,media
4,4,42,1739,321,niños_4_8,media
2,5,43,1471,338,niños_4_8,media
3,5,52,1379,340,niños_4_8,media
2,4,38,1519,377,niños_4_8,media
2,4,52,1417,359,niños_4_8,media
5,5,49,1366,297,niños_4_8,media
5,4,50,1469,309,niños_4_8,media
2,5,39,1537,279,niños_4_8,media
2,5,41,1505,288,niños_4_8,media
3,6,38,1488,363,niños_4_8,media
4,6,42,1897,318,niños_4_8,media
3,4,37,1745,269,niños_4_8,media
4,6,45,1741,346,niños_4_8,media
2,4,39,1730,423,niños_4_8,media
4,4,44,1781,376,niños_4_8,media
4,4,44,1448,388,niños_4_8,media
4,6,52,1477,317,niños_4_8,media
2,6,40,1378,434,niños_4_8,media
5,4,50,1393,404,niños_4_8,media
2,4,44,1479,418,niños_4_8,media
4,4,52,1385,424,niños_4_8,media
5,6,40,1924,408,niños_4_8,media
4,4,43,1660,315,niños_4_8,media
2,4,44,1888,355,niños_4_8,media
4,5,46,1547,339,niños_4_8,media
3,5,36,1732,313,niños_4_8,media
5,6,49,1557,318,niños_4_8,media
2,5,43,1793,389,niños_4_8,media
3,4,41,1774,408,niños_4_8,media
5,5,54,1370,276,niños_4_8,media
2,4,55,1654,354,niños_4_8,media
3,5,54,1773,321,niños_4_8,media
2,6,41,1720,287,niños_4_8,media
3,4,41,1422,323,niños_4_8,media
2,5,46,1747,277,niños_4_8,media
5,5,40,1541,403,niños_4_8,media
5,4,53,1672,315,niños_4_8,media
4,5,38,1838,432,niños_4_8,media
3,4,44,1912,401,niños_4_8,media
5,4,52,1933,424,niños_4_8,media
3,4,38,1844,307,niños_4_8,media
3,4,55,1803,353,niños_4_8,media
5,4,36,1614,386,niños_4_8,media
3,5,41,1478,390,niños_4_8,media
4,6,48,1695,270,niños_4_8,media
5,4,41,1694,366,niños_4_8,media
2,5,44,1631,362,niños_4_8,media
4,6,37,1786,411,niños_4_8,media
4,4,53,1433,303,niños_4_8,media
2,4,51,1886,352,niños_4_8,media
2,5,43,1653,298,niños_4_8,media
5,5,47,1860,378,niños_4_8,media
3,5,50,1695,374,niños_4_8,media
3,6,49,1572,281,niños_4_8,media
3,5,46,1663,434,niños_4_8,media
3,6,39,1745,378,niños_4_8,media
4,5,40,1500,312,niños_4_8,media
2,4,36,1838,410,niños_4_8,media
2,5,52,1884,324,niños_4_8,media
4,4,54,1405,331,niños_4_8,media
3,4,39,1847,329,niños_4_8,media
2,4,35,1450,370,niños_4_8,media
3,6,54,1644,314,niños_4_8,media
2,5,55,1646,394,niños_4_8,media
5,5,39,1433,429,niños_4_8,media
3,6,52,1541,402,niños_4_8,media
4,5,54,1475,286,niños_4_8,media
2,6,44,1527,290,niños_4_8,media
3,5,42,1593,329,niños_4_8,media
4,6,43,1759,315,niños_4_8,media
2,5,49,1491,270,niños_4_8,media
3,4,54,1547,285,niños_4_8,media
2,5,35,1852,308,niños_4_8,media
3,5,53,1370,332,niños_4_8,media
3,5,36,1671,299,niños_4_8,media
4,5,53,1472,421,niños_4_8,media
2,4,40,1378,381,niños_4_8,media
4,4,44,1646,368,niños_4_8,media
4,4,43,1757,316,niños_4_8,media
4,4,41,1686,299,niños_4_8,media
4,6,52,1461,388,niños_4_8,media
4,6,50,1815,423,niños_4_8,media
4,5,55,1463,352,niños_4_8,media
5,6,39,1638,351,niños_4_8,media
5,6,47,1662,357,niños_4_8,media
5,6,45,1495,324,niños_4_8,media
4,6,45,1787,277,niños_4_8,media
3,5,52,1775,335,niños_4_8,media
4,5,40,1371,289,niños_4_8,media
5,6,53,1899,396,niños_4_8,media
2,5,54,1458,269,niños_4_8,media
4,6,54,1562,432,niños_4_8,media
3,4,52,1736,316,niños_4_8,media
5,5,54,1383,425,niños_4_8,media
2,6,42,1825,266,niños_4_8,media
4,5,46,1562,339,niños_4_8,media
4,4,43,1660,343,niños_4_8,media
3,4,36,1579,269,niños_4_8,media
3,4,55,1498,309,niños_4_8,media
3,6,41,1490,399,niños_4_8,media
5,6,48,1852,415,niños_4_8,media
3,4,39,1808,408,niños_4_8,media
3,4,54,1808,275,niños_4_8,media
2,4,46,1677,267,niños_4_8,media
4,6,48,1519,290,niños_4_8,media
4,5,46,1768,343,niños_4_8,media
4,5,37,1831,362,niños_4_8,media
3,4,40,1801,298,niños_4_8,media
5,6,43,1820,337,niños_4_8,media
3,4,36,1637,297,niños_4_8,media
4,5,37,1805,329,niños_4_8,media
2,6,35,1567,277,niños_4_8,media
2,5,44,1775,397,niños_4_8,media
5,6,47,1723,406,niños_4_8,media
5,4,49,1377,373,niños_4_8,media
3,4,43,1541,307,niños_4_8,media
3,6,52,1551,295,niños_4_8,media
3,5,42,1897,274,niños_4_8,media
3,5,38,1845,322,niños_4_8,media
5,5,55,1896,283,niños_4_8,media
2,6,46,1863,432,niños_4_8,media
2,5,36,1625,358,niños_4_8,media
5,4,35,1409,347,niños_4_8,media
3,6,48,1706,294,niños_4_8,media
2,4,40,1547,364,niños_4_8,media
3,5,51,1401,427,niños_4_8,media
2,5,54,1805,305,niños_4_8,media
2,4,41,1446,314,niños_4_8,media
4,5,54,1888,286,niños_4_8,media
4,6,55,1687,303,niños_4_8,media
4,5,35,1410,404,niños_4_8,media
5,4,50,1418,426,niños_4_8,media
5,6,53,1650,343,niños_4_8,media
5,4,35,1542,374,niños_4_8,media
5,6,52,1704,332,niños_4_8,media
3,6,55,1493,329,niños_4_8,media
5,4,39,1367,348,niños_4_8,media
3,4,55,1378,375,niños_4_8,media
5,4,38,1553,267,niños_4_8,media
5,6,35,1800,382,niños_4_8,media
5,5,47,1708,315,niños_4_8,media
3,6,40,1627,403,niños_4_8,media
4,4,46,1728,407,niños_4_8,media
3,4,42,1509,319,niños_4_8,media
4,4,36,1733,416,niños_4_8,media
3,4,54,1529,307,niños_4_8,media
5,5,39,1419,294,niños_4_8,media
4,6,40,1581,386,niños_4_8,media
4,6,47,1400,392,niños_4_8,media
5,5,53,1589,408,niños_4_8,media
4,4,37,1530,421,niños_4_8,media
4,6,38,1598,268,niños_4_8,media
4,4,55,1369,402,niños_4_8,media
2,5,52,1788,295,niños_4_8,media
3,6,48,1746,427,niños_4_8,media
4,4,38,1468,381,niños_4_8,media
3,5,42,1730,422,niños_4_8,media
5,6,51,1386,271,niños_4_8,media
3,4,46,1411,425,niños_4_8,media
5,5,50,1876,271,niños_4_8,media
5,6,44,1444,273,niños_4_8,media
5,4,54,1843,284,niños_4_8,media
5,5,36,1486,360,niños_4_8,media
5,4,39,1750,432,niños_4_8,media
5,4,38,1780,277,niños_4_8,media
4,6,46,1882,351,niños_4_8,media
3,4,36,1596,329,niños_4_8,media
4,5,45,1530,346,niños_4_8,media
5,5,48,1837,344,niños_4_8,media
4,5,37,1714,371,niños_4_8,media
5,6,42,1438,366,niños_4_8,media
2,4,43,1800,292,niños_4_8,media
3,4,45,1764,324,niños_4_8,media
2,4,35,1451,271,niños_4_8,media
4,6,50,1712,356,niños_4_8,media
4,4,36,1672,372,niños_4_8,media
4,5,37,1780,422,niños_4_8,media
3,5,47,1840,392,niños_4_8,media
2,6,35,1584,346,niños_4_8,media
5,6,37,1881,386,niños_4_8,media
4,4,44,1545,430,niños_4_8,media
2,5,55,1871,358,niños_4_8,media
3,4,50,1578,289,niños_4_8,media
2,5,47,1876,415,niños_4_8,media
2,5,36,1593,433,niños_4_8,media
3,6,35,1903,281,niños_4_8,media
4,5,49,1835,280,niños_4_8,media
5,4,50,1661,431,niños_4_8,media
3,6,55,1601,297,niños_4_8,media
3,4,36,1878,381,niños_4_8,media
5,5,53,1551,293,niños_4_8,media
3,4,46,1768,407,niños_4_8,media
3,5,49,1568,350,niños_4_8,media
3,4,37,1391,415,niños_4_8,media
4,4,46,1791,364,niños_4_8,media
2,6,42,1561,347,niños_4_8,media
3,4,45,1616,304,niños_4_8,media
3,4,55,1584,346,niños_4_8,media
3,4,37,1728,394,niños_4_8,media
3,4,47,1921,297,niños_4_8,media
4,4,38,1413,287,niños_4_8,media
3,6,52,1561,358,niños_4_8,media
2,5,50,1418,432,niños_4_8,media
5,4,36,1895,327,niños_4_8,media
3,6,51,1747,415,niños_4_8,media
4,6,43,1384,277,niños_4_8,media
4,5,39,1764,311,niños_4_8,media
2,5,55,1794,323,niños_4_8,media
5,5,53,1634,267,niños_4_8,media
2,6,38,1632,393,niños_4_8,media
4,5,53,1834,369,niños_4_8,media
2,4,52,1541,316,niños_4_8,media
2,5,45,1785,352,niños_4_8,media
5,4,52,1612,344,niños_4_8,media
2,5,37,1547,376,niños_4_8,media
2,6,43,1796,390,niños_4_8,media
3,4,48,1827,408,niños_4_8,media
5,5,55,1452,365,niños_4_8,media
5,4,54,1930,350,niños_4_8,media
3,5,45,1589,425,niños_4_8,media
3,6,48,1880,267,niños_4_8,media
5,4,49,1744,429,niños_4_8,media
2,4,35,1749,397,niños_4_8,media
4,5,37,1787,274,niños_4_8,media
2,5,36,1633,352,niños_4_8,media
3,6,41,1666,357,niños_4_8,media
5,5,38,1872,395,niños_4_8,media
4,5,38,1489,419,niños_4_8,media
5,5,36,1875,425,niños_4_8,media
5,6,43,1526,389,niños_4_8,media
3,5,41,1373,389,niños_4_8,media
2,5,47,1828,269,niños_4_8,media
3,4,51,1470,294,niños_4_8,media
5,5,40,1529,395,niños_4_8,media
3,6,42,1805,364,niños_4_8,media
3,6,49,1793,289,niños_4_8,media
3,4,51,1391,268,niños_4_8,media
4,4,52,1533,397,niños_4_8,media
5,5,36,1924,370,niños_4_8,media
4,4,53,1689,322,niños_4_8,media
5,5,46,1655,401,niños_4_8,media
2,6,38,1544,275,niños_4_8,media
5,6,55,1598,267,niños_4_8,media
2,4,53,1781,412,niños_4_8,media
2,4,55,1466,431,niños_4_8,media
4,5,38,1706,419,niños_4_8,media
4,4,45,1593,326,niños_4_8,media
5,5,52,1588,395,niños_4_8,media
3,6,36,1928,425,niños_4_8,media
4,5,42,1906,377,niños_4_8,media
3,5,54,1619,423,niños_4_8,media
2,6,54,1825,328,niños_4_8,media
4,6,43,1591,345,niños_4_8,media
2,6,51,1699,430,niños_4_8,media
3,4,46,1876,364,niños_4_8,media
2,4,50,1840,323,niños_4_8,media
3,4,46,1668,292,niños_4_8,media
2,6,39,1487,315,niños_4_8,media
3,4,44,1786,389,niños_4_8,media
3,6,50,1555,371,niños_4_8,media
3,4,54,1912,392,niños_4_8,media
4,5,40,1451,357,niños_4_8,media
2,6,36,1667,304,niños_4_8,media
3,5,46,1882,426,niños_4_8,media
3,6,44,1529,384,niños_4_8,media
3,5,55,1403,331,niños_4_8,media
5,4,39,1666,398,niños_4_8,media
5,6,35,1606,284,niños_4_8,media
3,6,51,1733,360,niños_4_8,media
3,6,49,1652,334,niños_4_8,media
4,6,42,1806,278,niños_4_8,media
4,5,50,1828,378,niños_4_8,media
5,4,37,1580,351,niños_4_8,media
5,6,37,1471,319,niños_4_8,media
5,6,51,1806,355,niños_4_8,media
5,4,54,1664,359,niños_4_8,media
3,4,40,1585,366,niños_4_8,media
4,6,46,1807,421,niños_4_8,media
5,6,48,1869,404,niños_4_8,media
5,5,50,1562,415,niños_4_8,media
5,4,38,1648,284,niños_4_8,media
5,6,35,1504,331,niños_4_8,media
5,6,38,1376,427,niños_4_8,media
3,5,37,1537,309,niños_4_8,media
5,4,55,1505,363,niños_4_8,media
3,5,55,1564,325,niños_4_8,media
3,4,51,1767,326,niños_4_8,media
3,5,37,1617,417,niños_4_8,media
5,6,44,1811,407,niños_4_8,media
4,6,48,1641,409,niños_4_8,media
2,6,42,1742,406,niños_4_8,media
4,6,54,1476,422,niños_4_8,media
5,5,55,1735,283,niños_4_8,media
4,5,42,1517,347,niños_4_8,media
2,6,43,1813,325,niños_4_8,media
5,6,51,1551,370,niños_4_8,media
3,4,42,1931,318,niños_4_8,media
2,4,37,1414,387,niños_4_8,media
5,4,50,1619,381,niños_4_8,media
5,4,45,1563,360,niños_4_8,media
2,6,46,1540,345,niños_4_8,media
4,5,53,1731,429,niños_4_8,media
4,4,43,1635,330,niños_4_8,media
5,6,41,1477,382,niños_4_8,media
4,5,38,1771,319,niños_4_8,media
4,6,50,1834,299,niños_4_8,media
4,6,43,1918,339,niños_4_8,media
3,6,47,1713,310,niños_4_8,media
5,6,44,1687,302,niños_4_8,media
3,4,38,1397,313,niños_4_8,media
3,4,40,1424,327,niños_4_8,media
3,4,53,1379,331,niños_4_8,media
2,5,41,1732,410,niños_4_8,media
2,5,43,1744,332,niños_4_8,media
4,6,51,1849,282,niños_4_8,media
3,5,53,1557,431,niños_4_8,media
4,6,54,1569,405,niños_4_8,media
2,6,48,1782,432,niños_4_8,media
2,4,55,1547,272,niños_4_8,media
4,6,51,1742,283,niños_4_8,media
4,6,43,1767,292,niños_4_8,media
4,4,47,1371,401,niños_4_8,media
5,4,54,1780,428,niños_4_8,media
5,6,36,1701,384,niños_4_8,media
3,5,49,1858,402,niños_4_8,media
2,6,36,1626,375,niños_4_8,media
3,6,45,1601,285,niños_4_8,media
5,4,49,1396,412,niños_4_8,media
3,6,43,1929,324,niños_4_8,media
3,5,46,1908,279,niños_4_8,media
4,6,55,1707,324,niños_4_8,media
3,4,44,1500,287,niños_4_8,media
5,4,40,1525,274,niños_4_8,media
3,4,35,1498,305,niños_4_8,media
3,6,35,1375,285,niños_4_8,media
5,5,46,1590,366,niños_4_8,media
2,5,35,1525,352,niños_4_8,media
5,4,42,1762,346,niños_4_8,media
5,5,49,1555,415,niños_4_8,media
5,6,48,1460,342,niños_4_8,media
5,5,51,1916,363,niños_4_8,media
2,4,42,1743,291,niños_4_8,media
5,4,49,1766,381,niños_4_8,media
4,4,42,1561,298,niños_4_8,media
5,5,45,1396,388,niños_4_8,media
5,6,51,1524,431,niños_4_8,media
4,5,46,1824,273,niños_4_8,media
2,5,43,1664,422,niños_4_8,media
5,5,36,1386,306,niños_4_8,media
2,5,52,1395,422,niños_4_8,media
2,5,37,1662,429,niños_4_8,media
4,4,54,1555,412,niños_4_8,media
5,4,51,1580,396,niños_4_8,media
4,4,50,1624,421,niños_4_8,media
5,4,40,1767,336,niños_4_8,media
3,6,49,1715,360,niños_4_8,media
2,6,53,1653,282,niños_4_8,media
3,4,36,1399,418,niños_4_8,media
4,4,42,1702,301,niños_4_8,media
3,5,43,1571,420,niños_4_8,media
5,4,38,1512,269,niños_4_8,media
4,4,46,1778,380,niños_4_8,media
5,6,40,1695,415,niños_4_8,media
5,5,37,1656,358,niños_4_8,media
5,6,48,1481,290,niños_4_8,media
3,4,55,1758,426,niños_4_8,media
2,5,39,1698,280,niños_4_8,media
4,4,48,1492,348,niños_4_8,media
3,4,41,1599,353,niños_4_8,media
2,4,41,1484,354,niños_4_8,media
4,6,37,1821,363,niños_4_8,media
3,6,48,1876,396,niños_4_8,media
3,6,44,1478,383,niños_4_8,media
2,6,54,1626,284,niños_4_8,media
2,5,37,1912,296,niños_4_8,media
3,5,40,1549,382,niños_4_8,media
5,6,40,1739,305,niños_4_8,media
3,6,50,1781,339,niños_4_8,media
5,6,35,1580,353,niños_4_8,media
5,5,40,1422,365,niños_4_8,media
2,4,36,1528,397,niños_4_8,media
5,5,40,1649,427,niños_4_8,media
3,4,40,1872,356,niños_4_8,media
2,4,54,1473,294,niños_4_8,media
4,6,36,1608,297,niños_4_8,media
4,5,41,1920,273,niños_4_8,media
4,4,47,1432,297,niños_4_8,media
2,5,37,1432,319,niños_4_8,media
3,5,50,1369,390,niños_4_8,media
5,6,43,1584,339,niños_4_8,media
4,4,51,1548,297,niños_4_8,media
2,6,52,1584,372,niños_4_8,media
3,4,41,1500,424,niños_4_8,media
3,4,50,1409,305,niños_4_8,media
2,5,47,1844,346,niños_4_8,media
4,6,39,1440,272,niños_4_8,media
4,5,39,1682,412,niños_4_8,media
2,5,45,1928,427,niños_4_8,media
4,5,44,1699,275,niños_4_8,media
4,6,35,1496,362,niños_4_8,media
2,6,39,1475,427,niños_4_8,media
5,5,38,1849,388,niños_4_8,media
5,4,41,1524,338,niños_4_8,media
5,6,43,1906,302,niños_4_8,media
4,5,47,1671,294,niños_4_8,media
5,6,46,1399,296,niños_4_8,media
2,4,35,1444,317,niños_4_8,media
4,5,53,1633,371,niños_4_8,media
5,6,40,1669,330,niños_4_8,media
5,5,49,1676,293,niños_4_8,media
4,5,43,1510,266,niños_4_8,media
4,6,44,1866,341,niños_4_8,media
5,5,53,1903,274,niños_4_8,media
5,5,55,1758,382,niños_4_8,media
4,6,46,1826,400,niños_4_8,media
3,6,39,1643,393,niños_4_8,media
3,5,37,1815,278,niños_4_8,media
4,6,44,1705,313,niños_4_8,media
4,6,44,1703,279,niños_4_8,media
2,6,52,1583,380,niños_4_8,media
3,5,37,1470,387,niños_4_8,media
3,6,36,1849,370,niños_4_8,media
5,6,46,1424,331,niños_4_8,media
2,6,35,1694,411,niños_4_8,media
4,5,49,1538,388,niños_4_8,media
5,5,54,1683,399,niños_4_8,media
5,6,44,1929,279,niños_4_8,media
2,5,45,1556,417,niños_4_8,media
4,6,53,1411,344,niños_4_8,media
2,6,49,1819,365,niños_4_8,media
5,6,48,1760,400,niños_4_8,media
4,6,49,1521,398,niños_4_8,media
4,6,55,1909,289,niños_4_8,media
4,6,45,1783,388,niños_4_8,media
5,6,39,1593,324,niños_4_8,media
3,4,55,1663,388,niños_4_8,media
4,6,54,1765,356,niños_4_8,media
5,5,55,1603,372,niños_4_8,media
2,5,47,1666,409,niños_4_8,media
2,6,39,1518,413,niños_4_8,media
3,4,37,1826,315,niños_4_8,media
4,6,52,1784,387,niños_4_8,media
2,4,43,1510,326,niños_4_8,media
2,4,36,1418,396,niños_4_8,media
2,5,51,1747,305,niños_4_8,media
5,6,52,1659,267,niños_4_8,media
2,6,37,1842,298,niños_4_8,media
3,4,55,1485,282,niños_4_8,media
4,5,45,1894,364,niños_4_8,media
4,4,35,1414,420,niños_4_8,media
2,6,44,1921,273,niños_4_8,media
4,5,36,1894,432,niños_4_8,media
5,4,46,1616,346,niños_4_8,media
2,5,49,1799,300,niños_4_8,media
5,6,36,1513,334,niños_4_8,media
3,5,42,1456,423,niños_4_8,media
2,5,52,1443,313,niños_4_8,media
2,5,36,1370,397,niños_4_8,media
5,4,40,1704,361,niños_4_8,media
2,5,53,1778,363,niños_4_8,media
4,6,35,1523,416,niños_4_8,media
2,6,43,1452,349,niños_4_8,media
2,4,52,1414,367,niños_4_8,media
3,5,41,1908,317,niños_4_8,media
2,6,44,1786,344,niños_4_8,media
2,4,35,1898,376,niños_4_8,media
5,5,47,1385,309,niños_4_8,media
5,6,43,1893,412,niños_4_8,media
4,4,35,1784,389,niños_4_8,media
4,6,43,1583,338,niños_4_8,media
2,5,41,1399,407,niños_4_8,media
4,4,49,1744,286,niños_4_8,media
4,5,49,1844,374,niños_4_8,media
2,5,36,1881,337,niños_4_8,media
2,5,35,1923,302,niños_4_8,media
2,6,38,1601,295,niños_4_8,media
3,5,54,1730,378,niños_4_8,media
5,6,54,1687,366,niños_4_8,media
4,5,44,1376,422,niños_4_8,media
2,4,39,1765,346,niños_4_8,media
2,5,39,1397,293,niños_4_8,media
5,4,49,1468,299,niños_4_8,media
2,4,43,1398,350,niños_4_8,media
5,5,50,1412,394,niños_4_8,media
3,5,43,1465,392,niños_4_8,media
5,6,35,1422,426,niños_4_8,media
5,5,41,1870,351,niños_4_8,media
4,4,53,1404,334,niños_4_8,media
4,4,36,1566,333,niños_4_8,media
3,4,49,1422,419,niños_4_8,media
2,6,40,1544,316,niños_4_8,media
3,5,45,1682,398,niños_4_8,media
2,5,55,1761,302,niños_4_8,media
5,4,52,1524,325,niños_4_8,media
4,4,39,1830,324,niños_4_8,media
3,6,38,1749,376,niños_4_8,media
3,6,36,1562,397,niños_4_8,media
3,4,37,1681,417,niños_4_8,media
4,4,48,1681,298,niños_4_8,media
4,5,53,1453,320,niños_4_8,media
5,4,47,1538,295,niños_4_8,media
4,5,35,1395,338,niños_4_8,media
5,5,52,1791,315,niños_4_8,media
4,6,49,1704,363,niños_4_8,media
3,6,35,1810,362,niños_4_8,media
4,5,51,1580,336,niños_4_8,media
2,5,49,1388,423,niños_4_8,media
5,4,40,1893,416,niños_4_8,media
4,5,46,1692,396,niños_4_8,media
5,5,42,1865,304,niños_4_8,media
2,6,50,1830,317,niños_4_8,media
3,4,45,1610,280,niños_4_8,media
4,4,36,1476,344,niños_4_8,media
2,4,52,1554,285,niños_4_8,media
4,4,49,1801,320,niños_4_8,media
2,6,42,1531,315,niños_4_8,media
4,5,53,1854,280,niños_4_8,media
2,5,53,1865,279,niños_4_8,media
4,4,53,1875,349,niños_4_8,media
2,4,38,1742,403,niños_4_8,media
3,4,42,1504,353,niños_4_8,media
5,4,47,1512,342,niños_4_8,media
5,4,47,1372,395,niños_4_8,media
4,4,39,1911,402,niños_4_8,media
5,4,50,1506,274,niños_4_8,media
5,4,49,1890,299,niños_4_8,media
3,6,44,1827,325,niños_4_8,media
2,4,52,1910,281,niños_4_8,media
3,4,44,1600,413,niños_4_8,media
3,6,55,1919,419,niños_4_8,media
5,4,53,1464,391,niños_4_8,media
3,5,41,1660,351,niños_4_8,media
5,4,51,1610,283,niños_4_8,media
2,6,45,1810,319,niños_4_8,media
4,5,40,1827,287,niños_4_8,media
2,5,35,1425,385,niños_4_8,media
4,5,49,1581,303,niños_4_8,media
4,4,48,1463,418,niños_4_8,media
5,5,40,1604,389,niños_4_8,media
2,5,37,1525,286,niños_4_8,media
3,5,53,1463,429,niños_4_8,media
3,4,40,1414,333,niños_4_8,media
3,4,49,1738,279,niños_4_8,media
5,6,38,1433,271,niños_4_8,media
4,4,43,1547,386,niños_4_8,media
5,5,49,1788,283,niños_4_8,media
4,4,42,1866,308,niños_4_8,media
4,6,38,1616,395,niños_4_8,media
2,4,48,1879,402,niños_4_8,media
2,4,43,1444,295,niños_4_8,media
3,6,35,1824,267,niños_4_8,media
2,6,42,1459,288,niños_4_8,media
4,6,55,1708,335,niños_4_8,media
5,4,37,1741,311,niños_4_8,media
2,6,36,1917,422,niños_4_8,media
4,6,46,1853,333,niños_4_8,media
5,5,45,1780,294,niños_4_8,media
3,5,41,1408,389,niños_4_8,media
2,4,51,1775,409,niños_4_8,media
3,5,51,1798,322,niños_4_8,media
3,5,55,1477,314,niños_4_8,media
2,6,52,1392,383,niños_4_8,media
5,6,55,1587,385,niños_4_8,media
5,6,52,1812,432,niños_4_8,media
3,6,41,1822,432,niños_4_8,media
4,5,37,1920,281,niños_4_8,media
4,4,35,1463,364,niños_4_8,media
5,4,38,1899,278,niños_4_8,media
5,4,47,1823,364,niños_4_8,media
4,5,53,1791,323,niños_4_8,media
3,4,53,1931,356,niños_4_8,media
2,6,42,1374,278,niños_4_8,media
5,6,41,1481,434,niños_4_8,media
4,6,55,1443,419,niños_4_8,media
4,6,47,1686,425,niños_4_8,media
3,4,39,1397,285,niños_4_8,media
2,6,42,1731,299,niños_4_8,media
3,5,41,1442,303,niños_4_8,media
4,4,49,1390,385,niños_4_8,media
2,4,55,1934,302,niños_4_8,media
4,5,47,1861,418,niños_4_8,media
3,6,46,1366,317,niños_4_8,media
4,5,42,1555,292,niños_4_8,media
2,5,53,1895,297,niños_4_8,media
2,4,50,1543,417,niños_4_8,media
4,6,39,1502,348,niños_4_8,media
4,5,49,1416,418,niños_4_8,media
5,5,45,1926,394,niños_4_8,media
4,5,54,1729,298,niños_4_8,media
5,5,41,1853,292,niños_4_8,media
5,4,50,1550,376,niños_4_8,media
4,5,41,1763,307,niños_4_8,media
5,6,52,1396,434,niños_4_8,media
5,6,45,1585,428,niños_4_8,media
5,5,39,1485,336,niños_4_8,media
4,4,40,1407,424,niños_4_8,media
4,6,43,1508,387,niños_4_8,media
3,4,52,1516,374,niños_4_8,media
2,5,38,1880,395,niños_4_8,media
5,4,44,1745,272,niños_4_8,media
3,4,47,1431,319,niños_4_8,media
5,4,47,1585,274,niños_4_8,media
4,6,50,1617,400,niños_4_8,media
5,4,46,1424,325,niños_4_8,media
2,6,38,1549,321,niños_4_8,media
4,6,36,1850,408,niños_4_8,media
5,6,55,1766,405,niños_4_8,media
3,5,52,1505,422,niños_4_8,media
5,5,54,1422,403,niños_4_8,media
4,4,51,1608,305,niños_4_8,media
3,6,47,1748,270,niños_4_8,media
4,4,40,1482,378,niños_4_8,media
2,5,50,1404,365,niños_4_8,media
4,4,35,1750,400,niños_4_8,media
2,6,35,1472,305,niños_4_8,media
2,6,51,1825,304,niños_4_8,media
4,5,49,1878,307,niños_4_8,media
3,5,47,1404,287,niños_4_8,media
4,4,39,1398,375,niños_4_8,media
2,6,35,1692,301,niños_4_8,media
4,4,45,1736,358,niños_4_8,media
4,5,47,1603,295,niños_4_8,media
4,6,45,1750,322,niños_4_8,media
3,4,51,1691,351,niños_4_8,media
4,4,51,1561,362,niños_4_8,media
3,5,38,1559,299,niños_4_8,media
2,5,47,1596,289,niños_4_8,media
4,5,48,1394,343,niños_4_8,media
4,6,48,1858,415,niños_4_8,media
2,6,46,1731,340,niños_4_8,media
2,4,54,1422,319,niños_4_8,media
2,4,55,1748,267,niños_4_8,media
3,4,52,1682,285,niños_4_8,media
2,5,50,1875,341,niños_4_8,media
3,5,40,1829,377,niños_4_8,media
4,4,55,1789,331,niños_4_8,media
3,6,45,1561,329,niños_4_8,media
2,5,35,1715,341,niños_4_8,media
3,6,48,1884,363,niños_4_8,media
2,6,38,1705,325,niños_4_8,media
3,4,46,1510,292,niños_4_8,media
2,5,37,1766,401,niños_4_8,media
4,6,52,1401,347,niños_4_8,media
5,5,47,1581,361,niños_4_8,media
3,6,39,1517,404,niños_4_8,media
4,6,46,1434,309,niños_4_8,media
5,6,37,1581,279,niños_4_8,media
3,6,42,1802,316,niños_4_8,media
5,6,38,1788,363,niños_4_8,media
4,6,35,1484,297,niños_4_8,media
3,5,54,1918,326,niños_4_8,media
3,4,53,1376,313,niños_4_8,media
2,4,41,1603,419,niños_4_8,media
2,6,49,1798,302,niños_4_8,media
2,4,45,1554,427,niños_4_8,media
3,5,43,1906,359,niños_4_8,media
4,5,35,1576,358,niños_4_8,media
5,4,54,1658,281,niños_4_8,media
5,6,50,1387,346,niños_4_8,media
4,5,49,1535,341,niños_4_8,media
3,4,50,1419,395,niños_4_8,media
2,5,40,1765,422,niños_4_8,media
5,6,47,1919,403,niños_4_8,media
2,5,44,1802,385,niños_4_8,media
2,4,42,1540,380,niños_4_8,media
3,6,47,1844,357,niños_4_8,media
5,4,53,1553,361,niños_4_8,media
2,5,53,1897,275,niños_4_8,media
5,6,49,1934,421,niños_4_8,media
5,4,53,1408,291,niños_4_8,media
3,4,40,1417,272,niños_4_8,media
2,4,39,1514,416,niños_4_8,media
2,6,37,1601,282,niños_4_8,media
5,6,50,1559,430,niños_4_8,media
2,4,41,1789,337,niños_4_8,media
2,4,43,1463,416,niños_4_8,media
4,4,52,1493,410,niños_4_8,media
3,6,49,1608,277,niños_4_8,media
5,5,37,1417,337,niños_4_8,media
4,6,55,1391,382,niños_4_8,media
2,5,44,1435,401,niños_4_8,media
2,5,35,1893,395,niños_4_8,media
4,5,51,1374,383,niños_4_8,media
4,6,50,1442,369,niños_4_8,media
4,5,42,1483,298,niños_4_8,media
5,5,40,1636,285,niños_4_8,media
3,4,46,1929,375,niños_4_8,media
2,4,40,1415,421,niños_4_8,media
5,5,35,1840,312,niños_4_8,media
4,4,46,1624,349,niños_4_8,media
2,6,50,1845,375,niños_4_8,media
4,4,42,1706,398,niños_4_8,media
3,4,39,1487,432,niños_4_8,media
3,5,40,1609,405,niños_4_8,media
5,4,44,1614,360,niños_4_8,media
5,4,36,1444,369,niños_4_8,media
4,6,36,1810,290,niños_4_8,media
2,4,48,1502,432,niños_4_8,media
3,5,46,1491,269,niños_4_8,media
4,4,50,1777,414,niños_4_8,media
2,4,48,1526,336,niños_4_8,media
4,5,48,1789,274,niños_4_8,media
5,5,52,1886,354,niños_4_8,media
3,6,42,1453,268,niños_4_8,media
4,4,44,1892,383,niños_4_8,media
5,5,45,1904,287,niños_4_8,media
5,5,40,1556,412,niños_4_8,media
5,4,53,1724,339,niños_4_8,media
3,5,41,1593,297,niños_4_8,media
4,5,48,1602,402,niños_4_8,media
2,5,35,1731,359,niños_4_8,media
2,6,46,1605,299,niños_4_8,media
4,4,39,1808,404,niños_4_8,media
3,4,51,1752,431,niños_4_8,media
3,6,43,1731,411,niños_4_8,media
5,6,44,1908,299,niños_4_8,media
5,5,38,1465,361,niños_4_8,media
2,4,40,1406,317,niños_4_8,media
3,5,43,1768,284,niños_4_8,media
4,4,47,1773,333,niños_4_8,media
2,5,37,1498,345,niños_4_8,media
4,5,50,1893,380,niños_4_8,media
2,4,46,1379,417,niños_4_8,media
2,4,43,1602,342,niños_4_8,media
5,5,44,1667,274,niños_4_8,media
2,5,36,1607,324,niños_4_8,media
2,6,43,1461,301,niños_4_8,media
2,5,43,1911,377,niños_4_8,media
5,6,51,1859,342,niños_4_8,media
5,5,47,1815,345,niños_4_8,media
5,4,48,1483,280,niños_4_8,media
4,5,35,1930,330,niños_4_8,media
4,4,50,1445,375,niños_4_8,media
2,6,49,1929,366,niños_4_8,media
4,4,42,1582,314,niños_4_8,media
5,6,48,1798,296,niños_4_8,media
3,5,44,1694,268,niños_4_8,media
5,4,53,1757,319,niños_4_8,media
5,5,39,1539,324,niños_4_8,media
5,5,35,1773,394,niños_4_8,media
2,6,51,1454,363,niños_4_8,media
5,4,47,1374,323,niños_4_8,media
3,6,39,1561,272,niños_4_8,media
2,4,41,1791,391,niños_4_8,media
5,6,51,1784,376,niños_4_8,media
4,6,51,1581,339,niños_4_8,media
3,4,36,1610,381,niños_4_8,media
5,5,35,1572,403,niños_4_8,media
2,5,40,1795,279,niños_4_8,media
4,6,42,1383,298,niños_4_8,media
2,4,47,1406,368,niños_4_8,media
2,4,35,1457,309,niños_4_8,media
2,4,38,1665,317,niños_4_8,media
3,5,54,1682,345,niños_4_8,media
2,4,52,1548,349,niños_4_8,media
2,6,35,1838,268,niños_4_8,media
2,4,43,1525,407,niños_4_8,media
3,5,46,1838,348,niños_4_8,media
5,5,45,1747,346,niños_4_8,media
2,6,36,1625,364,niños_4_8,media
6,4,68,1366,517,niños_4_8,alta
6,4,55,1004,439,niños_4_8,alta
5,2,62,1073,547,niños_4_8,alta
6,3,55,812,462,niños_4_8,alta
6,2,64,932,518,niños_4_8,alta
5,2,57,1303,481,niños_4_8,alta
6,2,61,1188,488,niños_4_8,alta
6,2,63,974,484,niños_4_8,alta
5,3,57,856,492,niños_4_8,alta
5,3,59,838,592,niños_4_8,alta
6,4,56,876,600,niños_4_8,alta
5,3,61,1255,519,niños_4_8,alta
5,4,62,1087,538,niños_4_8,alta
5,2,63,1000,492,niños_4_8,alta
5,2,64,932,482,niños_4_8,alta
5,4,60,921,582,niños_4_8,alta
6,4,68,832,446,niños_4_8,alta
6,4,60,1069,523,niños_4_8,alta
5,2,58,1158,470,niños_4_8,alta
6,3,65,1271,486,niños_4_8,alta
6,4,70,814,484,niños_4_8,alta
6,3,72,1068,518,niños_4_8,alta
6,4,59,1359,571,niños_4_8,alta
5,2,74,1196,492,niños_4_8,alta
5,2,66,925,435,niños_4_8,alta
6,2,74,1224,552,niños_4_8,alta
5,4,58,1282,573,niños_4_8,alta
5,3,74,1072,557,niños_4_8,alta
6,2,64,910,490,niños_4_8,alta
5,2,67,1335,513,niños_4_8,alta
6,2,63,1173,457,niños_4_8,alta
5,4,60,1309,455,niños_4_8,alta
5,2,64,1095,455,niños_4_8,alta
5,3,58,1365,482,niños_4_8,alta
5,2,69,883,589,niños_4_8,alta
6,4,73,1010,584,niños_4_8,alta
5,2,58,1152,576,niños_4_8,alta
5,4,69,1338,593,niños_4_8,alta
5,4,61,1202,449,niños_4_8,alta
6,2,64,1271,553,niños_4_8,alta
6,3,70,1079,574,niños_4_8,alta
5,4,74,1055,484,niños_4_8,alta
5,3,73,854,465,niños_4_8,alta
5,2,66,866,452,niños_4_8,alta
6,2,63,926,568,niños_4_8,alta
6,2,62,1202,496,niños_4_8,alta
5,3,74,881,554,niños_4_8,alta
6,4,71,932,484,niños_4_8,alta
5,2,60,1096,451,niños_4_8,alta
5,2,58,894,487,niños_4_8,alta
6,3,59,1076,440,niños_4_8,alta
5,2,55,807,441,niños_4_8,alta
6,3,63,862,489,niños_4_8,alta
5,2,74,1071,525,niños_4_8,alta
6,2,57,1199,569,niños_4_8,alta
5,2,62,1137,447,niños_4_8,alta
6,3,67,855,435,niños_4_8,alta
6,3,59,1214,465,niños_4_8,alta
5,2,57,948,486,niños_4_8,alta
5,3,71,1294,509,niños_4_8,alta
6,4,70,1195,492,niños_4_8,alta
6,3,58,1253,527,niños_4_8,alta
5,2,57,1089,480,niños_4_8,alta
6,2,73,1132,503,niños_4_8,alta
5,4,62,1223,446,niños_4_8,alta
6,2,57,1004,537,niños_4_8,alta
5,3,67,1014,446,niños_4_8,alta
5,3,60,1183,457,niños_4_8,alta
6,4,55,922,438,niños_4_8,alta
6,2,70,1144,439,niños_4_8,alta
6,4,64,846,448,niños_4_8,alta
5,4,65,1092,546,niños_4_8,alta
5,4,72,1193,469,niños_4_8,alta
5,3,68,1251,519,niños_4_8,alta
6,2,61,1348,485,niños_4_8,alta
5,4,72,1146,442,niños_4_8,alta
6,3,57,1112,464,niños_4_8,alta
6,2,55,1072,486,niños_4_8,alta
6,2,64,1170,558,niños_4_8,alta
5,3,59,885,531,niños_4_8,alta
6,4,63,1008,440,niños_4_8,alta
6,3,58,940,456,niños_4_8,alta
6,3,56,1294,501,niños_4_8,alta
5,4,68,939,447,niños_4_8,alta
6,4,70,989,547,niños_4_8,alta
6,4,64,1209,558,niños_4_8,alta
5,2,70,1344,453,niños_4_8,alta
6,4,61,1364,542,niños_4_8,alta
6,4,57,1115,502,niños_4_8,alta
5,3,63,876,561,niños_4_8,alta
6,4,69,1234,525,niños_4_8,alta
6,4,70,838,592,niños_4_8,alta
5,4,56,1278,482,niños_4_8,alta
6,2,72,997,436,niños_4_8,alta
6,4,75,1345,567,niños_4_8,alta
6,3,75,1343,518,niños_4_8,alta
5,2,55,1293,589,niños_4_8,alta
5,4,55,846,477,niños_4_8,alta
6,3,56,824,491,niños_4_8,alta
6,4,58,827,521,niños_4_8,alta
5,2,63,1249,447,niños_4_8,alta
5,3,63,883,522,niños_4_8,alta
6,2,68,1308,532,niños_4_8,alta
5,4,74,991,538,niños_4_8,alta
6,2,66,1065,552,niños_4_8,alta
6,4,58,1285,475,niños_4_8,alta
5,2,59,1065,549,niños_4_8,alta
6,2,55,1180,586,niños_4_8,alta
6,4,57,1273,570,niños_4_8,alta
6,2,71,1022,534,niños_4_8,alta
5,2,58,990,446,niños_4_8,alta
5,2,56,1035,515,niños_4_8,alta
5,2,59,1252,494,niños_4_8,alta
6,3,75,1270,573,niños_4_8,alta
5,2,57,936,467,niños_4_8,alta
6,4,63,1075,526,niños_4_8,alta
6,4,72,1030,448,niños_4_8,alta
5,3,75,1292,565,niños_4_8,alta
6,2,62,1122,467,niños_4_8,alta
6,4,67,1109,536,niños_4_8,alta
6,3,63,837,468,niños_4_8,alta
5,4,75,1109,554,niños_4_8,alta
6,3,60,880,435,niños_4_8,alta
6,4,67,877,578,niños_4_8,alta
5,4,71,963,556,niños_4_8,alta
6,4,55,834,554,niños_4_8,alta
6,2,57,1198,503,niños_4_8,alta
6,2,69,1040,447,niños_4_8,alta
5,2,64,1074,439,niños_4_8,alta
5,4,64,1258,454,niños_4_8,alta
5,4,58,1305,464,niños_4_8,alta
6,4,63,1243,571,niños_4_8,alta
6,3,72,953,539,niños_4_8,alta
5,4,71,1262,549,niños_4_8,alta
5,4,64,1262,474,niños_4_8,alta
6,2,60,912,506,niños_4_8,alta
6,4,69,910,517,niños_4_8,alta
5,4,56,1193,555,niños_4_8,alta
6,4,66,1060,556,niños_4_8,alta
5,3,66,1299,490,niños_4_8,alta
5,3,57,1029,562,niños_4_8,alta
5,3,55,1127,470,niños_4_8,alta
6,3,56,1284,574,niños_4_8,alta
6,2,66,1050,534,niños_4_8,alta
6,2,73,819,594,niños_4_8,alta
5,4,64,996,451,niños_4_8,alta
6,4,59,1227,519,niños_4_8,alta
5,3,73,1086,486,niños_4_8,alta
5,2,57,1075,463,niños_4_8,alta
6,3,70,1320,561,niños_4_8,alta
6,3,69,1335,580,niños_4_8,alta
5,3,74,1005,545,niños_4_8,alta
5,2,60,827,542,niños_4_8,alta
5,4,68,835,487,niños_4_8,alta
6,2,75,1324,586,niños_4_8,alta
6,4,62,1329,562,niños_4_8,alta
5,4,55,1363,467,niños_4_8,alta
6,3,73,1352,544,niños_4_8,alta
5,4,74,1021,594,niños_4_8,alta
5,3,62,1137,559,niños_4_8,alta
6,2,55,1090,593,niños_4_8,alta
5,2,58,1102,485,niños_4_8,alta
5,3,74,1353,541,niños_4_8,alta
5,3,60,872,567,niños_4_8,alta
6,3,74,1075,519,niños_4_8,alta
6,4,56,1191,576,niños_4_8,alta
5,3,57,979,529,niños_4_8,alta
5,4,68,933,436,niños_4_8,alta
6,4,74,878,578,niños_4_8,alta
6,2,71,1271,554,niños_4_8,alta
5,4,66,1220,501,niños_4_8,alta
6,2,75,1041,488,niños_4_8,alta
5,4,60,838,489,niños_4_8,alta
6,4,68,1224,497,niños_4_8,alta
6,3,59,906,524,niños_4_8,alta
5,2,59,882,443,niños_4_8,alta
6,4,58,839,478,niños_4_8,alta
5,3,56,1156,492,niños_4_8,alta
5,3,61,939,466,niños_4_8,alta
5,3,63,1123,466,niños_4_8,alta
5,3,68,1030,516,niños_4_8,alta
6,4,65,998,562,niños_4_8,alta
5,2,58,1165,482,niños_4_8,alta
5,3,66,1323,442,niños_4_8,alta
6,4,66,1170,464,niños_4_8,alta
5,4,65,1088,577,niños_4_8,alta
5,4,59,1111,516,niños_4_8,alta
5,3,58,994,436,niños_4_8,alta
6,3,67,1144,514,niños_4_8,alta
5,4,61,1294,551,niños_4_8,alta
5,3,64,1087,527,niños_4_8,alta
5,2,68,957,560,niños_4_8,alta
6,4,74,1346,436,niños_4_8,alta
6,4,72,1032,506,niños_4_8,alta
6,2,71,1312,460,niños_4_8,alta
5,4,57,1016,522,niños_4_8,alta
6,3,68,1356,448,niños_4_8,alta
5,3,74,923,549,niños_4_8,alta
6,3,74,1304,516,niños_4_8,alta
6,4,73,1055,481,niños_4_8,alta
6,2,74,1155,582,niños_4_8,alta
6,4,62,1174,473,niños_4_8,alta
5,3,58,1345,591,niños_4_8,alta
6,2,71,1112,525,niños_4_8,alta
6,4,64,906,599,niños_4_8,alta
5,2,65,1233,564,niños_4_8,alta
5,4,61,1019,599,niños_4_8,alta
6,4,69,940,594,niños_4_8,alta
5,4,58,1055,502,niños_4_8,alta
5,2,66,1354,556,niños_4_8,alta
6,3,65,1280,484,niños_4_8,alta
5,3,63,1004,446,niños_4_8,alta
5,2,57,1084,456,niños_4_8,alta
5,3,61,1199,577,niños_4_8,alta
6,4,55,1241,510,niños_4_8,alta
5,4,63,1243,447,niños_4_8,alta
6,3,69,954,497,niños_4_8,alta
5,4,61,1076,578,niños_4_8,alta
5,2,67,841,525,niños_4_8,alta
6,2,62,1050,540,niños_4_8,alta
6,2,63,1348,550,niños_4_8,alta
5,3,75,965,500,niños_4_8,alta
6,4,65,895,536,niños_4_8,alta
5,2,68,1119,459,niños_4_8,alta
5,3,56,804,565,niños_4_8,alta
5,2,62,968,529,niños_4_8,alta
5,4,70,1038,476,niños_4_8,alta
5,4,62,1032,448,niños_4_8,alta
5,4,56,1363,511,niños_4_8,alta
5,2,70,1146,506,niños_4_8,alta
5,3,67,967,531,niños_4_8,alta
5,2,60,1187,574,niños_4_8,alta
6,2,63,833,586,niños_4_8,alta
5,2,55,918,439,niños_4_8,alta
5,2,63,1059,587,niños_4_8,alta
5,3,67,1123,542,niños_4_8,alta
6,4,65,1175,597,niños_4_8,alta
5,4,65,963,541,niños_4_8,alta
5,2,69,1303,523,niños_4_8,alta
5,4,62,990,529,niños_4_8,alta
6,3,64,1291,586,niños_4_8,alta
5,2,57,1107,527,niños_4_8,alta
6,3,68,877,499,niños_4_8,alta
6,2,59,930,487,niños_4_8,alta
6,2,68,1128,498,niños_4_8,alta
6,2,64,923,575,niños_4_8,alta
5,3,67,1213,558,niños_4_8,alta
6,4,61,979,496,niños_4_8,alta
6,2,55,1062,569,niños_4_8,alta
6,3,58,1266,542,niños_4_8,alta
5,3,58,872,479,niños_4_8,alta
5,3,58,1112,592,niños_4_8,alta
5,4,57,1069,581,niños_4_8,alta
6,4,66,815,566,niños_4_8,alta
5,3,66,1187,523,niños_4_8,alta
6,3,67,1346,563,niños_4_8,alta
5,4,64,1302,484,niños_4_8,alta
5,2,64,810,556,niños_4_8,alta
5,4,65,927,571,niños_4_8,alta
6,3,74,1021,574,niños_4_8,alta
6,4,61,1150,547,niños_4_8,alta
6,2,67,1245,458,niños_4_8,alta
6,2,67,1235,575,niños_4_8,alta
5,3,68,922,585,niños_4_8,alta
6,2,57,1226,554,niños_4_8,alta
5,2,74,965,479,niños_4_8,alta
6,3,65,1214,453,niños_4_8,alta
5,3,68,1063,451,niños_4_8,alta
6,3,71,1232,468,niños_4_8,alta
5,4,57,1187,467,niños_4_8,alta
6,4,60,1348,570,niños_4_8,alta
5,3,62,839,598,niños_4_8,alta
5,4,72,1089,600,niños_4_8,alta
5,4,66,1046,548,niños_4_8,alta
5,3,61,1039,512,niños_4_8,alta
5,2,66,823,492,niños_4_8,alta
5,4,66,1180,555,niños_4_8,alta
6,2,57,905,478,niños_4_8,alta
6,4,64,1291,507,niños_4_8,alta
5,3,56,1306,582,niños_4_8,alta
6,4,60,1225,552,niños_4_8,alta
5,3,64,1077,464,niños_4_8,alta
6,2,65,1356,541,niños_4_8,alta
6,2,74,916,540,niños_4_8,alta
6,4,67,1350,486,niños_4_8,alta
5,4,69,983,599,niños_4_8,alta
6,3,73,1005,499,niños_4_8,alta
6,4,72,1125,596,niños_4_8,alta
6,2,71,1096,449,niños_4_8,alta
6,4,57,1256,484,niños_4_8,alta
5,2,73,1274,487,niños_4_8,alta
6,2,71,909,464,niños_4_8,alta
5,2,57,1248,488,niños_4_8,alta
5,4,67,1214,570,niños_4_8,alta
5,4,73,1175,528,niños_4_8,alta
6,2,57,1332,444,niños_4_8,alta
5,3,58,1212,460,niños_4_8,alta
5,2,65,1231,498,niños_4_8,alta
5,4,62,882,554,niños_4_8,alta
5,3,72,1250,485,niños_4_8,alta
6,2,65,1127,580,niños_4_8,alta
6,4,75,1326,551,niños_4_8,alta
5,3,62,914,451,niños_4_8,alta
6,4,72,989,561,niños_4_8,alta
5,2,69,1255,591,niños_4_8,alta
5,3,64,967,553,niños_4_8,alta
5,4,58,1183,528,niños_4_8,alta
6,2,68,867,511,niños_4_8,alta
6,2,61,1074,537,niños_4_8,alta
5,3,66,946,508,niños_4_8,alta
5,3,74,924,560,niños_4_8,alta
6,2,56,819,494,niños_4_8,alta
5,4,66,975,557,niños_4_8,alta
5,3,75,984,442,niños_4_8,alta
6,4,69,1177,542,niños_4_8,alta
5,4,61,1108,452,niños_4_8,alta
6,4,72,1220,542,niños_4_8,alta
5,4,73,1240,480,niños_4_8,alta
5,3,69,1022,511,niños_4_8,alta
6,2,67,813,566,niños_4_8,alta
5,3,57,1055,550,niños_4_8,alta
5,2,67,815,561,niños_4_8,alta
5,4,75,1257,558,niños_4_8,alta
6,2,68,1186,463,niños_4_8,alta
5,3,62,1185,586,niños_4_8,alta
5,4,63,1323,519,niños_4_8,alta
6,4,64,861,472,niños_4_8,alta
5,2,73,879,481,niños_4_8,alta
5,3,56,932,477,niños_4_8,alta
6,2,69,1356,517,niños_4_8,alta
5,4,73,866,558,niños_4_8,alta
5,3,58,1018,435,niños_4_8,alta
5,3,66,1329,579,niños_4_8,alta
6,2,59,837,588,niños_4_8,alta
5,3,64,909,590,niños_4_8,alta
6,3,66,1321,483,niños_4_8,alta
6,2,69,905,546,niños_4_8,alta
6,2,75,1230,502,niños_4_8,alta
5,3,55,1151,595,niños_4_8,alta
5,4,65,1032,516,niños_4_8,alta
5,3,69,861,587,niños_4_8,alta
5,4,68,1202,439,niños_4_8,alta
6,4,61,899,456,niños_4_8,alta
5,3,69,1039,530,niños_4_8,alta
6,2,69,1269,470,niños_4_8,alta
5,4,68,840,510,niños_4_8,alta
6,3,64,1172,475,niños_4_8,alta
6,2,66,858,538,niños_4_8,alta
6,2,61,1216,470,niños_4_8,alta
6,4,59,1277,587,niños_4_8,alta
5,4,67,1207,521,niños_4_8,alta
5,2,58,817,548,niños_4_8,alta
6,3,57,923,530,niños_4_8,alta
5,3,69,866,557,niños_4_8,alta
5,3,66,1203,510,niños_4_8,alta
5,3,73,1131,515,niños_4_8,alta
6,4,62,1234,600,niños_4_8,alta
6,3,59,1213,462,niños_4_8,alta
5,4,62,1204,594,niños_4_8,alta
6,4,72,1045,499,niños_4_8,alta
6,4,56,1153,450,niños_4_8,alta
5,2,61,1354,577,niños_4_8,alta
5,4,58,986,545,niños_4_8,alta
5,2,72,1256,530,niños_4_8,alta
5,3,61,1227,577,niños_4_8,alta
6,3,74,1043,590,niños_4_8,alta
6,4,63,931,473,niños_4_8,alta
5,3,67,1096,501,niños_4_8,alta
5,4,65,1139,465,niños_4_8,alta
6,2,62,1317,462,niños_4_8,alta
6,4,57,1307,478,niños_4_8,alta
6,3,55,1298,600,niños_4_8,alta
5,2,58,1146,492,niños_4_8,alta
6,4,69,1141,540,niños_4_8,alta
5,3,58,1123,548,niños_4_8,alta
5,3,61,946,559,niños_4_8,alta
5,2,62,1255,562,niños_4_8,alta
5,2,68,1176,505,niños_4_8,alta
6,2,75,962,479,niños_4_8,alta
6,4,73,1016,541,niños_4_8,alta
5,3,57,864,541,niños_4_8,alta
5,3,62,806,572,niños_4_8,alta
6,4,59,1342,514,niños_4_8,alta
5,3,67,815,489,niños_4_8,alta
5,2,59,1050,504,niños_4_8,alta
5,3,55,981,491,niños_4_8,alta
6,4,63,1283,441,niños_4_8,alta
5,4,62,1225,571,niños_4_8,alta
6,4,61,1087,535,niños_4_8,alta
5,2,55,876,436,niños_4_8,alta
6,4,75,933,441,niños_4_8,alta
5,2,73,1268,563,niños_4_8,alta
6,2,69,1187,499,niños_4_8,alta
5,2,60,1178,548,niños_4_8,alta
6,3,74,1247,456,niños_4_8,alta
5,3,72,938,518,niños_4_8,alta
5,4,61,1099,519,niños_4_8,alta
6,4,62,955,541,niños_4_8,alta
5,3,64,1118,556,niños_4_8,alta
6,4,70,915,545,niños_4_8,alta
5,2,60,952,567,niños_4_8,alta
5,3,62,820,551,niños_4_8,alta
5,4,55,978,456,niños_4_8,alta
6,2,59,955,529,niños_4_8,alta
5,4,55,1161,521,niños_4_8,alta
5,3,63,1028,531,niños_4_8,alta
6,3,75,1029,560,niños_4_8,alta
5,2,70,1318,516,niños_4_8,alta
6,3,73,1121,485,niños_4_8,alta
5,2,68,1152,569,niños_4_8,alta
5,3,72,872,597,niños_4_8,alta
6,2,62,1150,594,niños_4_8,alta
5,2,61,1248,435,niños_4_8,alta
5,3,60,1287,512,niños_4_8,alta
6,2,66,1081,465,niños_4_8,alta
6,4,66,1360,523,niños_4_8,alta
5,3,61,1084,598,niños_4_8,alta
6,2,65,891,519,niños_4_8,alta
5,2,73,1204,516,niños_4_8,alta
5,2,56,1317,539,niños_4_8,alta
6,2,63,1331,503,niños_4_8,alta
6,3,69,1101,493,niños_4_8,alta
5,2,64,1034,566,niños_4_8,alta
6,4,75,918,577,niños_4_8,alta
6,2,57,1039,590,niños_4_8,alta
5,4,63,1083,540,niños_4_8,alta
6,4,69,1286,515,niños_4_8,alta
5,4,62,1336,558,niños_4_8,alta
5,3,61,1162,552,niños_4_8,alta
5,2,73,1059,530,niños_4_8,alta
6,3,64,953,469,niños_4_8,alta
6,2,61,811,508,niños_4_8,alta
5,2,75,1040,449,niños_4_8,alta
5,2,63,1003,454,niños_4_8,alta
5,2,57,932,507,niños_4_8,alta
6,2,72,1027,458,niños_4_8,alta
5,3,67,1138,521,niños_4_8,alta
6,4,63,1243,516,niños_4_8,alta
6,3,73,935,498,niños_4_8,alta
6,3,72,1274,579,niños_4_8,alta
5,2,67,988,547,niños_4_8,alta
5,3,59,1336,446,niños_4_8,alta
6,4,61,1251,450,niños_4_8,alta
6,4,60,1280,484,niños_4_8,alta
6,3,56,1336,533,niños_4_8,alta
6,4,61,900,553,niños_4_8,alta
6,3,69,1006,571,niños_4_8,alta
6,4,63,1111,549,niños_4_8,alta
6,4,61,1061,536,niños_4_8,alta
6,2,64,906,495,niños_4_8,alta
6,3,64,817,434,niños_4_8,alta
6,2,70,870,486,niños_4_8,alta
6,2,56,833,600,niños_4_8,alta
5,4,60,1240,558,niños_4_8,alta
5,2,69,1128,453,niños_4_8,alta
6,4,74,846,501,niños_4_8,alta
6,4,72,1087,470,niños_4_8,alta
6,2,69,912,579,niños_4_8,alta
5,2,66,1091,516,niños_4_8,alta
5,2,61,1192,528,niños_4_8,alta
6,4,57,1056,446,niños_4_8,alta
5,3,56,951,544,niños_4_8,alta
6,4,59,1002,461,niños_4_8,alta
6,4,73,1298,526,niños_4_8,alta
5,2,59,1114,491,niños_4_8,alta
5,2,70,1110,465,niños_4_8,alta
6,2,58,1245,502,niños_4_8,alta
6,2,66,955,556,niños_4_8,alta
5,2,60,1265,445,niños_4_8,alta
6,2,61,1043,450,niños_4_8,alta
6,3,71,1133,594,niños_4_8,alta
6,3,62,1137,517,niños_4_8,alta
5,2,74,1255,443,niños_4_8,alta
5,3,55,982,557,niños_4_8,alta
6,3,62,993,536,niños_4_8,alta
5,3,64,966,496,niños_4_8,alta
5,4,56,932,484,niños_4_8,alta
5,2,57,916,518,niños_4_8,alta
5,3,73,951,475,niños_4_8,alta
5,3,75,1152,480,niños_4_8,alta
5,2,66,1029,554,niños_4_8,alta
5,4,63,1015,485,niños_4_8,alta
6,4,72,893,505,niños_4_8,alta
6,3,68,897,523,niños_4_8,alta
6,2,66,922,459,niños_4_8,alta
5,2,64,947,554,niños_4_8,alta
6,4,68,1174,447,niños_4_8,alta
5,4,59,1236,510,niños_4_8,alta
6,3,56,1013,493,niños_4_8,alta
5,4,61,1104,509,niños_4_8,alta
6,4,65,873,486,niños_4_8,alta
6,3,55,1092,487,niños_4_8,alta
5,3,55,1275,475,niños_4_8,alta
6,4,59,817,496,niños_4_8,alta
5,3,55,931,467,niños_4_8,alta
5,2,62,1111,597,niños_4_8,alta
5,3,60,1322,588,niños_4_8,alta
5,4,73,1066,548,niños_4_8,alta
5,3,64,1017,506,niños_4_8,alta
5,3,68,1346,540,niños_4_8,alta
5,2,72,966,483,niños_4_8,alta
5,4,72,856,518,niños_4_8,alta
5,4,70,1150,533,niños_4_8,alta
5,3,65,899,548,niños_4_8,alta
6,3,62,1004,518,niños_4_8,alta
5,2,57,1090,537,niños_4_8,alta
6,3,56,915,554,niños_4_8,alta
5,3,63,1148,502,niños_4_8,alta
6,3,69,1168,505,niños_4_8,alta
6,3,55,893,450,niños_4_8,alta
6,3,74,991,435,niños_4_8,alta
5,4,71,1120,582,niños_4_8,alta
5,3,57,988,599,niños_4_8,alta
6,3,57,964,520,niños_4_8,alta
6,2,71,1160,533,niños_4_8,alta
5,2,61,993,457,niños_4_8,alta
5,3,74,825,561,niños_4_8,alta
6,3,69,907,499,niños_4_8,alta
5,4,66,1328,479,niños_4_8,alta
5,4,68,1153,496,niños_4_8,alta
5,2,70,1160,482,niños_4_8,alta
5,2,60,1016,577,niños_4_8,alta
6,4,75,999,436,niños_4_8,alta
6,3,74,1333,508,niños_4_8,alta
6,2,65,1232,564,niños_4_8,alta
5,2,71,844,500,niños_4_8,alta
6,3,58,912,526,niños_4_8,alta
5,3,68,894,569,niños_4_8,alta
6,2,57,1006,529,niños_4_8,alta
6,4,59,871,525,niños_4_8,alta
5,4,58,1328,578,niños_4_8,alta
5,2,55,1266,522,niños_4_8,alta
5,2,68,1271,558,niños_4_8,alta
5,3,57,802,515,niños_4_8,alta
6,2,56,871,493,niños_4_8,alta
5,4,69,1180,436,niños_4_8,alta
5,4,70,889,451,niños_4_8,alta
5,4,59,809,588,niños_4_8,alta
6,4,70,1249,467,niños_4_8,alta
6,2,58,1045,587,niños_4_8,alta
5,3,70,1289,485,niños_4_8,alta
5,2,62,1037,485,niños_4_8,alta
6,3,55,926,565,niños_4_8,alta
5,4,58,1157,598,niños_4_8,alta
6,4,71,894,493,niños_4_8,alta
6,3,62,929,556,niños_4_8,alta
5,4,55,984,533,niños_4_8,alta
5,4,64,1326,461,niños_4_8,alta
5,4,69,950,460,niños_4_8,alta
5,2,61,1261,440,niños_4_8,alta
5,2,60,1270,457,niños_4_8,alta
6,3,61,902,437,niños_4_8,alta
6,4,61,1249,512,niños_4_8,alta
6,2,73,924,476,niños_4_8,alta
6,3,71,1113,434,niños_4_8,alta
6,4,63,1007,514,niños_4_8,alta
6,4,70,977,513,niños_4_8,alta
5,3,70,920,439,niños_4_8,alta
6,3,74,821,467,niños_4_8,alta
6,2,64,1135,434,niños_4_8,alta
6,3,61,1106,488,niños_4_8,alta
5,3,60,1109,447,niños_4_8,alta
6,2,64,1307,500,niños_4_8,alta
6,4,72,965,452,niños_4_8,alta
5,3,58,1028,471,niños_4_8,alta
6,4,69,900,440,niños_4_8,alta
5,4,60,1163,519,niños_4_8,alta
5,4,64,828,534,niños_4_8,alta
5,3,59,1232,534,niños_4_8,alta
6,2,75,1056,595,niños_4_8,alta
6,2,64,1337,512,niños_4_8,alta
6,4,67,1058,580,niños_4_8,alta
5,2,64,1355,511,niños_4_8,alta
5,3,68,1044,487,niños_4_8,alta
6,4,73,1038,599,niños_4_8,alta
5,4,69,850,450,niños_4_8,alta
6,4,61,1267,461,niños_4_8,alta
5,2,70,1006,528,niños_4_8,alta
5,4,58,1310,531,niños_4_8,alta
5,4,55,1344,491,niños_4_8,alta
5,4,71,858,591,niños_4_8,alta
5,4,65,943,563,niños_4_8,alta
6,2,62,1282,547,niños_4_8,alta
6,2,55,1312,436,niños_4_8,alta
6,3,65,1164,519,niños_4_8,alta
5,2,60,1106,525,niños_4_8,alta
6,4,68,1227,453,niños_4_8,alta
5,2,67,1049,586,niños_4_8,alta
5,3,58,1196,450,niños_4_8,alta
6,4,67,816,440,niños_4_8,alta
6,4,69,1134,452,niños_4_8,alta
5,2,65,1109,482,niños_4_8,alta
5,2,67,807,500,niños_4_8,alta
6,2,58,1361,497,niños_4_8,alta
5,4,74,972,501,niños_4_8,alta
5,4,63,958,570,niños_4_8,alta
5,2,67,1103,508,niños_4_8,alta
6,4,75,824,567,niños_4_8,alta
5,2,63,896,551,niños_4_8,alta
6,4,57,1149,527,niños_4_8,alta
6,2,71,1180,564,niños_4_8,alta
5,3,61,1356,528,niños_4_8,alta
5,2,63,1077,461,niños_4_8,alta
5,2,64,1030,548,niños_4_8,alta
6,2,74,1093,472,niños_4_8,alta
5,2,60,840,493,niños_4_8,alta
5,2,68,823,472,niños_4_8,alta
5,4,56,1131,567,niños_4_8,alta
5,3,63,1155,483,niños_4_8,alta
5,2,70,1202,581,niños_4_8,alta
6,4,68,949,434,niños_4_8,alta
6,4,62,897,469,niños_4_8,alta
5,3,56,1276,436,niños_4_8,alta
6,4,59,1014,530,niños_4_8,alta
5,2,74,1116,475,niños_4_8,alta
6,3,57,1339,563,niños_4_8,alta
6,4,68,1004,455,niños_4_8,alta
6,4,72,1263,504,niños_4_8,alta
5,4,74,877,568,niños_4_8,alta
5,3,63,1124,531,niños_4_8,alta
6,3,59,1105,500,niños_4_8,alta
6,3,73,962,575,niños_4_8,alta
6,4,62,941,564,niños_4_8,alta
6,3,70,908,523,niños_4_8,alta
6,3,64,1259,542,niños_4_8,alta
5,4,62,816,474,niños_4_8,alta
5,4,55,1354,442,niños_4_8,alta
6,4,70,944,473,niños_4_8,alta
5,4,69,1007,467,niños_4_8,alta
6,4,71,925,459,niños_4_8,alta
5,4,67,1000,499,niños_4_8,alta
6,4,61,865,469,niños_4_8,alta
5,3,60,1195,573,niños_4_8,alta
5,3,69,1306,504,niños_4_8,alta
6,3,75,1140,500,niños_4_8,alta
5,4,75,1254,597,niños_4_8,alta
6,3,62,1240,572,niños_4_8,alta
5,4,67,1189,471,niños_4_8,alta
5,3,68,946,536,niños_4_8,alta
5,2,64,1225,505,niños_4_8,alta
6,2,68,844,577,niños_4_8,alta
5,2,61,942,506,niños_4_8,alta
6,3,67,1294,434,niños_4_8,alta
5,4,63,1301,528,niños_4_8,alta
6,3,68,1127,524,niños_4_8,alta
5,3,70,1083,504,niños_4_8,alta
6,2,66,1130,555,niños_4_8,alta
6,3,69,839,482,niños_4_8,alta
5,2,65,826,588,niños_4_8,alta
5,4,61,1032,485,niños_4_8,alta
5,3,67,1160,495,niños_4_8,alta
5,3,69,1117,499,niños_4_8,alta
6,4,65,1250,520,niños_4_8,alta
5,4,68,1175,513,niños_4_8,alta
6,2,70,1315,572,niños_4_8,alta
5,2,60,1294,561,niños_4_8,alta
5,2,64,1258,584,niños_4_8,alta
5,4,67,1106,487,niños_4_8,alta
6,2,70,1360,482,niños_4_8,alta
6,4,60,943,451,niños_4_8,alta
5,4,65,1362,489,niños_4_8,alta
6,3,59,1359,553,niños_4_8,alta
5,3,75,987,596,niños_4_8,alta
5,2,61,948,559,niños_4_8,alta
6,2,71,935,486,niños_4_8,alta
6,4,69,933,545,niños_4_8,alta
6,3,58,906,582,niños_4_8,alta
5,3,60,1197,524,niños_4_8,alta
5,3,63,1028,562,niños_4_8,alta
5,2,60,1077,470,niños_4_8,alta
6,4,56,1024,544,niños_4_8,alta
6,4,71,1288,556,niños_4_8,alta
6,3,61,1303,446,niños_4_8,alta
5,3,72,1319,552,niños_4_8,alta
6,4,56,1337,552,niños_4_8,alta
5,3,66,913,435,niños_4_8,alta
6,4,66,1244,434,niños_4_8,alta
6,2,64,940,457,niños_4_8,alta
6,4,65,1362,564,niños_4_8,alta
6,3,72,1110,435,niños_4_8,alta
5,4,60,1010,576,niños_4_8,alta
5,4,60,811,561,niños_4_8,alta
5,3,60,1037,499,niños_4_8,alta
5,3,55,919,477,niños_4_8,alta
5,2,56,803,586,niños_4_8,alta
6,2,61,950,572,niños_4_8,alta
6,2,55,1027,571,niños_4_8,alta
6,2,56,917,554,niños_4_8,alta
6,2,64,846,445,niños_4_8,alta
6,2,69,875,589,niños_4_8,alta
5,3,58,817,468,niños_4_8,alta
5,4,66,913,557,niños_4_8,alta
6,3,61,1312,443,niños_4_8,alta
6,4,71,938,535,niños_4_8,alta
5,4,73,929,570,niños_4_8,alta
5,3,65,931,537,niños_4_8,alta
6,4,63,883,473,niños_4_8,alta
6,2,73,920,470,niños_4_8,alta
6,3,56,824,495,niños_4_8,alta
6,4,66,1011,577,niños_4_8,alta
6,2,67,1348,536,niños_4_8,alta
5,3,73,920,494,niños_4_8,alta
5,2,57,920,538,niños_4_8,alta
6,2,75,1297,580,niños_4_8,alta
5,4,55,1313,465,niños_4_8,alta
5,3,56,931,467,niños_4_8,alta
5,4,65,1044,481,niños_4_8,alta
5,3,69,1355,532,niños_4_8,alta
5,3,73,993,457,niños_4_8,alta
6,3,56,951,436,niños_4_8,alta
6,2,64,1159,501,niños_4_8,alta
5,4,70,1012,453,niños_4_8,alta
5,3,63,1071,530,niños_4_8,alta
5,2,59,1213,447,niños_4_8,alta
6,3,69,1085,486,niños_4_8,alta
5,3,65,865,558,niños_4_8,alta
5,4,68,1210,584,niños_4_8,alta
5,3,61,1011,545,niños_4_8,alta
5,2,58,1067,435,niños_4_8,alta
5,2,58,1062,481,niños_4_8,alta
5,2,61,1318,516,niños_4_8,alta
5,4,64,1292,555,niños_4_8,alta
6,4,55,1258,467,niños_4_8,alta
6,3,71,1209,561,niños_4_8,alta
6,3,58,1037,581,niños_4_8,alta
5,3,66,1299,576,niños_4_8,alta
6,4,68,1339,443,niños_4_8,alta
5,2,56,1240,572,niños_4_8,alta
5,3,58,1310,452,niños_4_8,alta
6,2,60,1141,550,niños_4_8,alta
5,4,60,1192,545,niños_4_8,alta
6,3,57,1353,526,niños_4_8,alta
5,4,75,861,509,niños_4_8,alta
6,2,60,1297,490,niños_4_8,alta
5,4,75,1301,450,niños_4_8,alta
5,4,57,932,527,niños_4_8,alta
6,3,75,1147,442,niños_4_8,alta
5,3,69,1123,445,niños_4_8,alta
5,3,63,1304,515,niños_4_8,alta
6,4,57,1240,464,niños_4_8,alta
5,2,67,1314,539,niños_4_8,alta
6,2,61,1347,548,niños_4_8,alta
6,3,58,1351,439,niños_4_8,alta
5,2,59,1099,478,niños_4_8,alta
6,4,61,1173,458,niños_4_8,alta
6,4,74,865,477,niños_4_8,alta
6,3,55,1217,481,niños_4_8,alta
5,4,58,1036,550,niños_4_8,alta
5,3,68,998,533,niños_4_8,alta
6,4,72,870,496,niños_4_8,alta
6,4,67,1178,543,niños_4_8,alta
5,3,72,964,582,niños_4_8,alta
6,2,68,992,484,niños_4_8,alta
6,3,63,1170,475,niños_4_8,alta
6,4,63,1003,485,niños_4_8,alta
6,2,72,876,555,niños_4_8,alta
5,4,57,1099,470,niños_4_8,alta
5,4,75,1015,518,niños_4_8,alta
5,4,62,859,568,niños_4_8,alta
5,2,67,1200,546,niños_4_8,alta
5,4,59,1009,600,niños_4_8,alta
6,3,70,1171,434,niños_4_8,alta
5,4,64,1317,477,niños_4_8,alta
5,4,66,1154,565,niños_4_8,alta
5,4,59,1292,477,niños_4_8,alta
5,2,59,1353,462,niños_4_8,alta
6,3,69,839,486,niños_4_8,alta
6,3,73,926,588,niños_4_8,alta
5,4,62,1196,557,niños_4_8,alta
6,2,65,813,592,niños_4_8,alta
6,4,75,870,579,niños_4_8,alta
5,4,59,1281,482,niños_4_8,alta
6,2,60,1258,575,niños_4_8,alta
6,3,60,1254,523,niños_4_8,alta
6,4,67,834,456,niños_4_8,alta
5,2,57,925,459,niños_4_8,alta
6,2,67,1108,449,niños_4_8,alta
6,4,67,844,536,niños_4_8,alta
6,4,71,1094,501,niños_4_8,alta
5,3,60,978,544,niños_4_8,alta
6,4,67,1205,453,niños_4_8,alta
5,3,70,1144,469,niños_4_8,alta
5,3,72,1350,551,niños_4_8,alta
5,4,74,889,589,niños_4_8,alta
6,4,55,1046,531,niños_4_8,alta
5,3,59,893,519,niños_4_8,alta
6,4,61,1093,481,niños_4_8,alta
6,3,65,1068,537,niños_4_8,alta
5,3,58,1206,583,niños_4_8,alta
6,4,59,991,434,niños_4_8,alta
6,2,63,1328,525,niños_4_8,alta
6,4,73,1173,569,niños_4_8,alta
6,4,70,1307,544,niños_4_8,alta
5,3,56,1340,470,niños_4_8,alta
5,3,61,1304,576,niños_4_8,alta
6,2,69,1264,499,niños_4_8,alta
5,4,67,943,547,niños_4_8,alta
5,4,62,884,501,niños_4_8,alta
5,2,65,1357,558,niños_4_8,alta
6,3,65,959,574,niños_4_8,alta
5,4,61,1074,459,niños_4_8,alta
6,2,70,1363,482,niños_4_8,alta
5,4,58,1261,436,niños_4_8,alta
6,3,69,1258,573,niños_4_8,alta
6,4,56,818,589,niños_4_8,alta
5,3,75,957,548,niños_4_8,alta
6,2,62,1018,511,niños_4_8,alta
6,2,56,1276,518,niños_4_8,alta
6,4,70,923,586,niños_4_8,alta
6,4,57,1287,501,niños_4_8,alta
6,4,70,1007,444,niños_4_8,alta
5,2,56,1356,445,niños_4_8,alta
5,4,62,982,529,niños_4_8,alta
6,2,65,862,494,niños_4_8,alta
6,4,68,1088,461,niños_4_8,alta
5,2,70,1071,597,niños_4_8,alta
5,2,62,1166,485,niños_4_8,alta
6,2,58,1037,501,niños_4_8,alta
5,3,65,997,549,niños_4_8,alta
6,2,65,1236,524,niños_4_8,alta
5,3,63,1316,449,niños_4_8,alta
6,3,71,1194,527,niños_4_8,alta
5,4,68,1199,544,niños_4_8,alta
6,3,71,824,476,niños_4_8,alta
6,4,65,1272,460,niños_4_8,alta
5,2,67,980,580,niños_4_8,alta
6,2,66,1336,436,niños_4_8,alta
6,4,64,1217,577,niños_4_8,alta
6,2,69,934,501,niños_4_8,alta
6,4,68,1150,567,niños_4_8,alta
5,3,60,1044,518,niños_4_8,alta
5,4,62,1121,599,niños_4_8,alta
6,2,61,1218,561,niños_4_8,alta
6,4,61,1204,518,niños_4_8,alta
5,2,61,1141,533,niños_4_8,alta
5,4,64,1182,525,niños_4_8,alta
5,3,65,1250,469,niños_4_8,alta
6,2,58,1298,487,niños_4_8,alta
6,3,56,1289,457,niños_4_8,alta
5,2,56,962,528,niños_4_8,alta
6,2,66,1179,452,niños_4_8,alta
5,3,70,1244,554,niños_4_8,alta
5,4,62,1229,572,niños_4_8,alta
6,4,72,1055,527,niños_4_8,alta
6,4,69,1324,461,niños_4_8,alta
5,2,56,1321,526,niños_4_8,alta
5,4,66,1059,523,niños_4_8,alta
5,4,55,1174,490,niños_4_8,alta
5,4,74,985,572,niños_4_8,alta
6,3,67,1041,519,niños_4_8,alta
5,3,66,1094,530,niños_4_8,alta
6,3,55,1165,561,niños_4_8,alta
6,3,55,1134,444,niños_4_8,alta
5,4,64,1064,598,niños_4_8,alta
5,2,64,950,492,niños_4_8,alta
5,4,73,846,463,niños_4_8,alta
5,2,63,1363,485,niños_4_8,alta
6,3,75,1292,452,niños_4_8,alta
6,2,68,1306,496,niños_4_8,alta
6,2,69,848,568,niños_4_8,alta
5,4,64,935,588,niños_4_8,alta
6,4,56,876,476,niños_4_8,alta
5,4,62,1272,509,niños_4_8,alta
5,4,60,1272,490,niños_4_8,alta
5,4,63,1121,584,niños_4_8,alta
5,3,58,1354,546,niños_4_8,alta
5,2,74,1127,544,niños_4_8,alta
5,4,70,1060,504,niños_4_8,alta
5,4,59,1146,499,niños_4_8,alta
6,4,62,1314,513,niños_4_8,alta
6,4,55,1350,584,niños_4_8,alta
6,2,74,1047,462,niños_4_8,alta
5,2,63,898,477,niños_4_8,alta
6,3,72,1150,501,niños_4_8,alta
5,3,63,1051,553,niños_4_8,alta
6,4,67,1136,580,niños_4_8,alta
5,2,56,1316,449,niños_4_8,alta
5,2,73,1107,508,niños_4_8,alta
6,2,75,844,486,niños_4_8,alta
5,2,62,1242,492,niños_4_8,alta
5,4,73,811,594,niños_4_8,alta
6,4,55,1326,499,niños_4_8,alta
6,3,69,1050,482,niños_4_8,alta
6,4,71,960,554,niños_4_8,alta
6,3,67,1141,577,niños_4_8,alta
5,2,71,1234,589,niños_4_8,alta
5,3,56,1212,484,niños_4_8,alta
6,3,64,824,442,niños_4_8,alta
6,4,69,954,586,niños_4_8,alta
5,4,60,1090,576,niños_4_8,alta
5,2,57,1130,470,niños_4_8,alta
5,3,67,806,546,niños_4_8,alta
5,4,63,1314,538,niños_4_8,alta
5,4,67,1186,499,niños_4_8,alta
6,3,74,1222,567,niños_4_8,alta
5,2,68,1122,593,niños_4_8,alta
5,2,55,899,459,niños_4_8,alta
5,2,61,1265,580,niños_4_8,alta
5,3,69,1342,463,niños_4_8,alta
6,3,69,827,539,niños_4_8,alta
5,3,56,1118,536,niños_4_8,alta
5,4,64,1168,461,niños_4_8,alta
5,4,59,1253,471,niños_4_8,alta
6,3,58,1335,490,niños_4_8,alta
5,3,56,1003,575,niños_4_8,alta
5,4,72,1213,490,niños_4_8,alta
6,2,59,1173,493,niños_4_8,alta
5,4,63,1262,564,niños_4_8,alta
5,3,62,822,490,niños_4_8,alta
5,2,61,810,492,niños_4_8,alta
5,2,61,919,570,niños_4_8,alta
6,3,64,874,453,niños_4_8,alta
5,2,74,914,449,niños_4_8,alta
5,4,71,933,571,niños_4_8,alta
5,3,58,948,580,niños_4_8,alta
6,2,69,838,590,niños_4_8,alta
6,3,64,835,544,niños_4_8,alta
6,3,63,820,444,niños_4_8,alta
5,2,64,1329,567,niños_4_8,alta
6,3,72,891,541,niños_4_8,alta
5,4,73,1051,474,niños_4_8,alta
5,2,69,1055,586,niños_4_8,alta
6,2,69,1126,553,niños_4_8,alta
6,4,75,845,473,niños_4_8,alta
6,3,67,1277,517,niños_4_8,alta
5,4,65,1333,463,niños_4_8,alta
5,3,61,971,506,niños_4_8,alta
6,3,59,839,524,niños_4_8,alta
6,2,66,855,519,niños_4_8,alta
6,2,56,891,555,niños_4_8,alta
6,2,62,1311,446,niños_4_8,alta
6,3,66,1065,583,niños_4_8,alta
6,3,57,1262,539,niños_4_8,alta
5,4,62,1304,436,niños_4_8,alta
5,2,56,954,458,niños_4_8,alta
5,3,59,1320,538,niños_4_8,alta
6,2,74,973,452,niños_4_8,alta
5,3,67,1214,597,niños_4_8,alta
6,2,66,1118,549,niños_4_8,alta
5,4,62,1094,481,niños_4_8,alta
6,2,64,916,531,niños_4_8,alta
5,4,67,1234,517,niños_4_8,alta
6,2,72,1002,491,niños_4_8,alta
5,2,74,1120,554,niños_4_8,alta
5,4,72,855,452,niños_4_8,alta
5,2,58,850,571,niños_4_8,alta
6,2,60,1350,475,niños_4_8,alta
5,4,60,1197,565,niños_4_8,alta
6,2,74,879,572,niños_4_8,alta
5,4,74,857,571,niños_4_8,alta
6,4,62,1345,468,niños_4_8,alta
6,2,61,1284,546,niños_4_8,alta
6,4,63,891,533,niños_4_8,alta
6,2,65,832,473,niños_4_8,alta
5,2,68,1256,579,niños_4_8,alta
6,3,57,979,569,niños_4_8,alta
6,3,68,911,514,niños_4_8,alta
5,4,71,1171,557,niños_4_8,alta
5,4,69,907,566,niños_4_8,alta
6,2,65,1059,541,niños_4_8,alta
5,3,73,1036,479,niños_4_8,alta
5,3,70,1022,537,niños_4_8,alta
6,2,71,1167,591,niños_4_8,alta
6,3,68,897,588,niños_4_8,alta
6,4,69,905,541,niños_4_8,alta
6,2,61,1305,549,niños_4_8,alta
6,3,74,1327,563,niños_4_8,alta
6,4,66,1276,464,niños_4_8,alta
5,4,66,828,455,niños_4_8,alta
6,3,68,800,571,niños_4_8,alta
6,4,75,1066,477,niños_4_8,alta
6,3,65,805,527,niños_4_8,alta
6,3,62,970,463,niños_4_8,alta
5,4,63,1151,515,niños_4_8,alta
6,2,72,1101,435,niños_4_8,alta
6,3,59,1131,587,niños_4_8,alta
6,3,55,851,579,niños_4_8,alta
5,4,73,1327,557,niños_4_8,alta
5,2,56,1351,445,niños_4_8,alta
5,3,74,1318,482,niños_4_8,alta
5,4,56,855,533,niños_4_8,alta
6,3,66,1189,559,niños_4_8,alta
6,2,74,1189,499,niños_4_8,alta
6,4,55,992,538,niños_4_8,alta
6,4,63,1222,436,niños_4_8,alta
6,3,71,1330,525,niños_4_8,alta
6,4,68,1083,531,niños_4_8,alta
6,3,69,988,535,niños_4_8,alta
5,3,73,1337,449,niños_4_8,alta
6,2,57,1151,543,niños_4_8,alta
6,4,67,1054,501,niños_4_8,alta
6,4,61,809,474,niños_4_8,alta
6,2,61,960,471,niños_4_8,alta
6,3,63,1272,573,niños_4_8,alta
5,2,71,1205,464,niños_4_8,alta
6,3,62,1062,461,niños_4_8,alta
5,2,66,1008,597,niños_4_8,alta
5,2,69,1159,595,niños_4_8,alta
6,4,64,1290,559,niños_4_8,alta
6,4,58,1324,498,niños_4_8,alta
5,2,55,1362,513,niños_4_8,alta
6,4,61,1319,470,niños_4_8,alta
6,2,68,1363,451,niños_4_8,alta
6,2,64,1025,484,niños_4_8,alta
6,2,58,922,465,niños_4_8,alta
6,4,70,861,441,niños_4_8,alta
5,2,75,1267,456,niños_4_8,alta
6,3,62,1224,445,niños_4_8,alta
5,3,59,857,599,niños_4_8,alta
6,4,61,1075,581,niños_4_8,alta
6,2,67,1214,552,niños_4_8,alta
6,4,58,1122,535,niños_4_8,alta
6,2,64,932,575,niños_4_8,alta
6,4,56,1043,438,niños_4_8,alta
6,2,55,1100,556,niños_4_8,alta
5,3,73,1045,532,niños_4_8,alta
6,4,70,934,483,niños_4_8,alta
6,2,64,1058,549,niños_4_8,alta
6,2,64,1042,587,niños_4_8,alta
5,2,66,1073,535,niños_4_8,alta
6,3,70,1114,500,niños_4_8,alta
6,3,64,1015,491,niños_4_8,alta
6,2,65,1257,508,niños_4_8,alta
6,3,72,1115,552,niños_4_8,alta
6,2,61,992,555,niños_4_8,alta
5,2,61,1010,492,niños_4_8,alta
6,3,75,1303,563,niños_4_8,alta
5,4,66,959,487,niños_4_8,alta
5,4,62,854,591,niños_4_8,alta
6,4,67,1021,517,niños_4_8,alta
5,2,69,1310,514,niños_4_8,alta
6,3,68,856,510,niños_4_8,alta
5,2,60,834,474,niños_4_8,alta
5,2,67,1279,502,niños_4_8,alta
6,2,56,1215,561,niños_4_8,alta
6,2,64,877,525,niños_4_8,alta
6,2,57,1309,514,niños_4_8,alta
5,2,61,1026,459,niños_4_8,alta
5,3,73,1051,597,niños_4_8,alta
6,4,65,1014,548,niños_4_8,alta
6,2,56,887,467,niños_4_8,alta
6,4,75,1186,578,niños_4_8,alta
5,2,69,1068,563,niños_4_8,alta
6,2,63,871,460,niños_4_8,alta
5,2,59,1120,582,niños_4_8,alta
5,3,70,1278,581,niños_4_8,alta
5,2,61,1244,560,niños_4_8,alta
5,2,68,975,581,niños_4_8,alta
5,4,64,822,531,niños_4_8,alta
6,3,58,1008,471,niños_4_8,alta
5,2,72,1138,483,niños_4_8,alta
5,4,59,1279,504,niños_4_8,alta
5,4,66,1145,570,niños_4_8,alta
6,4,67,1327,479,niños_4_8,alta
6,3,73,1117,459,niños_4_8,alta
5,2,59,1167,466,niños_4_8,alta
6,4,65,1352,471,niños_4_8,alta
5,4,72,836,523,niños_4_8,alta
5,2,58,1130,462,niños_4_8,alta
6,2,60,865,536,niños_4_8,alta
5,3,66,1296,534,niños_4_8,alta
5,3,56,887,575,niños_4_8,alta
6,3,66,1242,499,niños_4_8,alta
5,3,75,1212,523,niños_4_8,alta
5,4,55,897,506,niños_4_8,alta
6,2,73,1142,553,niños_4_8,alta
6,2,66,1146,524,niños_4_8,alta
6,2,62,1119,435,niños_4_8,alta
5,2,65,1183,475,niños_4_8,alta
6,2,70,835,595,niños_4_8,alta
6,3,58,1364,483,niños_4_8,alta
6,4,65,1028,478,niños_4_8,alta
6,3,69,834,487,niños_4_8,alta
6,3,60,1115,501,niños_4_8,alta
6,4,70,975,448,niños_4_8,alta
5,3,72,1359,572,niños_4_8,alta
5,2,68,1290,539,niños_4_8,alta
5,2,56,1198,583,niños_4_8,alta
5,3,69,974,530,niños_4_8,alta
5,4,73,977,508,niños_4_8,alta
5,4,67,1012,561,niños_4_8,alta
6,4,70,1166,544,niños_4_8,alta
6,4,56,1201,545,niños_4_8,alta
5,4,74,987,436,niños_4_8,alta
6,4,71,1038,576,niños_4_8,alta
5,3,68,1073,529,niños_4_8,alta
5,2,65,1052,537,niños_4_8,alta
6,4,60,1210,436,niños_4_8,alta
5,4,67,1063,594,niños_4_8,alta
5,4,65,1177,577,niños_4_8,alta
5,3,66,1133,518,niños_4_8,alta
5,3,72,1131,480,niños_4_8,alta
5,4,72,1365,510,niños_4_8,alta
6,4,63,1281,578,niños_4_8,alta
6,4,59,1114,556,niños_4_8,alta
5,2,58,1222,577,niños_4_8,alta
6,4,58,810,504,niños_4_8,alta
6,2,73,1028,465,niños_4_8,alta
6,4,63,1143,497,niños_4_8,alta
5,2,62,1046,438,niños_4_8,alta
5,2,71,1048,580,niños_4_8,alta
5,3,74,1071,482,niños_4_8,alta
6,4,75,1110,514,niños_4_8,alta
6,4,58,918,492,niños_4_8,alta
6,3,60,1275,466,niños_4_8,alta
5,3,64,850,476,niños_4_8,alta
5,3,57,1350,577,niños_4_8,alta
5,4,74,1183,543,niños_4_8,alta
6,4,62,1232,539,niños_4_8,alta
6,3,71,1321,477,niños_4_8,alta
5,4,72,1204,583,niños_4_8,alta
5,3,62,993,498,niños_4_8,alta
5,4,60,1118,478,niños_4_8,alta
6,3,59,1262,461,niños_4_8,alta
5,2,63,1030,504,niños_4_8,alta
5,3,72,1107,581,niños_4_8,alta
6,4,66,1248,543,niños_4_8,alta
6,3,71,1254,595,niños_4_8,alta
6,3,72,1068,594,niños_4_8,alta
5,2,73,917,434,niños_4_8,alta
6,3,71,1191,575,niños_4_8,alta
5,4,72,1350,472,niños_4_8,alta
6,2,68,928,436,niños_4_8,alta
6,3,70,1021,566,niños_4_8,alta
5,3,59,1328,577,niños_4_8,alta
6,4,58,1229,553,niños_4_8,alta
6,2,65,1305,487,niños_4_8,alta
6,3,71,940,520,niños_4_8,alta
5,3,59,1354,515,niños_4_8,alta
6,4,64,1032,442,niños_4_8,alta
5,2,75,995,472,niños_4_8,alta
5,2,66,1304,570,niños_4_8,alta
6,2,59,1305,456,niños_4_8,alta
5,3,70,1017,585,niños_4_8,alta
6,3,71,1230,464,niños_4_8,alta
5,4,63,1341,564,niños_4_8,alta
6,2,63,1189,436,niños_4_8,alta
5,2,74,1219,558,niños_4_8,alta
6,4,67,1362,501,niños_4_8,alta
6,4,64,803,502,niños_4_8,alta
6,4,57,1215,536,niños_4_8,alta
6,2,66,817,554,niños_4_8,alta
6,3,69,1317,580,niños_4_8,alta
6,2,66,1366,488,niños_4_8,alta
6,4,58,1155,519,niños_4_8,alta
6,3,57,1229,512,niños_4_8,alta
5,4,60,837,565,niños_4_8,alta
6,4,70,1077,456,niños_4_8,alta
5,2,73,1157,468,niños_4_8,alta
5,4,70,1355,516,niños_4_8,alta
6,4,68,1226,462,niños_4_8,alta
5,2,62,1318,517,niños_4_8,alta
6,3,67,1010,484,niños_4_8,alta
6,2,66,896,564,niños_4_8,alta
6,4,68,1072,499,niños_4_8,alta
6,3,69,1113,479,niños_4_8,alta
6,2,65,1191,539,niños_4_8,alta
5,4,58,1002,589,niños_4_8,alta
6,4,70,811,572,niños_4_8,alta
5,3,55,843,491,niños_4_8,alta
6,2,63,1141,591,niños_4_8,alta
5,3,62,1173,586,niños_4_8,alta
6,3,71,903,462,niños_4_8,alta
5,3,55,1050,544,niños_4_8,alta
6,2,72,995,581,niños_4_8,alta
5,4,69,886,556,niños_4_8,alta
5,2,62,1128,490,niños_4_8,alta
6,4,55,1004,578,niños_4_8,alta
6,3,59,1364,532,niños_4_8,alta
5,2,60,1154,582,niños_4_8,alta
5,3,69,898,478,niños_4_8,alta
5,2,63,1276,564,niños_4_8,alta
5,3,63,1034,567,niños_4_8,alta
5,3,63,896,496,niños_4_8,alta
5,2,75,1186,471,niños_4_8,alta
5,4,68,1231,460,niños_4_8,alta
5,4,56,1353,511,niños_4_8,alta
5,4,75,993,555,niños_4_8,alta
6,2,71,942,495,niños_4_8,alta
5,4,60,852,485,niños_4_8,alta
6,4,63,911,485,niños_4_8,alta
6,2,55,1062,498,niños_4_8,alta
6,2,58,823,556,niños_4_8,alta
6,3,58,1211,544,niños_4_8,alta
5,3,61,1117,560,niños_4_8,alta
5,3,70,1051,492,niños_4_8,alta
5,3,66,1131,507,niños_4_8,alta
5,4,70,1095,449,niños_4_8,alta
6,4,58,995,551,niños_4_8,alta
6,2,61,902,520,niños_4_8,alta
5,2,65,814,472,niños_4_8,alta
6,2,60,1016,479,niños_4_8,alta
5,2,63,1154,548,niños_4_8,alta
6,3,57,1099,552,niños_4_8,alta
6,4,61,976,472,niños_4_8,alta
5,3,57,1256,488,niños_4_8,alta
6,4,57,964,574,niños_4_8,alta
6,3,57,876,488,niños_4_8,alta
5,3,67,1338,447,niños_4_8,alta
6,4,63,956,561,niños_4_8,alta
5,4,68,1052,576,niños_4_8,alta
6,4,57,962,596,niños_4_8,alta
6,4,69,1177,487,niños_4_8,alta
6,2,67,926,476,niños_4_8,alta
5,4,67,904,468,niños_4_8,alta
6,2,56,1194,562,niños_4_8,alta
5,2,62,1089,596,niños_4_8,alta
5,3,74,807,544,niños_4_8,alta
6,3,59,949,531,niños_4_8,alta
6,3,66,1152,487,niños_4_8,alta
5,4,72,1074,439,niños_4_8,alta
5,2,73,877,579,niños_4_8,alta
5,4,72,1350,442,niños_4_8,alta
6,3,68,885,506,niños_4_8,alta
5,3,58,902,506,niños_4_8,alta
5,3,71,988,508,niños_4_8,alta
5,3,71,1303,441,niños_4_8,alta
6,3,69,830,567,niños_4_8,alta
6,2,68,833,520,niños_4_8,alta
6,4,55,1197,449,niños_4_8,alta
5,3,65,1362,451,niños_4_8,alta
6,3,72,1365,591,niños_4_8,alta
6,4,71,836,549,niños_4_8,alta
5,2,59,1012,479,niños_4_8,alta
6,4,57,1135,596,niños_4_8,alta
6,4,64,1199,464,niños_4_8,alta
5,4,56,831,436,niños_4_8,alta
5,2,65,1038,440,niños_4_8,alta
5,4,61,960,529,niños_4_8,alta
6,3,66,1352,514,niños_4_8,alta
6,4,63,1170,597,niños_4_8,alta
6,2,70,1298,471,niños_4_8,alta
5,4,59,1181,547,niños_4_8,alta
6,2,60,1160,570,niños_4_8,alta
6,3,59,1272,435,niños_4_8,alta
5,3,74,1198,442,niños_4_8,alta
5,3,66,1188,551,niños_4_8,alta
5,4,68,1213,598,niños_4_8,alta
5,3,68,1362,583,niños_4_8,alta
6,3,73,1255,542,niños_4_8,alta
6,2,65,1160,533,niños_4_8,alta
6,3,75,966,523,niños_4_8,alta
6,4,75,1181,493,niños_4_8,alta
6,4,66,1206,558,niños_4_8,alta
6,4,60,833,516,niños_4_8,alta
6,3,74,1025,586,niños_4_8,alta
5,4,67,1025,519,niños_4_8,alta
5,2,65,1353,583,niños_4_8,alta
6,4,64,1223,544,niños_4_8,alta
5,3,60,912,553,niños_4_8,alta
5,3,69,1054,560,niños_4_8,alta
5,3,61,1076,450,niños_4_8,alta
6,4,64,1075,581,niños_4_8,alta
5,3,71,936,577,niños_4_8,alta
5,4,71,1219,460,niños_4_8,alta
5,2,68,868,568,niños_4_8,alta
6,2,74,933,488,niños_4_8,alta
5,4,75,1363,592,niños_4_8,alta
5,3,57,1078,491,niños_4_8,alta
6,2,63,813,481,niños_4_8,alta
6,3,62,1358,490,niños_4_8,alta
5,2,55,1069,523,niños_4_8,alta
5,4,62,1277,471,niños_4_8,alta
6,3,72,872,576,niños_4_8,alta
5,3,60,1259,447,niños_4_8,alta
6,2,63,1132,461,niños_4_8,alta
5,4,68,1080,551,niños_4_8,alta
6,4,64,974,438,niños_4_8,alta
6,3,71,1242,489,niños_4_8,alta
5,4,71,1328,582,niños_4_8,alta
6,4,56,941,464,niños_4_8,alta
6,4,58,1043,586,niños_4_8,alta
5,2,69,1361,544,niños_4_8,alta
5,4,73,1242,592,niños_4_8,alta
6,3,56,1086,598,niños_4_8,alta
6,2,58,1076,568,niños_4_8,alta
5,2,71,857,441,niños_4_8,alta
6,2,70,1299,520,niños_4_8,alta
6,4,55,1206,553,niños_4_8,alta
6,3,56,1274,515,niños_4_8,alta
6,2,68,1357,465,niños_4_8,alta
5,3,72,1276,466,niños_4_8,alta
6,2,60,1266,466,niños_4_8,alta
5,3,72,1215,564,niños_4_8,alta
5,2,72,1228,471,niños_4_8,alta
6,2,64,800,512,niños_4_8,alta
6,4,56,1044,505,niños_4_8,alta
5,2,70,851,545,niños_4_8,alta
6,3,63,1333,530,niños_4_8,alta
6,2,64,1108,535,niños_4_8,alta
6,3,57,1284,508,niños_4_8,alta
5,2,63,911,578,niños_4_8,alta
6,3,63,1054,589,niños_4_8,alta
6,3,66,1238,460,niños_4_8,alta
5,3,74,1126,480,niños_4_8,alta
5,4,55,1068,592,niños_4_8,alta
6,2,65,1150,544,niños_4_8,alta
5,4,62,826,471,niños_4_8,alta
5,4,60,1283,589,niños_4_8,alta
5,2,56,1107,537,niños_4_8,alta
6,2,74,1040,459,niños_4_8,alta
5,3,55,820,543,niños_4_8,alta
5,3,57,1075,525,niños_4_8,alta
5,4,67,1342,513,niños_4_8,alta
5,3,66,966,446,niños_4_8,alta
6,3,60,1341,451,niños_4_8,alta
6,3,61,843,577,niños_4_8,alta
5,2,65,993,496,niños_4_8,alta
5,3,56,899,473,niños_4_8,alta
6,4,69,1172,468,niños_4_8,alta
6,2,63,1147,585,niños_4_8,alta
5,2,58,881,597,niños_4_8,alta
6,3,74,1364,568,niños_4_8,alta
6,4,64,850,440,niños_4_8,alta
5,3,60,992,442,niños_4_8,alta
6,4,75,906,591,niños_4_8,alta
5,3,56,1138,534,niños_4_8,alta
5,3,71,886,488,niños_4_8,alta
5,3,65,1027,459,niños_4_8,alta
5,2,63,1185,559,niños_4_8,alta
5,3,55,1073,484,niños_4_8,alta
6,2,58,1043,453,niños_4_8,alta
6,2,64,1362,537,niños_4_8,alta
5,2,65,1236,511,niños_4_8,alta
5,3,57,1353,469,niños_4_8,alta
5,2,55,1168,584,niños_4_8,alta
6,4,70,1350,468,niños_4_8,alta
6,4,71,1121,543,niños_4_8,alta
6,4,63,1265,487,niños_4_8,alta
6,4,66,1236,579,niños_4_8,alta
5,4,60,1230,466,niños_4_8,alta
5,4,59,832,477,niños_4_8,alta
5,3,58,1201,533,niños_4_8,alta
6,3,67,1199,445,niños_4_8,alta
6,3,75,887,571,niños_4_8,alta
5,3,65,1147,515,niños_4_8,alta
5,2,63,1327,531,niños_4_8,alta
6,3,65,834,560,niños_4_8,alta
5,2,56,1239,543,niños_4_8,alta
6,2,64,1090,518,niños_4_8,alta
5,3,72,947,558,niños_4_8,alta
6,3,66,822,482,niños_4_8,alta
5,2,60,828,500,niños_4_8,alta
5,4,59,1297,595,niños_4_8,alta
5,4,68,858,471,niños_4_8,alta
6,4,66,1062,501,niños_4_8,alta
6,4,72,1110,499,niños_4_8,alta
5,2,55,1074,572,niños_4_8,alta
6,2,56,1026,557,niños_4_8,alta
6,2,57,800,495,niños_4_8,alta
5,4,57,1132,566,niños_4_8,alta
5,2,72,1195,560,niños_4_8,alta
5,4,62,1211,562,niños_4_8,alta
5,2,56,1280,524,niños_4_8,alta
5,4,70,1161,591,niños_4_8,alta
6,3,73,1186,479,niños_4_8,alta
5,3,62,1039,511,niños_4_8,alta
5,2,59,1187,445,niños_4_8,alta
6,4,64,1352,536,niños_4_8,alta
5,3,56,1119,457,niños_4_8,alta
5,4,64,938,507,niños_4_8,alta
5,2,59,932,546,niños_4_8,alta
5,3,55,1307,471,niños_4_8,alta
5,4,56,1203,540,niños_4_8,alta
6,4,64,809,561,niños_4_8,alta
6,4,68,1005,565,niños_4_8,alta
6,2,57,993,525,niños_4_8,alta
6,3,56,1350,526,niños_4_8,alta
6,4,75,810,580,niños_4_8,alta
5,4,64,809,581,niños_4_8,alta
6,4,75,1132,455,niños_4_8,alta
5,2,67,912,517,niños_4_8,alta
5,4,68,1145,516,niños_4_8,alta
6,2,56,952,477,niños_4_8,alta
6,3,72,1317,515,niños_4_8,alta
5,2,67,983,560,niños_4_8,alta
6,4,61,1226,578,niños_4_8,alta
6,3,56,1364,532,niños_4_8,alta
6,4,70,1133,465,niños_4_8,alta
5,3,74,962,585,niños_4_8,alta
6,3,71,1213,471,niños_4_8,alta
6,3,60,879,574,niños_4_8,alta
6,2,64,1323,598,niños_4_8,alta
5,4,71,1241,555,niños_4_8,alta
5,4,57,960,576,niños_4_8,alta
6,4,64,1245,562,niños_4_8,alta
5,3,75,900,543,niños_4_8,alta
6,2,63,1137,475,niños_4_8,alta
6,2,69,1201,515,niños_4_8,alta
5,3,60,965,507,niños_4_8,alta
5,4,63,1172,435,niños_4_8,alta
6,3,73,952,473,niños_4_8,alta
5,3,71,1237,596,niños_4_8,alta
5,4,55,1099,525,niños_4_8,alta
5,2,75,1299,520,niños_4_8,alta
5,4,73,1347,437,niños_4_8,alta
6,3,57,1231,542,niños_4_8,alta
5,4,71,1360,506,niños_4_8,alta
5,3,64,1048,461,niños_4_8,alta
6,4,72,1064,547,niños_4_8,alta
6,2,69,1166,493,niños_4_8,alta
6,2,71,1224,435,niños_4_8,alta
5,4,67,1195,513,niños_4_8,alta
6,2,60,875,516,niños_4_8,alta
6,2,64,964,440,niños_4_8,alta
6,4,67,927,497,niños_4_8,alta
6,3,63,1316,491,niños_4_8,alta
5,3,68,1293,597,niños_4_8,alta
6,4,68,1304,539,niños_4_8,alta
6,4,70,1218,486,niños_4_8,alta
5,3,62,1082,477,niños_4_8,alta
6,3,65,1039,589,niños_4_8,alta
5,4,71,844,598,niños_4_8,alta
5,4,71,861,477,niños_4_8,alta
5,3,60,1187,515,niños_4_8,alta
5,3,65,1315,540,niños_4_8,alta
6,2,75,1219,451,niños_4_8,alta
5,3,58,1070,548,niños_4_8,alta
5,4,75,1222,495,niños_4_8,alta
5,2,67,1295,498,niños_4_8,alta
6,3,58,940,444,niños_4_8,alta
5,2,68,1203,468,niños_4_8,alta
5,2,56,837,434,niños_4_8,alta
6,2,63,1164,600,niños_4_8,alta
5,4,56,1316,517,niños_4_8,alta
6,4,74,905,593,niños_4_8,alta
6,3,63,1216,574,niños_4_8,alta
6,2,70,1246,533,niños_4_8,alta
5,3,57,852,522,niños_4_8,alta
6,2,70,1324,543,niños_4_8,alta
6,4,72,808,513,niños_4_8,alta
5,2,55,890,543,niños_4_8,alta
5,3,64,1188,437,niños_4_8,alta
5,4,60,1360,488,niños_4_8,alta
5,3,71,1088,573,niños_4_8,alta
6,3,63,941,449,niños_4_8,alta
6,2,59,1276,523,niños_4_8,alta
5,2,66,892,521,niños_4_8,alta
5,4,61,1212,537,niños_4_8,alta
5,2,62,1161,572,niños_4_8,alta
6,2,68,1085,499,niños_4_8,alta
6,2,60,816,468,niños_4_8,alta
6,3,67,1055,523,niños_4_8,alta
5,4,61,1348,577,niños_4_8,alta
5,3,67,1078,557,niños_4_8,alta
5,3,70,848,600,niños_4_8,alta
6,4,56,1002,572,niños_4_8,alta
6,2,75,900,516,niños_4_8,alta
5,4,64,1062,545,niños_4_8,alta
5,4,66,1278,491,niños_4_8,alta
6,4,60,989,437,niños_4_8,alta
6,4,62,1074,591,niños_4_8,alta
5,2,61,988,563,niños_4_8,alta
6,2,56,950,587,niños_4_8,alta
5,2,56,1356,593,niños_4_8,alta
5,2,72,1269,480,niños_4_8,alta
6,2,57,1235,597,niños_4_8,alta
6,4,61,970,500,niños_4_8,alta
5,3,69,1071,522,niños_4_8,alta
6,3,64,1135,528,niños_4_8,alta
6,2,55,972,574,niños_4_8,alta
6,2,56,831,470,niños_4_8,alta
6,2,63,873,517,niños_4_8,alta
5,4,71,949,596,niños_4_8,alta
5,2,72,800,544,niños_4_8,alta
6,2,64,800,552,niños_4_8,alta
6,3,72,1349,533,niños_4_8,alta
5,3,59,997,488,niños_4_8,alta
5,3,66,1049,531,niños_4_8,alta
6,4,71,975,459,niños_4_8,alta
5,4,63,903,497,niños_4_8,alta
5,4,75,1052,537,niños_4_8,alta
5,4,74,858,598,niños_4_8,alta
6,4,58,1002,598,niños_4_8,alta
5,2,64,1302,566,niños_4_8,alta
6,3,71,1140,575,niños_4_8,alta
6,4,70,850,549,niños_4_8,alta
6,4,58,953,491,niños_4_8,alta
5,3,69,1340,508,niños_4_8,alta
6,2,64,1253,586,niños_4_8,alta
6,3,55,1008,566,niños_4_8,alta
6,4,55,881,503,niños_4_8,alta
6,2,73,1332,534,niños_4_8,alta
6,3,57,1244,600,niños_4_8,alta
6,3,72,1097,527,niños_4_8,alta
5,4,59,1212,513,niños_4_8,alta
5,4,70,1181,512,niños_4_8,alta
5,2,62,880,542,niños_4_8,alta
5,3,61,928,549,niños_4_8,alta
5,2,72,1282,510,niños_4_8,alta
6,2,70,1288,567,niños_4_8,alta
6,4,67,1336,568,niños_4_8,alta
5,2,69,1319,471,niños_4_8,alta
5,3,67,1149,568,niños_4_8,alta
6,2,60,1201,560,niños_4_8,alta
5,3,63,1235,533,niños_4_8,alta
6,4,70,1208,494,niños_4_8,alta
5,4,69,1215,454,niños_4_8,alta
5,2,73,1031,585,niños_4_8,alta
5,2,60,1142,444,niños_4_8,alta
6,4,68,1114,531,niños_4_8,alta
5,3,66,1132,518,niños_4_8,alta
5,2,59,1230,483,niños_4_8,alta
5,3,72,1272,534,niños_4_8,alta
6,3,64,928,458,niños_4_8,alta
6,4,60,1118,445,niños_4_8,alta
5,3,59,991,562,niños_4_8,alta
5,2,58,1341,569,niños_4_8,alta
6,3,65,1207,454,niños_4_8,alta
5,4,58,1318,442,niños_4_8,alta
6,4,69,1148,573,niños_4_8,alta
5,4,73,1058,573,niños_4_8,alta
5,2,64,943,438,niños_4_8,alta
6,4,55,876,549,niños_4_8,alta
5,4,69,1076,496,niños_4_8,alta
5,2,60,936,457,niños_4_8,alta
6,3,57,1344,450,niños_4_8,alta
6,4,60,1216,600,niños_4_8,alta
6,4,67,1142,496,niños_4_8,alta
5,4,56,933,562,niños_4_8,alta
6,3,64,1108,508,niños_4_8,alta
6,3,64,1201,571,niños_4_8,alta
6,3,70,936,559,niños_4_8,alta
5,4,58,1291,549,niños_4_8,alta
5,4,63,1189,445,niños_4_8,alta
5,3,68,1156,465,niños_4_8,alta
6,4,55,1218,488,niños_4_8,alta
6,2,68,1055,446,niños_4_8,alta
5,2,73,1101,500,niños_4_8,alta
6,2,75,1195,599,niños_4_8,alta
5,4,72,959,554,niños_4_8,alta
6,2,63,868,516,niños_4_8,alta
5,3,57,1100,594,niños_4_8,alta
6,2,65,833,571,niños_4_8,alta
6,3,66,1138,464,niños_4_8,alta
6,3,68,932,451,niños_4_8,alta
5,3,69,1073,556,niños_4_8,alta
6,4,63,928,520,niños_4_8,alta
6,4,67,1335,441,niños_4_8,alta
5,2,70,1154,532,niños_4_8,alta
5,3,64,1267,490,niños_4_8,alta
6,2,65,1177,558,niños_4_8,alta
5,4,70,1240,468,niños_4_8,alta
5,4,64,1333,584,niños_4_8,alta
5,3,74,1174,494,niños_4_8,alta
6,3,68,900,592,niños_4_8,alta
6,2,66,811,455,niños_4_8,alta
6,4,55,1146,550,niños_4_8,alta
5,3,74,1265,479,niños_4_8,alta
6,3,72,1112,515,niños_4_8,alta
5,4,62,1299,463,niños_4_8,alta
5,4,64,1047,532,niños_4_8,alta
5,3,56,1074,508,niños_4_8,alta
6,2,69,1216,586,niños_4_8,alta
6,3,63,1245,540,niños_4_8,alta
6,2,63,1172,518,niños_4_8,alta
5,3,69,1362,595,niños_4_8,alta
5,4,63,890,458,niños_4_8,alta
5,3,73,997,450,niños_4_8,alta
6,2,74,962,503,niños_4_8,alta
5,4,60,934,497,niños_4_8,alta
6,3,72,1190,468,niños_4_8,alta
6,2,58,858,483,niños_4_8,alta
6,2,63,1259,598,niños_4_8,alta
5,4,73,1039,515,niños_4_8,alta
5,2,73,928,533,niños_4_8,alta
6,2,66,1363,526,niños_4_8,alta
6,2,71,1292,571,niños_4_8,alta
6,4,64,1312,495,niños_4_8,alta
6,2,71,879,476,niños_4_8,alta
5,4,62,1073,464,niños_4_8,alta
5,2,74,903,469,niños_4_8,alta
6,4,63,995,554,niños_4_8,alta
5,4,63,1189,571,niños_4_8,alta
5,3,75,1296,553,niños_4_8,alta
6,2,59,853,462,niños_4_8,alta
5,3,58,1164,572,niños_4_8,alta
6,3,72,1351,509,niños_4_8,alta
6,4,56,836,489,niños_4_8,alta
5,4,74,1156,513,niños_4_8,alta
5,2,56,1012,478,niños_4_8,alta
6,4,75,1057,599,niños_4_8,alta
6,3,62,839,481,niños_4_8,alta
5,4,69,1351,527,niños_4_8,alta
6,2,57,835,451,niños_4_8,alta
5,2,57,1065,517,niños_4_8,alta
5,3,58,1312,597,niños_4_8,alta
5,3,67,1085,468,niños_4_8,alta
5,4,58,1242,481,niños_4_8,alta
6,4,67,814,443,niños_4_8,alta
5,3,73,862,446,niños_4_8,alta
6,4,56,834,545,niños_4_8,alta
5,3,74,897,532,niños_4_8,alta
6,2,57,809,552,niños_4_8,alta
6,3,64,1134,441,niños_4_8,alta
5,4,71,1254,591,niños_4_8,alta
5,4,59,1059,518,niños_4_8,alta
5,4,55,1055,511,niños_4_8,alta
6,4,55,877,521,niños_4_8,alta
5,4,65,1043,585,niños_4_8,alta
6,3,57,964,587,niños_4_8,alta
5,3,66,1324,486,niños_4_8,alta
5,4,67,961,548,niños_4_8,alta
5,2,74,896,585,niños_4_8,alta
6,2,74,905,527,niños_4_8,alta
5,2,68,980,464,niños_4_8,alta
6,3,67,954,561,niños_4_8,alta
6,4,56,1223,490,niños_4_8,alta
5,2,59,1002,475,niños_4_8,alta
6,2,61,963,515,niños_4_8,alta
6,4,57,1366,517,niños_4_8,alta
6,3,60,1301,452,niños_4_8,alta
6,3,68,1345,478,niños_4_8,alta
5,4,73,1211,471,niños_4_8,alta
6,4,70,1217,543,niños_4_8,alta
6,3,64,1046,571,niños_4_8,alta
5,2,75,815,514,niños_4_8,alta
5,3,57,1327,523,niños_4_8,alta
5,2,55,1020,445,niños_4_8,alta
5,4,70,966,478,niños_4_8,alta
5,2,55,948,567,niños_4_8,alta
6,2,56,992,470,niños_4_8,alta
6,2,73,848,451,niños_4_8,alta
5,3,61,880,545,niños_4_8,alta
6,2,70,1004,521,niños_4_8,alta
5,4,73,836,481,niños_4_8,alta
6,3,71,990,529,niños_4_8,alta
5,4,57,1156,541,niños_4_8,alta
6,3,65,1223,441,niños_4_8,alta
6,4,68,1240,477,niños_4_8,alta
5,2,67,920,445,niños_4_8,alta
5,2,68,1117,526,niños_4_8,alta
5,2,62,1302,553,niños_4_8,alta
5,2,75,898,449,niños_4_8,alta
6,2,65,1077,558,niños_4_8,alta
5,2,67,1287,556,niños_4_8,alta
5,4,60,1000,569,niños_4_8,alta
5,2,70,1340,588,niños_4_8,alta
5,2,75,1205,484,niños_4_8,alta
6,4,69,1119,462,niños_4_8,alta
5,3,55,824,521,niños_4_8,alta
6,3,71,1020,457,niños_4_8,alta
5,3,73,1104,560,niños_4_8,alta
5,3,66,1226,481,niños_4_8,alta
5,2,72,1230,534,niños_4_8,alta
5,4,66,835,470,niños_4_8,alta
5,3,59,800,570,niños_4_8,alta
5,2,75,888,478,niños_4_8,alta
5,4,75,1127,514,niños_4_8,alta
5,3,70,1035,530,niños_4_8,alta
5,2,73,1206,478,niños_4_8,alta
6,4,66,842,548,niños_4_8,alta
6,4,57,1321,456,niños_4_8,alta
5,4,64,1358,583,niños_4_8,alta
5,3,64,921,592,niños_4_8,alta
6,2,69,1081,585,niños_4_8,alta
6,2,67,1279,483,niños_4_8,alta
5,3,70,917,471,niños_4_8,alta
6,3,57,1253,510,niños_4_8,alta
6,4,68,961,438,niños_4_8,alta
5,4,68,983,463,niños_4_8,alta
6,2,66,1095,501,niños_4_8,alta
6,2,62,956,563,niños_4_8,alta
6,4,64,1016,575,niños_4_8,alta
6,2,62,1027,571,niños_4_8,alta
6,2,75,941,586,niños_4_8,alta
6,4,68,938,443,niños_4_8,alta
5,2,72,1058,483,niños_4_8,alta
5,4,58,1317,464,niños_4_8,alta
5,2,64,1072,599,niños_4_8,alta
6,2,62,900,499,niños_4_8,alta
5,3,69,1286,469,niños_4_8,alta
6,2,73,1075,506,niños_4_8,alta
6,3,57,1011,501,niños_4_8,alta
5,4,75,1142,520,niños_4_8,alta
6,4,59,1182,503,niños_4_8,alta
5,2,58,1260,521,niños_4_8,alta
5,2,70,861,600,niños_4_8,alta
6,2,55,928,552,niños_4_8,alta
6,4,65,1325,496,niños_4_8,alta
6,3,71,1355,491,niños_4_8,alta
5,4,66,1133,519,niños_4_8,alta
5,2,71,1135,458,niños_4_8,alta
6,2,62,1304,532,niños_4_8,alta
6,2,69,995,572,niños_4_8,alta
6,3,62,1257,547,niños_4_8,alta
5,2,65,1252,588,niños_4_8,alta
6,4,68,888,575,niños_4_8,alta
6,2,64,1133,504,niños_4_8,alta
6,3,61,851,534,niños_4_8,alta
6,2,55,1101,589,niños_4_8,alta
5,3,67,1168,575,niños_4_8,alta
5,2,64,1218,456,niños_4_8,alta
6,4,66,844,454,niños_4_8,alta
5,4,55,1193,469,niños_4_8,alta
5,4,55,1327,580,niños_4_8,alta
6,2,75,909,578,niños_4_8,alta
6,2,57,1190,568,niños_4_8,alta
5,2,57,1105,491,niños_4_8,alta
6,2,68,1089,558,niños_4_8,alta
6,3,59,1155,438,niños_4_8,alta
6,2,62,838,546,niños_4_8,alta
5,3,63,1178,468,niños_4_8,alta
6,4,73,1070,435,niños_4_8,alta
5,2,67,1208,575,niños_4_8,alta
6,3,61,1068,558,niños_4_8,alta
6,3,61,1175,477,niños_4_8,alta
6,2,64,807,591,niños_4_8,alta
6,4,69,1226,533,niños_4_8,alta
5,4,74,802,555,niños_4_8,alta
5,3,63,1222,551,niños_4_8,alta
5,4,61,942,472,niños_4_8,alta
5,4,65,816,492,niños_4_8,alta
5,2,75,1192,600,niños_4_8,alta
5,3,65,1015,585,niños_4_8,alta
5,4,58,844,581,niños_4_8,alta
5,2,62,838,486,niños_4_8,alta
6,2,61,1239,513,niños_4_8,alta
5,3,65,1272,434,niños_4_8,alta
6,2,65,1292,517,niños_4_8,alta
5,4,58,1136,523,niños_4_8,alta
6,3,69,813,489,niños_4_8,alta
5,2,68,1006,529,niños_4_8,alta
5,2,64,1314,441,niños_4_8,alta
5,4,64,1012,469,niños_4_8,alta
5,4,64,1069,489,niños_4_8,alta
5,4,55,900,535,niños_4_8,alta
6,4,75,1195,575,niños_4_8,alta
5,3,63,1103,528,niños_4_8,alta
5,3,67,903,467,niños_4_8,alta
5,3,70,1334,594,niños_4_8,alta
5,4,57,1072,567,niños_4_8,alta
6,3,63,920,490,niños_4_8,alta
5,3,56,1149,449,niños_4_8,alta
6,2,64,1363,486,niños_4_8,alta
6,4,60,931,455,niños_4_8,alta
6,4,60,1255,583,niños_4_8,alta
5,4,72,976,512,niños_4_8,alta
5,3,72,1295,506,niños_4_8,alta
5,3,66,1331,575,niños_4_8,alta
6,4,61,873,560,niños_4_8,alta
5,2,58,819,584,niños_4_8,alta
6,3,67,1005,462,niños_4_8,alta
6,2,71,1177,558,niños_4_8,alta
5,3,63,999,528,niños_4_8,alta
6,2,63,1111,502,niños_4_8,alta
6,3,59,1267,569,niños_4_8,alta
6,2,73,1041,590,niños_4_8,alta
6,4,64,1159,502,niños_4_8,alta
5,2,70,995,437,niños_4_8,alta
6,4,73,1011,564,niños_4_8,alta
5,2,75,1179,574,niños_4_8,alta
5,3,61,1020,482,niños_4_8,alta
6,4,68,1164,493,niños_4_8,alta
6,2,58,1010,532,niños_4_8,alta
5,3,61,917,515,niños_4_8,alta
6,2,59,815,555,niños_4_8,alta
5,3,62,1221,595,niños_4_8,alta
6,4,70,1057,500,niños_4_8,alta
5,3,59,1016,530,niños_4_8,alta
6,4,71,1229,497,niños_4_8,alta
6,4,64,817,493,niños_4_8,alta
5,3,74,1301,502,niños_4_8,alta
6,2,73,1237,485,niños_4_8,alta
5,4,59,1202,599,niños_4_8,alta
6,4,59,853,598,niños_4_8,alta
5,3,75,1346,444,niños_4_8,alta
5,4,65,1122,560,niños_4_8,alta
6,3,57,1040,453,niños_4_8,alta
6,3,58,1208,576,niños_4_8,alta
6,2,74,1215,567,niños_4_8,alta
5,3,69,1207,459,niños_4_8,alta
6,4,58,968,447,niños_4_8,alta
5,3,57,912,495,niños_4_8,alta
6,4,69,903,513,niños_4_8,alta
5,2,59,1261,592,niños_4_8,alta
6,2,57,1238,447,niños_4_8,alta
6,4,69,803,512,niños_4_8,alta
6,3,75,1212,560,niños_4_8,alta
5,2,57,1138,523,niños_4_8,alta
5,2,59,1183,487,niños_4_8,alta
5,4,64,953,599,niños_4_8,alta
6,2,63,814,564,niños_4_8,alta
6,3,68,1109,518,niños_4_8,alta
6,2,61,1014,490,niños_4_8,alta
6,4,72,1193,558,niños_4_8,alta
6,3,63,955,555,niños_4_8,alta
5,2,59,1307,488,niños_4_8,alta
6,2,57,827,519,niños_4_8,alta
6,4,71,882,559,niños_4_8,alta
6,4,58,979,600,niños_4_8,alta
5,3,72,868,442,niños_4_8,alta
6,4,63,1235,589,niños_4_8,alta
6,4,56,1336,586,niños_4_8,alta
5,2,71,936,454,niños_4_8,alta
6,4,68,1102,488,niños_4_8,alta
5,4,56,897,541,niños_4_8,alta
5,2,72,874,544,niños_4_8,alta
6,3,61,963,507,niños_4_8,alta
5,2,75,1350,529,niños_4_8,alta
5,2,65,1247,460,niños_4_8,alta
6,4,70,1277,595,niños_4_8,alta
5,4,65,931,463,niños_4_8,alta
6,4,73,1320,488,niños_4_8,alta
6,4,63,973,435,niños_4_8,alta
6,4,73,888,479,niños_4_8,alta
5,3,66,1250,549,niños_4_8,alta
5,2,60,912,458,niños_4_8,alta
6,3,62,1300,582,niños_4_8,alta
5,2,56,943,435,niños_4_8,alta
6,3,65,1334,481,niños_4_8,alta
5,2,74,963,558,niños_4_8,alta
5,3,65,1275,572,niños_4_8,alta
5,2,56,1292,512,niños_4_8,alta
5,3,58,1289,463,niños_4_8,alta
5,2,59,1187,471,niños_4_8,alta
6,4,62,1286,445,niños_4_8,alta
5,4,55,829,566,niños_4_8,alta
6,3,73,1358,600,niños_4_8,alta
6,2,62,1002,497,niños_4_8,alta
5,4,60,1281,497,niños_4_8,alta
6,4,73,1072,562,niños_4_8,alta
6,3,68,1049,549,niños_4_8,alta
6,3,57,1314,472,niños_4_8,alta
5,4,65,984,529,niños_4_8,alta
6,4,75,1350,568,niños_4_8,alta
5,2,69,1136,468,niños_4_8,alta
6,3,66,1280,590,niños_4_8,alta
5,3,56,1240,456,niños_4_8,alta
5,2,67,1070,570,niños_4_8,alta
6,3,67,1122,556,niños_4_8,alta
6,2,62,1268,596,niños_4_8,alta
5,2,56,1082,486,niños_4_8,alta
5,4,75,1005,587,niños_4_8,alta
5,4,65,1149,533,niños_4_8,alta
6,3,69,1101,540,niños_4_8,alta
6,3,63,900,479,niños_4_8,alta
6,2,67,1149,470,niños_4_8,alta
6,2,73,811,596,niños_4_8,alta
5,4,75,1298,588,niños_4_8,alta
5,4,58,1272,510,niños_4_8,alta
6,4,74,1363,571,niños_4_8,alta
5,3,65,1128,511,niños_4_8,alta
5,3,68,874,552,niños_4_8,alta
5,4,60,811,505,niños_4_8,alta
6,2,58,876,482,niños_4_8,alta
5,4,73,1324,458,niños_4_8,alta
5,2,55,983,492,niños_4_8,alta
5,3,56,1058,538,niños_4_8,alta
6,4,61,1055,588,niños_4_8,alta
5,4,74,1283,511,niños_4_8,alta
6,4,63,801,585,niños_4_8,alta
6,3,73,1351,588,niños_4_8,alta
5,3,75,1292,599,niños_4_8,alta
5,2,69,1177,546,niños_4_8,alta
6,3,64,1298,502,niños_4_8,alta
6,2,68,1159,460,niños_4_8,alta
6,4,68,1031,472,niños_4_8,alta
6,3,66,1151,502,niños_4_8,alta
6,3,62,1117,452,niños_4_8,alta
5,2,55,859,591,niños_4_8,alta
6,3,56,859,589,niños_4_8,alta
6,4,58,1032,586,niños_4_8,alta
5,4,69,1305,506,niños_4_8,alta
6,4,71,1129,600,niños_4_8,alta
6,3,59,801,480,niños_4_8,alta
5,4,62,1032,518,niños_4_8,alta
5,3,73,1077,490,niños_4_8,alta
6,3,55,874,471,niños_4_8,alta
5,4,60,1102,547,niños_4_8,alta
6,4,66,1227,541,niños_4_8,alta
5,3,67,873,547,niños_4_8,alta
6,2,59,984,487,niños_4_8,alta
5,3,73,873,488,niños_4_8,alta
6,4,64,1284,515,niños_4_8,alta
6,2,66,1313,569,niños_4_8,alta
5,2,66,1049,494,niños_4_8,alta
5,3,60,1009,530,niños_4_8,alta
5,4,67,1054,511,niños_4_8,alta
5,2,55,1219,522,niños_4_8,alta
5,4,71,1157,539,niños_4_8,alta
6,3,70,1315,441,niños_4_8,alta
5,3,71,1172,537,niños_4_8,alta
6,2,71,1165,488,niños_4_8,alta
6,4,59,1104,537,niños_4_8,alta
6,4,74,1352,487,niños_4_8,alta
6,3,67,1172,588,niños_4_8,alta
5,4,68,1250,589,niños_4_8,alta
6,2,67,1341,525,niños_4_8,alta
5,3,75,928,553,niños_4_8,alta
5,4,72,1348,463,niños_4_8,alta
5,4,55,1065,597,niños_4_8,alta
5,4,55,873,566,niños_4_8,alta
6,3,63,1351,544,niños_4_8,alta
5,2,70,1060,465,niños_4_8,alta
5,3,68,1235,590,niños_4_8,alta
6,4,66,1077,511,niños_4_8,alta
6,3,74,1126,491,niños_4_8,alta
5,3,63,1022,504,niños_4_8,alta
6,2,59,1255,598,niños_4_8,alta
5,2,56,972,543,niños_4_8,alta
5,3,69,919,443,niños_4_8,alta
5,3,63,1084,476,niños_4_8,alta
5,2,74,917,559,niños_4_8,alta
5,3,68,965,598,niños_4_8,alta
6,2,71,905,517,niños_4_8,alta
5,3,69,927,551,niños_4_8,alta
6,4,73,1281,547,niños_4_8,alta
6,4,69,929,451,niños_4_8,alta
5,2,67,924,526,niños_4_8,alta
5,3,57,816,500,niños_4_8,alta
6,2,66,859,586,niños_4_8,alta
6,3,59,1332,583,niños_4_8,alta
6,3,55,1013,497,niños_4_8,alta
6,3,66,1015,517,niños_4_8,alta
6,2,60,1179,557,niños_4_8,alta
5,2,70,1324,521,niños_4_8,alta
5,4,62,1326,460,niños_4_8,alta
6,2,75,802,518,niños_4_8,alta
5,3,64,1143,533,niños_4_8,alta
5,2,56,1257,500,niños_4_8,alta
5,4,59,849,592,niños_4_8,alta
6,4,59,1002,600,niños_4_8,alta
6,3,71,1344,533,niños_4_8,alta
6,2,74,866,439,niños_4_8,alta
5,2,64,911,541,niños_4_8,alta
5,3,61,812,525,niños_4_8,alta
6,4,63,1342,557,niños_4_8,alta
5,2,72,1009,570,niños_4_8,alta
6,2,55,962,453,niños_4_8,alta
6,3,75,1245,577,niños_4_8,alta
6,4,67,913,583,niños_4_8,alta
5,4,68,897,547,niños_4_8,alta
6,4,75,943,553,niños_4_8,alta
6,3,60,813,451,niños_4_8,alta
5,3,69,1090,463,niños_4_8,alta
5,3,57,1107,551,niños_4_8,alta
6,4,61,871,482,niños_4_8,alta
5,3,55,1020,445,niños_4_8,alta
6,4,61,829,525,niños_4_8,alta
6,3,67,1183,559,niños_4_8,alta
5,4,56,902,444,niños_4_8,alta
6,2,63,870,494,niños_4_8,alta
6,2,67,1140,584,niños_4_8,alta
6,4,61,1076,467,niños_4_8,alta
6,4,67,938,452,niños_4_8,alta
5,4,57,1122,462,niños_4_8,alta
5,4,73,1178,503,niños_4_8,alta
5,2,58,1293,574,niños_4_8,alta
6,4,69,961,503,niños_4_8,alta
5,2,62,1118,582,niños_4_8,alta
5,2,70,1130,451,niños_4_8,alta
5,2,58,804,565,niños_4_8,alta
5,4,73,1194,548,niños_4_8,alta
6,2,71,1317,451,niños_4_8,alta
6,4,73,1245,538,niños_4_8,alta
6,4,59,1265,457,niños_4_8,alta
5,4,58,1310,516,niños_4_8,alta
5,3,70,1310,589,niños_4_8,alta
5,4,71,1054,581,niños_4_8,alta
5,4,73,1203,496,niños_4_8,alta
5,3,64,1342,494,niños_4_8,alta
6,3,69,800,569,niños_4_8,alta
6,3,58,1079,479,niños_4_8,alta
5,4,66,958,575,niños_4_8,alta
5,4,58,835,545,niños_4_8,alta
6,4,70,1202,439,niños_4_8,alta
5,4,64,990,540,niños_4_8,alta
5,3,64,1365,517,niños_4_8,alta
5,3,62,888,498,niños_4_8,alta
6,2,68,905,581,niños_4_8,alta
5,4,58,952,500,niños_4_8,alta
5,2,58,1350,476,niños_4_8,alta
5,3,63,1292,436,niños_4_8,alta
5,2,69,920,517,niños_4_8,alta
6,2,57,877,448,niños_4_8,alta
5,2,57,944,446,niños_4_8,alta
6,3,62,1362,494,niños_4_8,alta
5,3,72,867,489,niños_4_8,alta
5,3,73,1011,514,niños_4_8,alta
5,2,57,1244,550,niños_4_8,alta
5,3,68,977,501,niños_4_8,alta
5,4,70,989,575,niños_4_8,alta
5,3,67,1215,468,niños_4_8,alta
6,4,63,1048,442,niños_4_8,alta
6,4,63,1068,583,niños_4_8,alta
5,2,67,1031,546,niños_4_8,alta
5,4,59,1219,450,niños_4_8,alta
6,2,69,1080,462,niños_4_8,alta
5,4,74,1245,483,niños_4_8,alta
5,2,68,1261,563,niños_4_8,alta
6,2,58,1147,510,niños_4_8,alta
6,3,73,854,537,niños_4_8,alta
6,4,67,816,480,niños_4_8,alta
5,3,72,1029,558,niños_4_8,alta
5,2,69,860,458,niños_4_8,alta
5,3,58,1065,438,niños_4_8,alta
6,4,61,1116,470,niños_4_8,alta
6,4,62,999,508,niños_4_8,alta
5,2,60,1296,568,niños_4_8,alta
2,6,30,1665,374,niños_9_12,baja
2,5,40,1629,400,niños_9_12,baja
4,5,33,1775,273,niños_9_12,baja
4,6,36,1764,271,niños_9_12,baja
2,5,39,1756,378,niños_9_12,baja
2,5,34,1779,234,niños_9_12,baja
3,6,30,1636,212,niños_9_12,baja
4,5,26,1727,236,niños_9_12,baja
3,6,35,1471,339,niños_9_12,baja
4,5,37,1668,342,niños_9_12,baja
3,6,37,1415,353,niños_9_12,baja
3,6,36,1552,365,niños_9_12,baja
3,6,42,1659,249,niños_9_12,baja
3,5,39,1657,394,niños_9_12,baja
2,5,43,1536,294,niños_9_12,baja
2,6,39,1456,215,niños_9_12,baja
3,6,30,1697,328,niños_9_12,baja
2,6,42,1509,289,niños_9_12,baja
3,5,45,1665,213,niños_9_12,baja
4,5,43,1787,329,niños_9_12,baja
2,6,31,1775,230,niños_9_12,baja
4,5,40,1665,295,niños_9_12,baja
4,5,35,1547,205,niños_9_12,baja
4,6,41,1571,266,niños_9_12,baja
4,5,31,1516,310,niños_9_12,baja
3,5,41,1602,216,niños_9_12,baja
3,6,41,1682,237,niños_9_12,baja
2,6,40,1683,247,niños_9_12,baja
2,5,40,1763,285,niños_9_12,baja
4,6,27,1693,305,niños_9_12,baja
2,6,38,1590,318,niños_9_12,baja
4,6,43,1655,301,niños_9_12,baja
2,5,39,1621,201,niños_9_12,baja
2,5,29,1677,209,niños_9_12,baja
3,6,44,1475,391,niños_9_12,baja
3,6,25,1488,303,niños_9_12,baja
2,6,34,1473,237,niños_9_12,baja
2,5,44,1646,326,niños_9_12,baja
4,5,39,1682,272,niños_9_12,baja
3,5,35,1530,356,niños_9_12,baja
3,5,42,1490,270,niños_9_12,baja
2,6,45,1684,212,niños_9_12,baja
2,6,40,1489,229,niños_9_12,baja
4,6,36,1468,261,niños_9_12,baja
3,5,37,1562,210,niños_9_12,baja
4,5,25,1505,367,niños_9_12,baja
3,5,35,1554,224,niños_9_12,baja
2,6,30,1730,395,niños_9_12,baja
2,5,25,1513,212,niños_9_12,baja
4,5,27,1417,334,niños_9_12,baja
3,6,42,1750,233,niños_9_12,baja
2,5,41,1762,279,niños_9_12,baja
2,6,36,1500,376,niños_9_12,baja
4,5,30,1508,277,niños_9_12,baja
2,6,30,1583,321,niños_9_12,baja
3,5,40,1522,388,niños_9_12,baja
2,5,43,1547,382,niños_9_12,baja
3,5,37,1714,398,niños_9_12,baja
2,5,44,1560,329,niños_9_12,baja
2,6,26,1704,309,niños_9_12,baja
2,6,34,1758,273,niños_9_12,baja
3,5,32,1473,242,niños_9_12,baja
2,5,38,1701,280,niños_9_12,baja
3,5,44,1599,295,niños_9_12,baja
4,5,43,1664,290,niños_9_12,baja
2,5,42,1629,259,niños_9_12,baja
4,5,45,1551,315,niños_9_12,baja
4,5,30,1687,262,niños_9_12,baja
3,6,29,1747,335,niños_9_12,baja
2,5,29,1469,264,niños_9_12,baja
3,6,40,1557,357,niños_9_12,baja
2,6,36,1585,280,niños_9_12,baja
3,6,35,1553,395,niños_9_12,baja
2,5,36,1753,320,niños_9_12,baja
2,5,33,1714,336,niños_9_12,baja
4,5,28,1464,241,niños_9_12,baja
2,6,43,1650,316,niños_9_12,baja
3,5,36,1438,329,niños_9_12,baja
3,6,42,1621,381,niños_9_12,baja
4,6,31,1528,224,niños_9_12,baja
2,5,39,1761,229,niños_9_12,baja
3,5,42,1587,373,niños_9_12,baja
2,6,31,1688,209,niños_9_12,baja
2,6,35,1793,394,niños_9_12,baja
2,6,33,1527,372,niños_9_12,baja
2,5,28,1400,319,niños_9_12,baja
3,5,25,1508,232,niños_9_12,baja
2,5,41,1427,353,niños_9_12,baja
4,6,30,1620,207,niños_9_12,baja
2,5,40,1707,344,niños_9_12,baja
4,6,31,1480,385,niños_9_12,baja
2,6,35,1610,263,niños_9_12,baja
4,6,32,1650,279,niños_9_12,baja
2,5,30,1569,329,niños_9_12,baja
2,5,25,1487,254,niños_9_12,baja
4,5,31,1676,348,niños_9_12,baja
4,6,40,1697,362,niños_9_12,baja
3,6,43,1789,337,niños_9_12,baja
3,6,37,1558,322,niños_9_12,baja
3,5,40,1448,335,niños_9_12,baja
4,6,40,1533,206,niños_9_12,baja
2,6,42,1670,297,niños_9_12,baja
2,5,34,1515,208,niños_9_12,baja
4,6,34,1741,337,niños_9_12,baja
4,6,37,1737,349,niños_9_12,baja
3,5,33,1689,225,niños_9_12,baja
3,6,31,1653,396,niños_9_12,baja
4,5,41,1764,299,niños_9_12,baja
3,6,36,1730,361,niños_9_12,baja
4,5,43,1707,226,niños_9_12,baja
4,6,32,1546,353,niños_9_12,baja
2,5,28,1415,388,niños_9_12,baja
4,5,44,1657,294,niños_9_12,baja
4,5,30,1506,218,niños_9_12,baja
3,5,37,1453,225,niños_9_12,baja
4,5,32,1722,242,niños_9_12,baja
4,5,38,1463,219,niños_9_12,baja
4,6,36,1782,234,niños_9_12,baja
2,6,32,1670,356,niños_9_12,baja
3,5,32,1791,234,niños_9_12,baja
4,6,29,1666,321,niños_9_12,baja
2,6,39,1548,226,niños_9_12,baja
3,6,25,1445,334,niños_9_12,baja
3,5,35,1529,237,niños_9_12,baja
2,6,27,1422,298,niños_9_12,baja
3,5,37,1726,266,niños_9_12,baja
4,5,35,1403,367,niños_9_12,baja
2,5,33,1603,283,niños_9_12,baja
3,5,38,1525,390,niños_9_12,baja
3,5,43,1642,332,niños_9_12,baja
4,6,33,1456,217,niños_9_12,baja
2,6,35,1576,292,niños_9_12,baja
3,6,27,1485,219,niños_9_12,baja
3,6,33,1585,356,niños_9_12,baja
2,6,33,1738,348,niños_9_12,baja
4,5,30,1707,364,niños_9_12,baja
4,5,44,1466,339,niños_9_12,baja
4,5,39,1583,292,niños_9_12,baja
2,5,37,1444,312,niños_9_12,baja
4,5,34,1634,243,niños_9_12,baja
2,5,27,1400,339,niños_9_12,baja
2,5,35,1733,209,niños_9_12,baja
2,5,34,1512,290,niños_9_12,baja
3,6,45,1709,263,niños_9_12,baja
3,5,40,1765,273,niños_9_12,baja
2,5,42,1602,226,niños_9_12,baja
4,6,42,1542,338,niños_9_12,baja
2,6,27,1654,360,niños_9_12,baja
4,6,43,1533,243,niños_9_12,baja
2,6,28,1786,241,niños_9_12,baja
3,6,37,1798,390,niños_9_12,baja
3,6,38,1563,324,niños_9_12,baja
4,6,27,1536,374,niños_9_12,baja
2,6,30,1687,212,niños_9_12,baja
4,5,44,1669,373,niños_9_12,baja
3,6,26,1464,259,niños_9_12,baja
4,5,40,1515,383,niños_9_12,baja
3,5,27,1623,287,niños_9_12,baja
4,5,37,1686,349,niños_9_12,baja
4,5,30,1494,375,niños_9_12,baja
3,6,34,1791,234,niños_9_12,baja
3,5,33,1465,279,niños_9_12,baja
2,5,41,1668,333,niños_9_12,baja
3,6,36,1533,354,niños_9_12,baja
3,6,38,1498,214,niños_9_12,baja
3,5,45,1493,240,niños_9_12,baja
2,6,39,1512,368,niños_9_12,baja
2,6,39,1733,224,niños_9_12,baja
3,6,28,1554,291,niños_9_12,baja
4,6,31,1466,336,niños_9_12,baja
2,5,30,1446,373,niños_9_12,baja
2,5,43,1430,367,niños_9_12,baja
2,5,35,1594,309,niños_9_12,baja
2,5,25,1498,377,niños_9_12,baja
3,5,39,1680,390,niños_9_12,baja
3,6,34,1545,333,niños_9_12,baja
3,5,33,1445,217,niños_9_12,baja
4,6,29,1623,243,niños_9_12,baja
4,5,38,1674,394,niños_9_12,baja
3,6,33,1787,399,niños_9_12,baja
4,6,32,1504,380,niños_9_12,baja
4,5,43,1596,389,niños_9_12,baja
2,6,34,1499,285,niños_9_12,baja
4,6,41,1786,355,niños_9_12,baja
2,5,32,1628,200,niños_9_12,baja
2,5,25,1418,397,niños_9_12,baja
3,5,36,1423,355,niños_9_12,baja
4,6,37,1650,259,niños_9_12,baja
2,6,34,1527,332,niños_9_12,baja
2,5,28,1652,243,niños_9_12,baja
2,5,36,1525,251,niños_9_12,baja
2,5,39,1788,397,niños_9_12,baja
4,5,31,1419,239,niños_9_12,baja
4,5,45,1575,251,niños_9_12,baja
2,5,32,1457,334,niños_9_12,baja
3,6,41,1564,262,niños_9_12,baja
4,6,44,1506,297,niños_9_12,baja
3,6,38,1638,257,niños_9_12,baja
2,5,43,1608,287,niños_9_12,baja
4,5,27,1658,346,niños_9_12,baja
3,5,31,1696,396,niños_9_12,baja
2,5,40,1471,348,niños_9_12,baja
3,5,38,1418,202,niños_9_12,baja
3,5,36,1554,255,niños_9_12,baja
2,5,35,1653,281,niños_9_12,baja
4,6,39,1480,228,niños_9_12,baja
4,6,25,1795,359,niños_9_12,baja
4,6,40,1418,391,niños_9_12,baja
2,6,42,1436,391,niños_9_12,baja
2,5,40,1543,217,niños_9_12,baja
3,6,27,1596,360,niños_9_12,baja
3,6,36,1607,234,niños_9_12,baja
3,6,28,1437,370,niños_9_12,baja
2,6,41,1475,337,niños_9_12,baja
3,6,28,1457,323,niños_9_12,baja
2,5,38,1653,254,niños_9_12,baja
3,6,38,1671,353,niños_9_12,baja
2,5,33,1600,284,niños_9_12,baja
4,6,30,1492,238,niños_9_12,baja
2,6,34,1712,331,niños_9_12,baja
4,5,28,1445,214,niños_9_12,baja
4,6,30,1774,298,niños_9_12,baja
4,5,33,1605,278,niños_9_12,baja
3,6,35,1414,263,niños_9_12,baja
3,6,25,1731,239,niños_9_12,baja
2,5,41,1427,313,niños_9_12,baja
4,5,45,1498,370,niños_9_12,baja
2,6,30,1460,284,niños_9_12,baja
3,5,40,1796,213,niños_9_12,baja
2,6,44,1553,388,niños_9_12,baja
3,5,33,1404,213,niños_9_12,baja
3,6,30,1664,315,niños_9_12,baja
2,5,41,1528,238,niños_9_12,baja
3,6,41,1745,220,niños_9_12,baja
4,6,43,1653,343,niños_9_12,baja
2,6,26,1657,335,niños_9_12,baja
3,5,27,1703,221,niños_9_12,baja
3,5,44,1679,244,niños_9_12,baja
3,5,36,1703,257,niños_9_12,baja
2,6,32,1459,328,niños_9_12,baja
2,6,31,1421,287,niños_9_12,baja
4,6,32,1633,377,niños_9_12,baja
3,6,37,1639,238,niños_9_12,baja
2,5,27,1719,339,niños_9_12,baja
4,6,36,1501,258,niños_9_12,baja
2,6,37,1669,354,niños_9_12,baja
2,6,40,1537,213,niños_9_12,baja
4,6,30,1522,390,niños_9_12,baja
3,5,44,1698,320,niños_9_12,baja
2,6,26,1792,351,niños_9_12,baja
4,5,28,1737,214,niños_9_12,baja
3,6,31,1457,393,niños_9_12,baja
2,6,41,1466,245,niños_9_12,baja
3,6,43,1563,245,niños_9_12,baja
4,6,34,1495,260,niños_9_12,baja
2,6,44,1738,232,niños_9_12,baja
4,6,27,1564,377,niños_9_12,baja
2,5,30,1783,217,niños_9_12,baja
3,5,45,1796,324,niños_9_12,baja
3,5,39,1573,287,niños_9_12,baja
4,6,27,1690,313,niños_9_12,baja
2,5,26,1747,319,niños_9_12,baja
2,6,35,1537,245,niños_9_12,baja
4,6,26,1422,240,niños_9_12,baja
2,6,38,1587,333,niños_9_12,baja
2,6,41,1584,285,niños_9_12,baja
4,5,42,1517,211,niños_9_12,baja
3,6,26,1416,226,niños_9_12,baja
2,5,43,1743,301,niños_9_12,baja
4,6,38,1407,290,niños_9_12,baja
3,6,43,1736,387,niños_9_12,baja
4,6,25,1619,338,niños_9_12,baja
4,6,45,1419,290,niños_9_12,baja
4,5,32,1512,364,niños_9_12,baja
2,5,26,1781,239,niños_9_12,baja
4,6,26,1750,258,niños_9_12,baja
3,6,36,1698,342,niños_9_12,baja
2,5,42,1701,360,niños_9_12,baja
2,5,30,1584,298,niños_9_12,baja
4,5,34,1443,209,niños_9_12,baja
3,5,43,1569,381,niños_9_12,baja
2,6,39,1543,389,niños_9_12,baja
4,5,37,1539,287,niños_9_12,baja
4,6,34,1432,298,niños_9_12,baja
2,5,40,1408,308,niños_9_12,baja
2,6,39,1504,263,niños_9_12,baja
3,5,25,1596,375,niños_9_12,baja
3,5,37,1515,256,niños_9_12,baja
4,6,36,1689,299,niños_9_12,baja
3,6,38,1504,299,niños_9_12,baja
2,6,45,1454,326,niños_9_12,baja
4,5,31,1768,274,niños_9_12,baja
3,6,26,1688,251,niños_9_12,baja
2,6,41,1776,237,niños_9_12,baja
4,6,37,1694,302,niños_9_12,baja
2,5,39,1477,379,niños_9_12,baja
4,5,31,1646,394,niños_9_12,baja
3,5,43,1555,349,niños_9_12,baja
3,6,31,1546,219,niños_9_12,baja
4,5,41,1575,291,niños_9_12,baja
2,6,32,1790,342,niños_9_12,baja
4,6,36,1675,245,niños_9_12,baja
3,5,26,1430,252,niños_9_12,baja
3,5,31,1632,319,niños_9_12,baja
3,5,38,1529,241,niños_9_12,baja
4,6,42,1466,295,niños_9_12,baja
4,5,25,1534,231,niños_9_12,baja
4,6,42,1799,264,niños_9_12,baja
3,5,36,1752,309,niños_9_12,baja
3,5,37,1751,370,niños_9_12,baja
2,6,42,1616,345,niños_9_12,baja
2,5,26,1552,274,niños_9_12,baja
4,6,45,1799,305,niños_9_12,baja
3,5,34,1406,330,niños_9_12,baja
3,6,28,1477,335,niños_9_12,baja
3,6,44,1419,340,niños_9_12,baja
4,6,39,1524,371,niños_9_12,baja
2,5,28,1629,366,niños_9_12,baja
3,6,42,1584,346,niños_9_12,baja
2,5,45,1635,299,niños_9_12,baja
2,5,28,1784,305,niños_9_12,baja
4,6,36,1562,278,niños_9_12,baja
3,6,43,1585,256,niños_9_12,baja
3,6,37,1668,359,niños_9_12,baja
4,6,29,1564,346,niños_9_12,baja
2,6,36,1606,215,niños_9_12,baja
2,6,40,1617,238,niños_9_12,baja
3,5,39,1507,390,niños_9_12,baja
3,6,27,1676,221,niños_9_12,baja
2,5,26,1610,311,niños_9_12,baja
4,6,28,1593,265,niños_9_12,baja
3,5,29,1744,228,niños_9_12,baja
2,6,28,1680,320,niños_9_12,baja
2,6,35,1742,323,niños_9_12,baja
3,5,33,1783,250,niños_9_12,baja
4,6,45,1511,321,niños_9_12,baja
3,6,32,1739,220,niños_9_12,baja
4,6,34,1701,262,niños_9_12,baja
2,5,43,1693,383,niños_9_12,baja
2,6,32,1634,371,niños_9_12,baja
2,5,31,1793,269,niños_9_12,baja
4,5,35,1515,379,niños_9_12,baja
2,6,32,1431,281,niños_9_12,baja
4,5,45,1439,366,niños_9_12,baja
3,5,29,1664,235,niños_9_12,baja
3,6,44,1548,331,niños_9_12,baja
4,5,31,1677,208,niños_9_12,baja
3,6,30,1501,337,niños_9_12,baja
4,5,26,1514,219,niños_9_12,baja
4,6,33,1522,375,niños_9_12,baja
3,5,40,1421,308,niños_9_12,baja
4,5,27,1415,297,niños_9_12,baja
2,6,27,1535,271,niños_9_12,baja
4,5,34,1641,290,niños_9_12,baja
4,5,41,1608,399,niños_9_12,baja
3,5,31,1554,399,niños_9_12,baja
2,5,35,1553,288,niños_9_12,baja
2,5,33,1654,248,niños_9_12,baja
4,5,41,1589,233,niños_9_12,baja
2,6,38,1504,393,niños_9_12,baja
4,6,29,1584,276,niños_9_12,baja
3,6,32,1495,254,niños_9_12,baja
4,6,31,1727,208,niños_9_12,baja
3,6,40,1798,229,niños_9_12,baja
2,5,30,1671,268,niños_9_12,baja
3,5,25,1521,340,niños_9_12,baja
2,5,45,1617,208,niños_9_12,baja
2,6,37,1791,285,niños_9_12,baja
4,5,40,1738,264,niños_9_12,baja
2,6,45,1725,272,niños_9_12,baja
3,6,34,1737,287,niños_9_12,baja
2,6,28,1483,365,niños_9_12,baja
2,6,34,1778,277,niños_9_12,baja
4,6,37,1788,358,niños_9_12,baja
3,5,43,1473,315,niños_9_12,baja
4,6,31,1530,400,niños_9_12,baja
2,6,35,1754,398,niños_9_12,baja
3,6,36,1756,306,niños_9_12,baja
3,6,34,1583,393,niños_9_12,baja
4,5,35,1624,286,niños_9_12,baja
3,6,45,1617,392,niños_9_12,baja
4,5,28,1578,288,niños_9_12,baja
4,6,43,1630,290,niños_9_12,baja
4,5,34,1772,353,niños_9_12,baja
2,5,38,1462,395,niños_9_12,baja
3,5,25,1596,367,niños_9_12,baja
2,5,44,1557,309,niños_9_12,baja
3,6,27,1474,365,niños_9_12,baja
4,5,40,1796,297,niños_9_12,baja
3,5,36,1466,378,niños_9_12,baja
3,5,27,1779,373,niños_9_12,baja
2,5,28,1522,362,niños_9_12,baja
4,5,32,1629,208,niños_9_12,baja
2,5,42,1759,223,niños_9_12,baja
3,6,31,1623,397,niños_9_12,baja
3,6,36,1653,396,niños_9_12,baja
3,5,39,1531,257,niños_9_12,baja
2,5,45,1437,289,niños_9_12,baja
4,6,36,1712,247,niños_9_12,baja
4,6,28,1701,280,niños_9_12,baja
2,6,35,1693,332,niños_9_12,baja
4,5,27,1787,306,niños_9_12,baja
2,5,43,1726,327,niños_9_12,baja
4,6,27,1712,246,niños_9_12,baja
4,5,31,1500,219,niños_9_12,baja
4,6,39,1418,392,niños_9_12,baja
2,5,41,1571,257,niños_9_12,baja
3,5,28,1635,267,niños_9_12,baja
2,5,28,1510,320,niños_9_12,baja
2,6,25,1653,232,niños_9_12,baja
4,6,34,1786,379,niños_9_12,baja
4,6,26,1695,208,niños_9_12,baja
2,6,32,1668,356,niños_9_12,baja
3,5,35,1587,385,niños_9_12,baja
2,6,45,1520,291,niños_9_12,baja
3,5,44,1438,358,niños_9_12,baja
4,5,44,1578,357,niños_9_12,baja
2,6,35,1520,340,niños_9_12,baja
4,6,40,1537,228,niños_9_12,baja
4,5,41,1597,229,niños_9_12,baja
3,6,33,1531,227,niños_9_12,baja
2,6,29,1621,249,niños_9_12,baja
2,5,37,1668,222,niños_9_12,baja
2,5,32,1642,233,niños_9_12,baja
2,6,30,1533,326,niños_9_12,baja
4,6,40,1736,272,niños_9_12,baja
2,6,45,1707,202,niños_9_12,baja
3,5,26,1742,254,niños_9_12,baja
3,5,41,1655,315,niños_9_12,baja
2,6,45,1713,328,niños_9_12,baja
2,5,44,1794,208,niños_9_12,baja
2,5,36,1419,326,niños_9_12,baja
3,5,25,1519,311,niños_9_12,baja
4,6,42,1719,327,niños_9_12,baja
2,6,29,1795,286,niños_9_12,baja
2,6,33,1675,240,niños_9_12,baja
2,6,38,1441,326,niños_9_12,baja
3,5,39,1422,344,niños_9_12,baja
2,6,36,1533,316,niños_9_12,baja
2,5,27,1663,285,niños_9_12,baja
3,5,31,1726,314,niños_9_12,baja
4,6,32,1452,328,niños_9_12,baja
2,5,27,1590,208,niños_9_12,baja
4,6,28,1443,232,niños_9_12,baja
4,5,43,1430,360,niños_9_12,baja
4,5,43,1483,216,niños_9_12,baja
2,6,34,1752,272,niños_9_12,baja
2,5,37,1502,266,niños_9_12,baja
2,6,37,1636,252,niños_9_12,baja
3,5,37,1424,335,niños_9_12,baja
4,6,45,1543,339,niños_9_12,baja
3,6,36,1625,227,niños_9_12,baja
3,6,29,1609,317,niños_9_12,baja
2,5,45,1664,230,niños_9_12,baja
2,5,40,1768,327,niños_9_12,baja
2,6,40,1625,202,niños_9_12,baja
4,5,31,1723,328,niños_9_12,baja
3,5,43,1745,345,niños_9_12,baja
3,6,37,1576,303,niños_9_12,baja
2,5,45,1796,307,niños_9_12,baja
2,6,38,1444,216,niños_9_12,baja
3,5,37,1435,389,niños_9_12,baja
2,6,40,1755,359,niños_9_12,baja
3,5,29,1517,217,niños_9_12,baja
4,6,44,1717,218,niños_9_12,baja
3,6,34,1723,320,niños_9_12,baja
2,6,38,1710,251,niños_9_12,baja
3,5,37,1442,374,niños_9_12,baja
3,6,28,1642,350,niños_9_12,baja
4,5,36,1605,398,niños_9_12,baja
3,6,37,1633,277,niños_9_12,baja
4,6,26,1508,391,niños_9_12,baja
2,6,43,1508,288,niños_9_12,baja
3,6,37,1489,330,niños_9_12,baja
2,6,41,1675,244,niños_9_12,baja
2,5,37,1727,302,niños_9_12,baja
2,6,28,1547,388,niños_9_12,baja
4,6,32,1781,367,niños_9_12,baja
3,5,25,1566,356,niños_9_12,baja
2,5,41,1794,341,niños_9_12,baja
3,5,27,1613,309,niños_9_12,baja
2,5,41,1597,207,niños_9_12,baja
4,5,43,1613,344,niños_9_12,baja
2,6,45,1680,220,niños_9_12,baja
3,6,37,1561,348,niños_9_12,baja
4,5,36,1789,296,niños_9_12,baja
3,5,34,1469,334,niños_9_12,baja
4,5,27,1557,297,niños_9_12,baja
4,6,45,1518,282,niños_9_12,baja
3,5,45,1487,285,niños_9_12,baja
2,6,35,1635,311,niños_9_12,baja
4,6,38,1496,279,niños_9_12,baja
2,5,25,1502,307,niños_9_12,baja
4,5,30,1442,250,niños_9_12,baja
3,6,28,1555,321,niños_9_12,baja
3,6,45,1776,241,niños_9_12,baja
2,5,30,1434,296,niños_9_12,baja
4,5,36,1651,209,niños_9_12,baja
2,5,34,1613,257,niños_9_12,baja
4,6,44,1797,246,niños_9_12,baja
4,5,33,1655,371,niños_9_12,baja
4,6,30,1719,287,niños_9_12,baja
2,5,26,1755,229,niños_9_12,baja
3,6,45,1566,302,niños_9_12,baja
4,6,43,1541,324,niños_9_12,baja
3,6,29,1655,245,niños_9_12,baja
3,5,34,1508,273,niños_9_12,baja
2,6,44,1530,246,niños_9_12,baja
2,5,32,1404,369,niños_9_12,baja
4,5,35,1595,279,niños_9_12,baja
2,6,39,1574,297,niños_9_12,baja
2,5,36,1701,267,niños_9_12,baja
3,6,27,1469,292,niños_9_12,baja
2,5,36,1524,366,niños_9_12,baja
4,6,27,1402,387,niños_9_12,baja
3,6,27,1589,227,niños_9_12,baja
3,5,30,1462,291,niños_9_12,baja
2,6,33,1550,359,niños_9_12,baja
2,6,27,1541,322,niños_9_12,baja
2,6,45,1439,315,niños_9_12,baja
4,6,44,1444,374,niños_9_12,baja
2,5,31,1710,392,niños_9_12,baja
3,5,25,1710,377,niños_9_12,baja
3,6,29,1472,330,niños_9_12,baja
3,6,37,1613,312,niños_9_12,baja
2,6,26,1797,202,niños_9_12,baja
3,6,36,1405,317,niños_9_12,baja
2,5,25,1603,267,niños_9_12,baja
2,5,26,1512,265,niños_9_12,baja
2,6,34,1633,221,niños_9_12,baja
2,6,40,1506,287,niños_9_12,baja
2,5,26,1787,223,niños_9_12,baja
2,6,38,1729,289,niños_9_12,baja
3,6,35,1777,382,niños_9_12,baja
2,5,32,1603,375,niños_9_12,baja
4,6,33,1426,232,niños_9_12,baja
3,6,43,1531,244,niños_9_12,baja
3,5,45,1411,397,niños_9_12,baja
2,6,39,1460,387,niños_9_12,baja
4,5,35,1441,213,niños_9_12,baja
3,6,43,1446,264,niños_9_12,baja
4,5,30,1430,362,niños_9_12,baja
2,5,40,1549,392,niños_9_12,baja
4,6,38,1767,302,niños_9_12,baja
3,6,31,1697,265,niños_9_12,baja
4,5,31,1412,333,niños_9_12,baja
3,6,44,1773,395,niños_9_12,baja
2,6,31,1455,372,niños_9_12,baja
4,5,45,1426,323,niños_9_12,baja
4,6,38,1658,397,niños_9_12,baja
4,6,33,1683,387,niños_9_12,baja
4,5,35,1770,254,niños_9_12,baja
4,5,31,1490,205,niños_9_12,baja
3,5,33,1721,223,niños_9_12,baja
3,5,41,1665,301,niños_9_12,baja
4,5,43,1413,282,niños_9_12,baja
4,6,37,1795,308,niños_9_12,baja
2,6,29,1677,298,niños_9_12,baja
4,5,41,1779,301,niños_9_12,baja
3,6,29,1721,231,niños_9_12,baja
3,6,39,1569,276,niños_9_12,baja
2,5,25,1563,385,niños_9_12,baja
4,5,45,1691,254,niños_9_12,baja
2,6,38,1752,225,niños_9_12,baja
4,6,29,1539,376,niños_9_12,baja
2,6,36,1795,334,niños_9_12,baja
2,6,37,1699,291,niños_9_12,baja
4,6,35,1417,269,niños_9_12,baja
3,6,44,1776,329,niños_9_12,baja
4,6,30,1401,244,niños_9_12,baja
3,6,33,1465,359,niños_9_12,baja
2,6,25,1683,295,niños_9_12,baja
4,5,41,1443,368,niños_9_12,baja
2,5,32,1569,231,niños_9_12,baja
3,6,45,1522,396,niños_9_12,baja
2,6,40,1615,323,niños_9_12,baja
2,5,41,1643,203,niños_9_12,baja
2,6,45,1661,241,niños_9_12,baja
4,5,28,1476,346,niños_9_12,baja
2,6,29,1581,255,niños_9_12,baja
3,6,32,1644,335,niños_9_12,baja
2,5,30,1591,397,niños_9_12,baja
2,6,32,1505,300,niños_9_12,baja
2,5,38,1408,307,niños_9_12,baja
2,5,26,1566,229,niños_9_12,baja
3,6,36,1464,315,niños_9_12,baja
3,6,37,1472,306,niños_9_12,baja
2,5,25,1769,319,niños_9_12,baja
3,5,37,1489,362,niños_9_12,baja
3,6,37,1597,362,niños_9_12,baja
3,6,44,1578,209,niños_9_12,baja
4,5,30,1546,341,niños_9_12,baja
2,5,43,1685,332,niños_9_12,baja
2,5,32,1649,357,niños_9_12,baja
3,5,38,1645,221,niños_9_12,baja
3,5,35,1542,209,niños_9_12,baja
4,5,30,1633,208,niños_9_12,baja
4,5,38,1500,400,niños_9_12,baja
4,5,36,1711,257,niños_9_12,baja
3,5,41,1548,370,niños_9_12,baja
4,6,33,1760,296,niños_9_12,baja
4,5,29,1703,363,niños_9_12,baja
2,6,37,1598,361,niños_9_12,baja
2,5,29,1499,289,niños_9_12,baja
4,5,30,1624,238,niños_9_12,baja
2,6,33,1522,290,niños_9_12,baja
2,5,26,1525,250,niños_9_12,baja
2,5,37,1754,263,niños_9_12,baja
2,5,34,1582,315,niños_9_12,baja
2,5,38,1566,204,niños_9_12,baja
4,6,29,1402,290,niños_9_12,baja
4,6,45,1507,331,niños_9_12,baja
4,5,43,1460,290,niños_9_12,baja
4,5,33,1488,298,niños_9_12,baja
2,5,43,1543,229,niños_9_12,baja
3,6,32,1694,310,niños_9_12,baja
3,6,39,1547,276,niños_9_12,baja
4,5,45,1641,363,niños_9_12,baja
4,6,27,1533,292,niños_9_12,baja
4,6,41,1619,367,niños_9_12,baja
3,5,40,1476,268,niños_9_12,baja
4,5,45,1573,368,niños_9_12,baja
2,6,25,1596,258,niños_9_12,baja
3,6,30,1567,371,niños_9_12,baja
3,5,38,1631,225,niños_9_12,baja
4,6,28,1636,378,niños_9_12,baja
4,6,44,1749,201,niños_9_12,baja
4,6,31,1549,369,niños_9_12,baja
2,6,27,1708,318,niños_9_12,baja
4,6,44,1489,374,niños_9_12,baja
4,6,29,1747,297,niños_9_12,baja
2,6,36,1471,263,niños_9_12,baja
3,5,45,1541,223,niños_9_12,baja
4,6,45,1577,257,niños_9_12,baja
3,6,30,1407,394,niños_9_12,baja
3,5,43,1482,210,niños_9_12,baja
4,6,35,1775,397,niños_9_12,baja
2,5,44,1567,346,niños_9_12,baja
4,5,33,1576,386,niños_9_12,baja
3,6,43,1716,307,niños_9_12,baja
3,5,29,1469,394,niños_9_12,baja
3,6,41,1666,224,niños_9_12,baja
2,6,42,1642,380,niños_9_12,baja
2,5,37,1461,387,niños_9_12,baja
3,6,44,1454,376,niños_9_12,baja
2,5,39,1708,286,niños_9_12,baja
2,6,27,1774,323,niños_9_12,baja
4,5,33,1781,339,niños_9_12,baja
2,5,42,1762,227,niños_9_12,baja
2,6,41,1534,241,niños_9_12,baja
2,5,30,1595,306,niños_9_12,baja
2,5,25,1677,399,niños_9_12,baja
3,5,36,1784,219,niños_9_12,baja
4,6,37,1624,250,niños_9_12,baja
3,6,40,1465,205,niños_9_12,baja
2,6,41,1655,376,niños_9_12,baja
2,5,43,1527,264,niños_9_12,baja
2,6,38,1594,209,niños_9_12,baja
4,6,35,1507,220,niños_9_12,baja
4,6,41,1464,391,niños_9_12,baja
4,6,30,1459,381,niños_9_12,baja
4,6,42,1580,341,niños_9_12,baja
3,6,25,1668,246,niños_9_12,baja
3,6,40,1452,328,niños_9_12,baja
4,5,38,1795,349,niños_9_12,baja
4,6,29,1643,297,niños_9_12,baja
2,6,28,1723,309,niños_9_12,baja
3,6,40,1587,389,niños_9_12,baja
3,5,29,1579,225,niños_9_12,baja
3,5,28,1533,260,niños_9_12,baja
2,6,43,1728,263,niños_9_12,baja
4,6,34,1510,380,niños_9_12,baja
2,5,33,1498,387,niños_9_12,baja
2,5,37,1756,387,niños_9_12,baja
4,6,27,1594,398,niños_9_12,baja
4,5,33,1431,247,niños_9_12,baja
4,6,39,1657,263,niños_9_12,baja
4,6,31,1442,249,niños_9_12,baja
3,5,45,1500,309,niños_9_12,baja
3,5,30,1575,262,niños_9_12,baja
2,5,33,1585,328,niños_9_12,baja
4,6,34,1765,309,niños_9_12,baja
2,6,44,1639,357,niños_9_12,baja
4,6,45,1550,369,niños_9_12,baja
4,5,45,1712,295,niños_9_12,baja
3,6,45,1680,300,niños_9_12,baja
3,5,35,1404,332,niños_9_12,baja
3,6,28,1686,224,niños_9_12,baja
4,5,36,1410,394,niños_9_12,baja
2,6,43,1474,368,niños_9_12,baja
4,5,35,1730,349,niños_9_12,baja
4,6,39,1452,258,niños_9_12,baja
3,6,42,1764,226,niños_9_12,baja
2,6,34,1715,389,niños_9_12,baja
4,6,29,1514,376,niños_9_12,baja
4,5,37,1733,366,niños_9_12,baja
4,5,44,1497,256,niños_9_12,baja
2,5,39,1574,212,niños_9_12,baja
4,6,30,1639,358,niños_9_12,baja
2,5,34,1743,290,niños_9_12,baja
2,6,37,1571,312,niños_9_12,baja
2,5,32,1614,299,niños_9_12,baja
4,5,41,1448,305,niños_9_12,baja
4,6,40,1661,378,niños_9_12,baja
3,5,41,1430,212,niños_9_12,baja
4,6,31,1545,251,niños_9_12,baja
4,5,27,1470,363,niños_9_12,baja
3,5,39,1602,234,niños_9_12,baja
4,5,37,1422,215,niños_9_12,baja
4,6,39,1460,324,niños_9_12,baja
3,6,30,1456,376,niños_9_12,baja
2,6,28,1556,351,niños_9_12,baja
4,6,26,1440,358,niños_9_12,baja
2,5,40,1791,237,niños_9_12,baja
2,5,25,1486,216,niños_9_12,baja
2,6,41,1409,281,niños_9_12,baja
2,5,28,1602,273,niños_9_12,baja
4,5,43,1497,298,niños_9_12,baja
4,5,37,1789,389,niños_9_12,baja
4,6,36,1612,353,niños_9_12,baja
3,6,37,1626,318,niños_9_12,baja
3,5,33,1499,235,niños_9_12,baja
3,6,31,1484,341,niños_9_12,baja
2,5,40,1544,201,niños_9_12,baja
4,6,36,1536,288,niños_9_12,baja
2,6,26,1775,310,niños_9_12,baja
2,5,25,1541,353,niños_9_12,baja
2,5,40,1421,331,niños_9_12,baja
3,5,34,1576,265,niños_9_12,baja
3,6,40,1621,272,niños_9_12,baja
2,6,42,1787,396,niños_9_12,baja
2,6,25,1761,211,niños_9_12,baja
4,5,40,1594,371,niños_9_12,baja
2,6,40,1466,273,niños_9_12,baja
4,6,26,1408,217,niños_9_12,baja
4,6,32,1597,205,niños_9_12,baja
2,5,41,1420,251,niños_9_12,baja
2,6,25,1787,297,niños_9_12,baja
3,5,31,1798,361,niños_9_12,baja
4,5,41,1664,382,niños_9_12,baja
3,5,29,1572,335,niños_9_12,baja
2,6,38,1753,379,niños_9_12,baja
4,5,29,1584,260,niños_9_12,baja
3,5,34,1765,245,niños_9_12,baja
3,6,32,1443,363,niños_9_12,baja
3,5,26,1709,322,niños_9_12,baja
3,6,31,1455,355,niños_9_12,baja
3,6,33,1632,233,niños_9_12,baja
4,5,38,1429,323,niños_9_12,baja
4,6,33,1717,386,niños_9_12,baja
2,6,30,1738,269,niños_9_12,baja
4,5,28,1748,305,niños_9_12,baja
4,5,27,1752,210,niños_9_12,baja
4,5,35,1750,337,niños_9_12,baja
2,5,40,1693,200,niños_9_12,baja
2,5,33,1598,285,niños_9_12,baja
3,5,29,1793,296,niños_9_12,baja
4,5,31,1768,350,niños_9_12,baja
4,5,38,1652,388,niños_9_12,baja
3,6,32,1719,332,niños_9_12,baja
3,6,34,1504,218,niños_9_12,baja
4,5,31,1717,341,niños_9_12,baja
2,5,25,1727,306,niños_9_12,baja
3,5,38,1659,373,niños_9_12,baja
2,5,40,1484,390,niños_9_12,baja
3,6,41,1643,246,niños_9_12,baja
4,5,44,1684,389,niños_9_12,baja
2,5,27,1792,388,niños_9_12,baja
4,6,44,1515,305,niños_9_12,baja
4,6,33,1705,385,niños_9_12,baja
3,5,27,1543,360,niños_9_12,baja
4,6,37,1411,339,niños_9_12,baja
2,6,33,1574,263,niños_9_12,baja
3,6,41,1711,280,niños_9_12,baja
4,5,35,1588,346,niños_9_12,baja
2,5,35,1463,231,niños_9_12,baja
4,6,26,1592,216,niños_9_12,baja
4,6,39,1646,243,niños_9_12,baja
2,5,25,1764,335,niños_9_12,baja
3,6,25,1684,309,niños_9_12,baja
2,5,43,1412,260,niños_9_12,baja
4,6,42,1651,249,niños_9_12,baja
4,6,32,1596,313,niños_9_12,baja
4,5,39,1736,271,niños_9_12,baja
2,5,37,1483,379,niños_9_12,baja
3,6,44,1650,278,niños_9_12,baja
4,6,41,1519,400,niños_9_12,baja
4,5,26,1724,247,niños_9_12,baja
2,5,30,1761,387,niños_9_12,baja
4,6,41,1529,264,niños_9_12,baja
2,5,43,1540,381,niños_9_12,baja
3,5,36,1465,313,niños_9_12,baja
2,5,29,1765,319,niños_9_12,baja
4,6,39,1688,296,niños_9_12,baja
4,5,25,1743,394,niños_9_12,baja
4,6,41,1656,215,niños_9_12,baja
3,6,35,1605,253,niños_9_12,baja
3,5,34,1716,295,niños_9_12,baja
3,5,40,1459,263,niños_9_12,baja
2,6,25,1787,274,niños_9_12,baja
3,6,43,1457,207,niños_9_12,baja
4,5,28,1744,297,niños_9_12,baja
4,5,30,1466,386,niños_9_12,baja
4,6,35,1513,296,niños_9_12,baja
4,5,41,1759,343,niños_9_12,baja
4,6,39,1734,265,niños_9_12,baja
2,5,45,1519,220,niños_9_12,baja
3,5,34,1713,395,niños_9_12,baja
2,5,28,1461,300,niños_9_12,baja
2,6,37,1754,336,niños_9_12,baja
4,5,30,1587,232,niños_9_12,baja
4,6,40,1693,257,niños_9_12,baja
4,5,42,1496,277,niños_9_12,baja
3,5,37,1794,300,niños_9_12,baja
4,5,27,1430,222,niños_9_12,baja
2,5,35,1400,319,niños_9_12,baja
2,6,30,1750,366,niños_9_12,baja
4,5,27,1745,333,niños_9_12,baja
4,5,32,1671,389,niños_9_12,baja
3,5,41,1762,270,niños_9_12,baja
2,6,31,1668,371,niños_9_12,baja
4,5,44,1443,397,niños_9_12,baja
3,6,33,1537,363,niños_9_12,baja
2,6,25,1785,253,niños_9_12,baja
2,6,35,1722,272,niños_9_12,baja
3,6,39,1541,305,niños_9_12,baja
2,6,39,1525,269,niños_9_12,baja
2,6,39,1702,256,niños_9_12,baja
2,5,26,1533,211,niños_9_12,baja
4,5,29,1517,219,niños_9_12,baja
4,6,44,1635,389,niños_9_12,baja
4,5,29,1556,321,niños_9_12,baja
3,6,37,1644,276,niños_9_12,baja
4,6,34,1631,370,niños_9_12,baja
2,5,36,1781,254,niños_9_12,baja
2,6,26,1666,308,niños_9_12,baja
2,6,31,1620,356,niños_9_12,baja
4,5,37,1667,239,niños_9_12,baja
4,5,42,1492,365,niños_9_12,baja
2,6,41,1490,254,niños_9_12,baja
2,6,26,1492,266,niños_9_12,baja
4,6,38,1765,264,niños_9_12,baja
4,6,36,1402,382,niños_9_12,baja
2,5,43,1518,218,niños_9_12,baja
3,6,28,1507,274,niños_9_12,baja
2,6,44,1547,206,niños_9_12,baja
2,6,42,1663,383,niños_9_12,baja
2,5,32,1413,304,niños_9_12,baja
4,5,28,1434,287,niños_9_12,baja
3,6,30,1529,275,niños_9_12,baja
4,6,39,1689,383,niños_9_12,baja
4,6,43,1762,389,niños_9_12,baja
4,5,30,1550,299,niños_9_12,baja
4,5,26,1719,239,niños_9_12,baja
2,6,34,1499,367,niños_9_12,baja
2,5,43,1698,371,niños_9_12,baja
4,5,42,1540,322,niños_9_12,baja
3,5,29,1436,214,niños_9_12,baja
2,6,38,1640,267,niños_9_12,baja
4,6,41,1723,262,niños_9_12,baja
3,5,29,1546,380,niños_9_12,baja
4,6,41,1787,246,niños_9_12,baja
3,5,39,1450,340,niños_9_12,baja
2,5,42,1709,207,niños_9_12,baja
4,6,33,1492,238,niños_9_12,baja
4,6,40,1725,206,niños_9_12,baja
3,5,34,1425,267,niños_9_12,baja
4,5,26,1582,261,niños_9_12,baja
4,6,30,1569,323,niños_9_12,baja
4,6,43,1516,349,niños_9_12,baja
4,5,38,1729,282,niños_9_12,baja
4,6,37,1628,378,niños_9_12,baja
3,6,34,1530,253,niños_9_12,baja
4,5,39,1753,371,niños_9_12,baja
3,6,42,1491,364,niños_9_12,baja
4,5,26,1740,281,niños_9_12,baja
2,6,34,1708,242,niños_9_12,baja
4,5,41,1782,230,niños_9_12,baja
2,5,39,1584,246,niños_9_12,baja
3,6,36,1631,400,niños_9_12,baja
4,5,36,1543,368,niños_9_12,baja
2,5,33,1704,397,niños_9_12,baja
2,6,37,1415,242,niños_9_12,baja
3,6,34,1766,344,niños_9_12,baja
2,6,35,1596,378,niños_9_12,baja
2,5,44,1514,259,niños_9_12,baja
2,6,27,1446,299,niños_9_12,baja
3,5,39,1782,368,niños_9_12,baja
3,6,28,1726,282,niños_9_12,baja
4,6,39,1710,280,niños_9_12,baja
3,5,33,1428,285,niños_9_12,baja
4,6,27,1407,251,niños_9_12,baja
2,6,26,1729,276,niños_9_12,baja
3,5,34,1675,296,niños_9_12,baja
3,6,40,1636,281,niños_9_12,baja
4,5,26,1569,310,niños_9_12,baja
4,6,44,1739,285,niños_9_12,baja
2,5,39,1734,310,niños_9_12,baja
2,6,33,1663,217,niños_9_12,baja
3,6,33,1731,203,niños_9_12,baja
4,5,29,1473,248,niños_9_12,baja
4,5,32,1412,392,niños_9_12,baja
4,5,29,1691,336,niños_9_12,baja
2,6,39,1556,310,niños_9_12,baja
4,5,31,1591,390,niños_9_12,baja
3,5,43,1599,320,niños_9_12,baja
3,5,42,1407,271,niños_9_12,baja
4,6,26,1755,208,niños_9_12,baja
3,6,25,1792,278,niños_9_12,baja
3,5,42,1778,325,niños_9_12,baja
3,6,42,1506,311,niños_9_12,baja
3,5,27,1697,323,niños_9_12,baja
4,6,37,1519,290,niños_9_12,baja
4,5,33,1770,213,niños_9_12,baja
2,5,42,1603,298,niños_9_12,baja
2,5,45,1776,217,niños_9_12,baja
2,6,38,1650,350,niños_9_12,baja
2,5,43,1673,211,niños_9_12,baja
2,6,35,1730,336,niños_9_12,baja
2,5,33,1653,387,niños_9_12,baja
3,5,25,1543,351,niños_9_12,baja
2,5,31,1678,318,niños_9_12,baja
3,6,33,1738,269,niños_9_12,baja
3,5,32,1582,301,niños_9_12,baja
4,5,37,1688,271,niños_9_12,baja
3,6,26,1576,293,niños_9_12,baja
4,5,33,1497,309,niños_9_12,baja
4,5,36,1434,299,niños_9_12,baja
4,6,33,1788,247,niños_9_12,baja
3,5,29,1717,248,niños_9_12,baja
4,6,34,1450,397,niños_9_12,baja
2,5,26,1446,244,niños_9_12,baja
3,6,38,1521,347,niños_9_12,baja
2,6,25,1692,219,niños_9_12,baja
3,6,30,1709,244,niños_9_12,baja
4,6,41,1686,284,niños_9_12,baja
4,6,29,1502,264,niños_9_12,baja
3,6,33,1674,280,niños_9_12,baja
2,6,37,1458,376,niños_9_12,baja
4,6,40,1672,391,niños_9_12,baja
3,6,33,1585,298,niños_9_12,baja
3,6,33,1709,272,niños_9_12,baja
3,5,42,1473,216,niños_9_12,baja
3,6,44,1462,316,niños_9_12,baja
4,6,27,1440,373,niños_9_12,baja
4,5,40,1514,372,niños_9_12,baja
3,5,31,1629,396,niños_9_12,baja
4,6,31,1798,287,niños_9_12,baja
3,6,28,1476,295,niños_9_12,baja
2,5,25,1409,248,niños_9_12,baja
2,6,32,1651,208,niños_9_12,baja
2,5,29,1710,278,niños_9_12,baja
4,6,44,1767,215,niños_9_12,baja
3,6,28,1654,292,niños_9_12,baja
4,6,33,1560,277,niños_9_12,baja
2,5,39,1424,206,niños_9_12,baja
4,5,35,1668,374,niños_9_12,baja
3,6,36,1791,319,niños_9_12,baja
2,5,42,1599,206,niños_9_12,baja
2,5,42,1781,245,niños_9_12,baja
4,6,25,1583,322,niños_9_12,baja
2,5,28,1749,279,niños_9_12,baja
3,5,43,1672,237,niños_9_12,baja
3,6,40,1555,291,niños_9_12,baja
4,5,36,1588,344,niños_9_12,baja
2,5,37,1674,321,niños_9_12,baja
3,5,26,1421,206,niños_9_12,baja
4,5,28,1714,238,niños_9_12,baja
4,6,40,1757,344,niños_9_12,baja
3,5,29,1531,244,niños_9_12,baja
3,6,31,1653,327,niños_9_12,baja
4,5,39,1790,207,niños_9_12,baja
4,5,41,1558,375,niños_9_12,baja
4,5,26,1551,354,niños_9_12,baja
4,6,39,1548,306,niños_9_12,baja
3,6,42,1756,310,niños_9_12,baja
3,6,32,1546,316,niños_9_12,baja
2,6,34,1769,305,niños_9_12,baja
4,6,45,1739,209,niños_9_12,baja
3,5,42,1742,215,niños_9_12,baja
2,6,33,1440,400,niños_9_12,baja
2,6,30,1454,365,niños_9_12,baja
2,6,41,1636,240,niños_9_12,baja
4,6,35,1774,225,niños_9_12,baja
3,6,28,1454,315,niños_9_12,baja
2,6,43,1546,268,niños_9_12,baja
4,5,45,1478,337,niños_9_12,baja
3,6,43,1480,219,niños_9_12,baja
4,5,28,1529,375,niños_9_12,baja
2,5,34,1543,259,niños_9_12,baja
3,6,38,1474,289,niños_9_12,baja
4,6,38,1614,342,niños_9_12,baja
3,5,42,1650,345,niños_9_12,baja
2,6,25,1730,329,niños_9_12,baja
2,5,40,1423,270,niños_9_12,baja
2,5,38,1620,396,niños_9_12,baja
4,5,42,1793,274,niños_9_12,baja
2,6,25,1706,237,niños_9_12,baja
4,6,32,1756,205,niños_9_12,baja
2,6,29,1521,227,niños_9_12,baja
3,6,35,1448,369,niños_9_12,baja
4,6,35,1592,274,niños_9_12,baja
2,5,44,1607,213,niños_9_12,baja
4,5,31,1500,353,niños_9_12,baja
2,5,41,1708,371,niños_9_12,baja
2,5,26,1705,268,niños_9_12,baja
3,5,29,1420,211,niños_9_12,baja
4,5,32,1624,224,niños_9_12,baja
3,5,37,1491,283,niños_9_12,baja
3,6,38,1679,348,niños_9_12,baja
2,6,34,1761,383,niños_9_12,baja
2,5,39,1404,301,niños_9_12,baja
3,6,31,1692,270,niños_9_12,baja
3,5,34,1695,387,niños_9_12,baja
4,5,39,1740,324,niños_9_12,baja
4,6,29,1511,298,niños_9_12,baja
4,5,34,1576,316,niños_9_12,baja
4,6,26,1732,316,niños_9_12,baja
4,5,34,1566,387,niños_9_12,baja
3,5,37,1716,280,niños_9_12,baja
2,5,42,1635,329,niños_9_12,baja
4,5,41,1507,294,niños_9_12,baja
2,6,38,1473,332,niños_9_12,baja
4,6,38,1427,299,niños_9_12,baja
2,6,30,1733,392,niños_9_12,baja
2,5,25,1425,359,niños_9_12,baja
4,6,34,1640,203,niños_9_12,baja
4,6,27,1734,235,niños_9_12,baja
4,5,34,1472,307,niños_9_12,baja
4,6,29,1443,235,niños_9_12,baja
2,6,31,1776,311,niños_9_12,baja
4,6,45,1750,311,niños_9_12,baja
3,5,38,1727,333,niños_9_12,baja
2,6,41,1775,230,niños_9_12,baja
2,6,37,1772,334,niños_9_12,baja
4,5,32,1672,365,niños_9_12,baja
4,6,26,1670,345,niños_9_12,baja
3,6,41,1619,360,niños_9_12,baja
2,5,45,1450,352,niños_9_12,baja
3,6,32,1404,383,niños_9_12,baja
4,6,33,1504,343,niños_9_12,baja
2,5,37,1760,244,niños_9_12,baja
3,5,27,1609,257,niños_9_12,baja
3,6,33,1671,286,niños_9_12,baja
2,6,37,1674,320,niños_9_12,baja
3,6,36,1715,238,niños_9_12,baja
4,5,31,1466,295,niños_9_12,baja
2,6,35,1566,356,niños_9_12,baja
2,6,29,1642,220,niños_9_12,baja
3,5,30,1709,318,niños_9_12,baja
4,5,39,1646,341,niños_9_12,baja
2,5,42,1751,344,niños_9_12,baja
4,5,30,1781,386,niños_9_12,baja
2,5,27,1414,261,niños_9_12,baja
4,5,39,1786,328,niños_9_12,baja
3,5,36,1586,300,niños_9_12,baja
4,6,42,1646,246,niños_9_12,baja
3,5,31,1409,327,niños_9_12,baja
3,5,40,1636,328,niños_9_12,baja
3,5,30,1592,312,niños_9_12,baja
4,6,33,1625,333,niños_9_12,baja
3,6,29,1572,365,niños_9_12,baja
3,5,34,1749,361,niños_9_12,baja
4,5,27,1422,208,niños_9_12,baja
2,6,26,1425,289,niños_9_12,baja
2,5,28,1587,355,niños_9_12,baja
4,6,39,1406,339,niños_9_12,baja
3,5,40,1576,395,niños_9_12,baja
3,6,40,1715,227,niños_9_12,baja
4,6,32,1639,331,niños_9_12,baja
2,5,40,1625,314,niños_9_12,baja
3,5,29,1743,214,niños_9_12,baja
3,5,39,1625,258,niños_9_12,baja
2,5,42,1408,313,niños_9_12,baja
2,5,35,1735,238,niños_9_12,baja
2,5,34,1693,252,niños_9_12,baja
2,5,45,1678,304,niños_9_12,baja
2,5,37,1483,223,niños_9_12,baja
2,5,35,1497,276,niños_9_12,baja
3,5,33,1540,238,niños_9_12,baja
4,6,27,1636,372,niños_9_12,baja
4,6,27,1635,271,niños_9_12,baja
3,6,26,1541,349,niños_9_12,baja
2,5,32,1466,204,niños_9_12,baja
3,5,36,1727,253,niños_9_12,baja
3,6,27,1740,269,niños_9_12,baja
2,5,25,1577,382,niños_9_12,baja
3,5,39,1622,304,niños_9_12,baja
3,5,38,1492,391,niños_9_12,baja
2,6,27,1689,338,niños_9_12,baja
3,5,35,1568,398,niños_9_12,baja
2,6,42,1556,213,niños_9_12,baja
3,6,37,1552,364,niños_9_12,baja
3,6,41,1598,267,niños_9_12,baja
2,5,44,1634,396,niños_9_12,baja
2,5,41,1406,218,niños_9_12,baja
2,5,27,1592,201,niños_9_12,baja
3,5,42,1410,302,niños_9_12,baja
2,5,31,1448,216,niños_9_12,baja
3,5,33,1532,322,niños_9_12,baja
4,5,31,1442,322,niños_9_12,baja
4,5,33,1716,222,niños_9_12,baja
2,6,26,1437,371,niños_9_12,baja
2,5,26,1798,376,niños_9_12,baja
4,6,33,1565,308,niños_9_12,baja
4,5,25,1769,272,niños_9_12,baja
4,5,26,1406,353,niños_9_12,baja
3,6,36,1643,281,niños_9_12,baja
2,6,40,1768,301,niños_9_12,baja
4,5,39,1417,256,niños_9_12,baja
2,5,33,1800,356,niños_9_12,baja
4,5,28,1755,250,niños_9_12,baja
3,5,35,1792,361,niños_9_12,baja
4,5,43,1689,246,niños_9_12,baja
3,6,26,1565,389,niños_9_12,baja
4,6,27,1531,323,niños_9_12,baja
3,5,37,1754,394,niños_9_12,baja
3,6,37,1668,236,niños_9_12,baja
3,5,35,1683,257,niños_9_12,baja
2,6,37,1654,211,niños_9_12,baja
2,5,41,1542,205,niños_9_12,baja
2,6,39,1692,231,niños_9_12,baja
3,6,45,1597,279,niños_9_12,baja
2,6,25,1400,215,niños_9_12,baja
2,6,38,1515,207,niños_9_12,baja
4,5,42,1474,297,niños_9_12,baja
2,6,41,1454,278,niños_9_12,baja
3,6,43,1492,295,niños_9_12,baja
2,6,37,1628,348,niños_9_12,baja
2,5,25,1467,339,niños_9_12,baja
3,6,38,1421,391,niños_9_12,baja
3,6,31,1454,337,niños_9_12,baja
2,6,26,1464,400,niños_9_12,baja
4,6,42,1515,310,niños_9_12,baja
3,5,25,1471,246,niños_9_12,baja
4,6,26,1566,377,niños_9_12,baja
2,5,44,1482,210,niños_9_12,baja
3,5,42,1516,238,niños_9_12,baja
3,5,35,1421,328,niños_9_12,baja
2,6,37,1739,299,niños_9_12,baja
4,5,30,1671,338,niños_9_12,baja
3,6,43,1438,318,niños_9_12,baja
2,5,26,1650,357,niños_9_12,baja
2,5,29,1690,332,niños_9_12,baja
4,6,39,1567,351,niños_9_12,baja
3,5,35,1736,290,niños_9_12,baja
2,6,30,1674,258,niños_9_12,baja
3,5,34,1754,398,niños_9_12,baja
3,5,34,1687,369,niños_9_12,baja
2,6,44,1683,280,niños_9_12,baja
2,5,33,1759,297,niños_9_12,baja
4,5,35,1678,346,niños_9_12,baja
3,6,39,1442,258,niños_9_12,baja
4,6,30,1629,215,niños_9_12,baja
2,6,29,1719,334,niños_9_12,baja
4,5,42,1411,256,niños_9_12,baja
3,5,39,1715,314,niños_9_12,baja
2,5,33,1506,289,niños_9_12,baja
2,5,32,1734,319,niños_9_12,baja
3,5,27,1693,389,niños_9_12,baja
3,5,26,1606,304,niños_9_12,baja
3,6,29,1461,204,niños_9_12,baja
4,6,32,1448,233,niños_9_12,baja
2,5,45,1672,241,niños_9_12,baja
2,6,32,1747,303,niños_9_12,baja
4,5,41,1751,206,niños_9_12,baja
2,5,36,1548,357,niños_9_12,baja
3,6,37,1615,302,niños_9_12,baja
2,5,28,1696,313,niños_9_12,baja
2,5,30,1749,200,niños_9_12,baja
4,5,28,1473,239,niños_9_12,baja
4,6,27,1599,344,niños_9_12,baja
3,5,41,1749,215,niños_9_12,baja
4,5,37,1476,257,niños_9_12,baja
2,6,30,1719,372,niños_9_12,baja
4,6,35,1461,249,niños_9_12,baja
2,5,25,1784,206,niños_9_12,baja
4,5,29,1621,390,niños_9_12,baja
3,5,40,1406,372,niños_9_12,baja
3,6,37,1551,270,niños_9_12,baja
2,6,31,1658,225,niños_9_12,baja
2,6,27,1629,249,niños_9_12,baja
2,6,30,1490,323,niños_9_12,baja
4,5,37,1619,324,niños_9_12,baja
2,5,32,1610,380,niños_9_12,baja
3,6,33,1520,262,niños_9_12,baja
2,6,31,1557,328,niños_9_12,baja
2,5,45,1489,212,niños_9_12,baja
2,5,34,1639,226,niños_9_12,baja
2,5,36,1585,228,niños_9_12,baja
3,6,27,1790,205,niños_9_12,baja
4,5,44,1779,315,niños_9_12,baja
4,5,32,1401,213,niños_9_12,baja
4,6,27,1550,240,niños_9_12,baja
3,5,30,1483,321,niños_9_12,baja
3,5,28,1431,235,niños_9_12,baja
4,6,36,1597,230,niños_9_12,baja
2,5,29,1463,250,niños_9_12,baja
2,6,26,1669,395,niños_9_12,baja
4,6,39,1468,378,niños_9_12,baja
3,5,30,1727,366,niños_9_12,baja
2,6,42,1512,385,niños_9_12,baja
2,6,32,1643,295,niños_9_12,baja
4,5,43,1521,233,niños_9_12,baja
4,5,33,1623,224,niños_9_12,baja
3,6,36,1759,249,niños_9_12,baja
3,6,32,1776,303,niños_9_12,baja
4,5,33,1708,381,niños_9_12,baja
3,6,37,1424,207,niños_9_12,baja
2,6,29,1573,234,niños_9_12,baja
3,6,45,1543,208,niños_9_12,baja
4,6,29,1667,353,niños_9_12,baja
2,6,39,1800,258,niños_9_12,baja
3,6,33,1450,303,niños_9_12,baja
3,6,29,1633,230,niños_9_12,baja
3,5,40,1472,370,niños_9_12,baja
2,5,26,1417,328,niños_9_12,baja
4,6,39,1451,383,niños_9_12,baja
3,5,30,1557,283,niños_9_12,baja
4,6,26,1737,281,niños_9_12,baja
4,5,36,1468,255,niños_9_12,baja
2,5,30,1413,341,niños_9_12,baja
3,5,35,1541,377,niños_9_12,baja
2,6,38,1510,354,niños_9_12,baja
4,5,32,1570,213,niños_9_12,baja
3,6,34,1587,225,niños_9_12,baja
3,5,27,1486,270,niños_9_12,baja
4,6,44,1476,211,niños_9_12,baja
3,6,41,1635,394,niños_9_12,baja
3,6,41,1760,286,niños_9_12,baja
4,5,29,1673,354,niños_9_12,baja
4,6,37,1688,352,niños_9_12,baja
3,5,31,1528,355,niños_9_12,baja
3,6,37,1633,280,niños_9_12,baja
2,5,27,1501,202,niños_9_12,baja
4,5,33,1501,329,niños_9_12,baja
4,6,42,1622,348,niños_9_12,baja
4,6,35,1534,210,niños_9_12,baja
3,5,27,1690,272,niños_9_12,baja
3,5,27,1428,399,niños_9_12,baja
4,6,31,1606,206,niños_9_12,baja
2,6,43,1457,225,niños_9_12,baja
2,6,27,1649,373,niños_9_12,baja
3,6,36,1676,227,niños_9_12,baja
4,5,35,1424,214,niños_9_12,baja
2,6,40,1473,351,niños_9_12,baja
4,6,33,1467,216,niños_9_12,baja
4,6,45,1430,284,niños_9_12,baja
3,5,45,1733,352,niños_9_12,baja
4,5,37,1786,222,niños_9_12,baja
3,6,32,1589,341,niños_9_12,baja
3,6,26,1528,285,niños_9_12,baja
3,6,37,1577,379,niños_9_12,baja
2,5,34,1467,396,niños_9_12,baja
2,5,45,1535,345,niños_9_12,baja
3,6,39,1515,275,niños_9_12,baja
4,6,29,1404,213,niños_9_12,baja
4,5,26,1451,350,niños_9_12,baja
3,6,38,1644,374,niños_9_12,baja
4,6,34,1445,240,niños_9_12,baja
4,5,43,1504,303,niños_9_12,baja
2,6,30,1762,266,niños_9_12,baja
2,5,42,1618,211,niños_9_12,baja
3,6,35,1463,204,niños_9_12,baja
2,6,27,1683,261,niños_9_12,baja
4,5,35,1572,291,niños_9_12,baja
2,5,42,1619,251,niños_9_12,baja
4,6,30,1710,229,niños_9_12,baja
3,5,41,1700,391,niños_9_12,baja
3,5,37,1522,239,niños_9_12,baja
2,5,43,1580,293,niños_9_12,baja
4,6,32,1689,237,niños_9_12,baja
2,5,26,1758,310,niños_9_12,baja
4,6,38,1541,362,niños_9_12,baja
2,5,32,1597,386,niños_9_12,baja
2,6,41,1499,253,niños_9_12,baja
3,6,44,1746,235,niños_9_12,baja
4,5,32,1670,284,niños_9_12,baja
2,5,39,1533,321,niños_9_12,baja
4,6,44,1564,334,niños_9_12,baja
4,6,28,1674,228,niños_9_12,baja
3,5,38,1776,272,niños_9_12,baja
4,6,36,1523,239,niños_9_12,baja
4,5,28,1634,309,niños_9_12,baja
3,6,30,1775,247,niños_9_12,baja
4,5,42,1680,332,niños_9_12,baja
2,5,32,1414,251,niños_9_12,baja
3,6,33,1466,310,niños_9_12,baja
4,6,34,1534,210,niños_9_12,baja
3,5,29,1795,240,niños_9_12,baja
3,5,44,1763,309,niños_9_12,baja
3,5,45,1443,319,niños_9_12,baja
2,5,36,1665,247,niños_9_12,baja
3,5,38,1721,310,niños_9_12,baja
4,6,35,1479,296,niños_9_12,baja
4,5,31,1460,318,niños_9_12,baja
3,6,40,1555,398,niños_9_12,baja
2,5,26,1555,217,niños_9_12,baja
4,6,28,1598,257,niños_9_12,baja
3,5,45,1730,211,niños_9_12,baja
4,6,28,1583,273,niños_9_12,baja
3,5,45,1755,288,niños_9_12,baja
2,5,25,1783,238,niños_9_12,baja
2,6,35,1738,245,niños_9_12,baja
3,6,44,1707,359,niños_9_12,baja
4,5,29,1471,325,niños_9_12,baja
2,5,37,1461,335,niños_9_12,baja
3,6,29,1585,230,niños_9_12,baja
4,5,25,1679,287,niños_9_12,baja
2,5,34,1683,242,niños_9_12,baja
3,5,38,1499,259,niños_9_12,baja
2,6,31,1670,279,niños_9_12,baja
3,5,30,1627,276,niños_9_12,baja
3,6,25,1604,370,niños_9_12,baja
4,5,30,1448,380,niños_9_12,baja
4,6,27,1637,334,niños_9_12,baja
3,5,37,1794,288,niños_9_12,baja
2,6,37,1628,343,niños_9_12,baja
4,6,35,1404,268,niños_9_12,baja
4,6,29,1485,353,niños_9_12,baja
3,5,45,1787,316,niños_9_12,baja
2,6,26,1515,232,niños_9_12,baja
2,6,37,1484,331,niños_9_12,baja
3,5,42,1699,279,niños_9_12,baja
3,6,28,1654,337,niños_9_12,baja
2,5,29,1660,345,niños_9_12,baja
4,6,25,1758,323,niños_9_12,baja
2,5,44,1540,306,niños_9_12,baja
3,5,25,1748,312,niños_9_12,baja
3,5,29,1748,238,niños_9_12,baja
2,5,42,1474,335,niños_9_12,baja
2,5,43,1767,324,niños_9_12,baja
4,6,33,1549,333,niños_9_12,baja
4,5,29,1766,209,niños_9_12,baja
3,6,39,1670,217,niños_9_12,baja
3,6,29,1592,250,niños_9_12,baja
2,5,39,1602,262,niños_9_12,baja
3,5,41,1674,217,niños_9_12,baja
2,5,34,1716,223,niños_9_12,baja
4,6,33,1563,358,niños_9_12,baja
4,5,44,1524,244,niños_9_12,baja
4,6,30,1490,379,niños_9_12,baja
3,6,31,1757,235,niños_9_12,baja
4,6,29,1526,326,niños_9_12,baja
3,5,26,1407,213,niños_9_12,baja
4,5,33,1516,383,niños_9_12,baja
3,6,45,1798,394,niños_9_12,baja
3,5,42,1573,219,niños_9_12,baja
3,6,33,1459,201,niños_9_12,baja
4,5,26,1699,283,niños_9_12,baja
3,5,26,1774,304,niños_9_12,baja
3,6,40,1741,314,niños_9_12,baja
3,5,31,1471,216,niños_9_12,baja
3,6,42,1708,257,niños_9_12,baja
2,6,42,1553,333,niños_9_12,baja
3,5,26,1745,341,niños_9_12,baja
4,5,30,1511,318,niños_9_12,baja
2,6,28,1601,282,niños_9_12,baja
3,6,33,1443,334,niños_9_12,baja
4,6,42,1566,300,niños_9_12,baja
3,6,32,1551,226,niños_9_12,baja
4,6,45,1594,292,niños_9_12,baja
3,6,33,1486,379,niños_9_12,baja
2,5,32,1557,288,niños_9_12,baja
2,5,30,1606,374,niños_9_12,baja
2,5,26,1699,220,niños_9_12,baja
2,6,34,1455,396,niños_9_12,baja
3,6,36,1779,340,niños_9_12,baja
4,5,34,1672,217,niños_9_12,baja
2,5,36,1413,227,niños_9_12,baja
3,5,44,1695,272,niños_9_12,baja
2,6,35,1655,239,niños_9_12,baja
2,5,27,1796,389,niños_9_12,baja
2,6,42,1635,256,niños_9_12,baja
4,6,34,1549,324,niños_9_12,baja
2,6,27,1597,358,niños_9_12,baja
2,6,42,1451,210,niños_9_12,baja
2,5,41,1733,293,niños_9_12,baja
2,5,28,1548,212,niños_9_12,baja
4,6,42,1577,283,niños_9_12,baja
2,5,43,1606,303,niños_9_12,baja
2,6,37,1587,327,niños_9_12,baja
2,6,34,1673,289,niños_9_12,baja
2,6,38,1662,213,niños_9_12,baja
4,6,31,1400,291,niños_9_12,baja
3,6,34,1476,318,niños_9_12,baja
2,5,36,1648,327,niños_9_12,baja
2,6,35,1700,349,niños_9_12,baja
3,5,30,1481,230,niños_9_12,baja
4,6,32,1566,243,niños_9_12,baja
3,6,27,1775,400,niños_9_12,baja
4,5,32,1799,220,niños_9_12,baja
2,5,26,1431,213,niños_9_12,baja
3,5,39,1577,237,niños_9_12,baja
4,6,43,1652,316,niños_9_12,baja
3,5,35,1789,396,niños_9_12,baja
3,5,25,1624,204,niños_9_12,baja
2,6,30,1489,320,niños_9_12,baja
3,6,37,1784,363,niños_9_12,baja
2,6,31,1655,393,niños_9_12,baja
4,6,31,1580,270,niños_9_12,baja
4,6,26,1754,304,niños_9_12,baja
3,5,36,1431,319,niños_9_12,baja
2,5,27,1796,373,niños_9_12,baja
4,6,29,1742,291,niños_9_12,baja
3,5,33,1794,245,niños_9_12,baja
4,6,29,1751,398,niños_9_12,baja
3,6,35,1681,323,niños_9_12,baja
3,5,35,1621,371,niños_9_12,baja
2,6,45,1550,339,niños_9_12,baja
2,6,28,1607,377,niños_9_12,baja
3,5,33,1700,349,niños_9_12,baja
3,5,26,1671,249,niños_9_12,baja
4,6,43,1685,314,niños_9_12,baja
2,6,31,1622,368,niños_9_12,baja
2,5,31,1670,240,niños_9_12,baja
4,6,35,1708,248,niños_9_12,baja
2,6,44,1747,213,niños_9_12,baja
4,6,27,1533,258,niños_9_12,baja
4,6,26,1725,204,niños_9_12,baja
2,5,41,1432,381,niños_9_12,baja
2,6,36,1525,292,niños_9_12,baja
4,6,36,1757,206,niños_9_12,baja
3,5,33,1683,319,niños_9_12,baja
4,6,37,1449,219,niños_9_12,baja
4,6,29,1595,342,niños_9_12,baja
3,6,39,1687,279,niños_9_12,baja
4,6,38,1487,347,niños_9_12,baja
4,5,29,1799,380,niños_9_12,baja
3,5,41,1778,318,niños_9_12,baja
2,5,33,1687,327,niños_9_12,baja
4,5,33,1675,396,niños_9_12,baja
3,5,25,1639,243,niños_9_12,baja
3,5,40,1639,279,niños_9_12,baja
3,6,33,1668,272,niños_9_12,baja
2,6,36,1676,311,niños_9_12,baja
2,5,26,1461,303,niños_9_12,baja
4,5,27,1763,360,niños_9_12,baja
4,5,28,1776,239,niños_9_12,baja
4,5,36,1572,395,niños_9_12,baja
3,6,33,1615,340,niños_9_12,baja
2,5,39,1485,357,niños_9_12,baja
4,5,26,1467,219,niños_9_12,baja
4,5,41,1785,328,niños_9_12,baja
4,6,35,1633,378,niños_9_12,baja
2,5,40,1404,273,niños_9_12,baja
3,6,40,1420,228,niños_9_12,baja
2,6,31,1621,376,niños_9_12,baja
4,5,25,1766,310,niños_9_12,baja
4,6,28,1589,279,niños_9_12,baja
4,5,35,1719,247,niños_9_12,baja
2,6,27,1499,351,niños_9_12,baja
3,6,38,1533,375,niños_9_12,baja
4,5,29,1546,366,niños_9_12,baja
2,6,37,1605,250,niños_9_12,baja
2,6,34,1506,263,niños_9_12,baja
4,6,28,1505,326,niños_9_12,baja
2,5,36,1749,272,niños_9_12,baja
2,5,25,1698,222,niños_9_12,baja
4,6,43,1770,357,niños_9_12,baja
4,6,34,1546,203,niños_9_12,baja
2,5,38,1513,239,niños_9_12,baja
4,6,39,1605,316,niños_9_12,baja
4,6,42,1661,394,niños_9_12,baja
2,6,29,1653,302,niños_9_12,baja
3,6,25,1477,227,niños_9_12,baja
2,6,37,1658,269,niños_9_12,baja
4,6,35,1511,228,niños_9_12,baja
3,5,36,1765,380,niños_9_12,baja
2,5,27,1690,292,niños_9_12,baja
3,5,34,1528,228,niños_9_12,baja
4,5,25,1682,215,niños_9_12,baja
4,5,26,1513,347,niños_9_12,baja
2,6,41,1482,242,niños_9_12,baja
4,6,30,1584,289,niños_9_12,baja
4,6,41,1753,240,niños_9_12,baja
4,5,26,1400,250,niños_9_12,baja
3,5,33,1515,272,niños_9_12,baja
3,5,41,1612,340,niños_9_12,baja
2,6,39,1761,252,niños_9_12,baja
2,5,27,1413,325,niños_9_12,baja
3,5,27,1503,280,niños_9_12,baja
4,6,33,1633,231,niños_9_12,baja
2,6,37,1669,308,niños_9_12,baja
3,6,43,1526,346,niños_9_12,baja
2,6,45,1675,200,niños_9_12,baja
4,5,33,1497,318,niños_9_12,baja
2,5,28,1418,258,niños_9_12,baja
4,5,35,1461,233,niños_9_12,baja
3,6,29,1691,272,niños_9_12,baja
3,5,27,1464,295,niños_9_12,baja
4,6,44,1531,343,niños_9_12,baja
3,6,44,1474,353,niños_9_12,baja
3,5,27,1704,255,niños_9_12,baja
4,5,36,1647,290,niños_9_12,baja
3,6,37,1583,399,niños_9_12,baja
4,5,31,1627,306,niños_9_12,baja
4,5,27,1686,201,niños_9_12,baja
4,6,43,1640,387,niños_9_12,baja
3,6,35,1747,311,niños_9_12,baja
3,5,29,1792,254,niños_9_12,baja
4,5,27,1490,395,niños_9_12,baja
4,5,30,1661,366,niños_9_12,baja
3,6,38,1521,330,niños_9_12,baja
2,5,36,1466,329,niños_9_12,baja
3,5,41,1795,293,niños_9_12,baja
4,6,29,1759,392,niños_9_12,baja
3,6,41,1492,297,niños_9_12,baja
4,5,42,1587,269,niños_9_12,baja
2,5,34,1799,297,niños_9_12,baja
3,6,42,1569,296,niños_9_12,baja
2,6,39,1688,397,niños_9_12,baja
4,5,45,1791,272,niños_9_12,baja
2,6,30,1493,397,niños_9_12,baja
2,5,44,1642,352,niños_9_12,baja
3,6,26,1416,254,niños_9_12,baja
4,6,40,1795,391,niños_9_12,baja
3,5,40,1742,322,niños_9_12,baja
3,5,42,1593,338,niños_9_12,baja
3,6,40,1432,241,niños_9_12,baja
2,5,41,1514,219,niños_9_12,baja
3,6,32,1606,273,niños_9_12,baja
4,6,45,1436,330,niños_9_12,baja
2,6,25,1744,204,niños_9_12,baja
2,6,29,1644,285,niños_9_12,baja
3,6,40,1573,207,niños_9_12,baja
2,5,39,1737,205,niños_9_12,baja
3,5,41,1449,310,niños_9_12,baja
3,5,29,1713,341,niños_9_12,baja
3,5,42,1654,348,niños_9_12,baja
4,6,25,1705,255,niños_9_12,baja
2,6,25,1434,299,niños_9_12,baja
3,5,42,1544,367,niños_9_12,baja
2,5,42,1735,334,niños_9_12,baja
4,6,36,1434,335,niños_9_12,baja
3,6,35,1684,361,niños_9_12,baja
4,6,35,1746,294,niños_9_12,baja
4,5,28,1425,237,niños_9_12,baja
3,5,39,1788,290,niños_9_12,baja
3,6,44,1565,225,niños_9_12,baja
3,6,30,1606,290,niños_9_12,baja
3,5,34,1577,264,niños_9_12,baja
4,6,25,1457,314,niños_9_12,baja
2,6,33,1786,365,niños_9_12,baja
3,6,42,1685,299,niños_9_12,baja
4,6,28,1691,294,niños_9_12,baja
2,5,43,1503,368,niños_9_12,baja
2,6,26,1423,268,niños_9_12,baja
2,5,28,1453,381,niños_9_12,baja
3,6,38,1707,263,niños_9_12,baja
3,5,26,1518,313,niños_9_12,baja
2,6,42,1697,230,niños_9_12,baja
2,6,28,1615,255,niños_9_12,baja
2,5,33,1784,280,niños_9_12,baja
4,6,36,1541,264,niños_9_12,baja
4,6,26,1499,227,niños_9_12,baja
4,5,32,1613,338,niños_9_12,baja
3,6,42,1695,206,niños_9_12,baja
2,6,26,1683,396,niños_9_12,baja
3,6,40,1706,291,niños_9_12,baja
3,6,30,1744,242,niños_9_12,baja
2,5,31,1712,390,niños_9_12,baja
4,6,38,1717,262,niños_9_12,baja
2,6,26,1792,276,niños_9_12,baja
2,5,26,1458,319,niños_9_12,baja
3,5,42,1684,324,niños_9_12,baja
3,5,33,1422,212,niños_9_12,baja
2,5,41,1515,339,niños_9_12,baja
4,6,38,1588,238,niños_9_12,baja
3,5,34,1549,370,niños_9_12,baja
4,5,40,1649,231,niños_9_12,baja
4,5,32,1620,281,niños_9_12,baja
3,6,30,1733,253,niños_9_12,baja
4,5,43,1476,366,niños_9_12,baja
2,5,27,1490,334,niños_9_12,baja
2,5,28,1448,294,niños_9_12,baja
4,5,27,1495,355,niños_9_12,baja
2,5,29,1522,240,niños_9_12,baja
4,6,32,1650,395,niños_9_12,baja
2,5,45,1701,394,niños_9_12,baja
4,5,38,1431,325,niños_9_12,baja
4,5,29,1780,206,niños_9_12,baja
3,5,29,1450,206,niños_9_12,baja
3,6,34,1643,351,niños_9_12,baja
3,5,31,1533,338,niños_9_12,baja
4,6,41,1646,324,niños_9_12,baja
2,6,44,1656,381,niños_9_12,baja
4,5,31,1561,285,niños_9_12,baja
2,5,28,1800,340,niños_9_12,baja
4,6,25,1507,299,niños_9_12,baja
3,6,36,1765,328,niños_9_12,baja
3,5,25,1644,211,niños_9_12,baja
3,6,37,1474,236,niños_9_12,baja
2,5,28,1474,389,niños_9_12,baja
4,6,26,1686,217,niños_9_12,baja
3,6,33,1479,391,niños_9_12,baja
4,5,42,1626,205,niños_9_12,baja
3,6,36,1459,395,niños_9_12,baja
2,5,32,1457,216,niños_9_12,baja
2,6,26,1561,384,niños_9_12,baja
3,5,42,1504,237,niños_9_12,baja
2,6,41,1531,297,niños_9_12,baja
3,6,32,1440,290,niños_9_12,baja
3,6,42,1648,382,niños_9_12,baja
4,5,31,1780,221,niños_9_12,baja
4,5,29,1542,253,niños_9_12,baja
2,5,31,1434,205,niños_9_12,baja
3,6,32,1496,230,niños_9_12,baja
4,6,41,1669,266,niños_9_12,baja
2,5,35,1749,343,niños_9_12,baja
4,6,39,1528,334,niños_9_12,baja
3,6,28,1744,244,niños_9_12,baja
2,6,29,1686,290,niños_9_12,baja
2,5,31,1732,328,niños_9_12,baja
3,5,27,1673,337,niños_9_12,baja
2,5,29,1509,283,niños_9_12,baja
3,6,45,1599,257,niños_9_12,baja
4,5,34,1486,206,niños_9_12,baja
4,5,44,1746,357,niños_9_12,baja
2,6,45,1524,260,niños_9_12,baja
4,5,39,1418,382,niños_9_12,baja
4,5,43,1567,378,niños_9_12,baja
2,5,30,1580,380,niños_9_12,baja
2,5,38,1583,365,niños_9_12,baja
3,5,43,1692,201,niños_9_12,baja
3,6,25,1762,291,niños_9_12,baja
3,5,42,1718,260,niños_9_12,baja
2,5,40,1711,297,niños_9_12,baja
3,6,28,1726,215,niños_9_12,baja
3,5,43,1735,394,niños_9_12,baja
4,6,41,1532,367,niños_9_12,baja
3,6,30,1514,254,niños_9_12,baja
3,6,25,1707,232,niños_9_12,baja
4,6,43,1592,211,niños_9_12,baja
3,5,37,1564,381,niños_9_12,baja
4,6,41,1765,268,niños_9_12,baja
3,6,44,1701,396,niños_9_12,baja
2,5,40,1534,348,niños_9_12,baja
3,5,39,1591,225,niños_9_12,baja
3,6,38,1481,261,niños_9_12,baja
4,5,27,1683,256,niños_9_12,baja
3,6,27,1403,391,niños_9_12,baja
3,6,42,1579,344,niños_9_12,baja
4,5,33,1448,379,niños_9_12,baja
2,6,33,1473,234,niños_9_12,baja
2,6,43,1704,362,niños_9_12,baja
2,5,27,1439,216,niños_9_12,baja
3,6,38,1665,373,niños_9_12,baja
4,5,29,1514,261,niños_9_12,baja
3,6,42,1417,244,niños_9_12,baja
2,5,32,1647,315,niños_9_12,baja
3,6,26,1793,342,niños_9_12,baja
2,6,44,1787,384,niños_9_12,baja
3,6,44,1548,366,niños_9_12,baja
3,6,34,1713,315,niños_9_12,baja
3,5,41,1782,316,niños_9_12,baja
2,6,31,1450,286,niños_9_12,baja
2,5,33,1680,215,niños_9_12,baja
3,6,28,1497,387,niños_9_12,baja
2,5,27,1548,338,niños_9_12,baja
4,5,32,1520,343,niños_9_12,baja
4,6,41,1560,387,niños_9_12,baja
2,6,37,1749,216,niños_9_12,baja
2,5,38,1622,290,niños_9_12,baja
4,6,40,1654,336,niños_9_12,baja
2,6,40,1448,243,niños_9_12,baja
4,5,39,1578,216,niños_9_12,baja
2,6,35,1521,337,niños_9_12,baja
3,5,30,1446,357,niños_9_12,baja
2,5,31,1714,281,niños_9_12,baja
3,6,33,1479,362,niños_9_12,baja
3,5,27,1507,216,niños_9_12,baja
4,6,28,1565,356,niños_9_12,baja
3,6,38,1755,327,niños_9_12,baja
4,6,44,1653,318,niños_9_12,baja
3,6,34,1444,279,niños_9_12,baja
2,6,40,1472,358,niños_9_12,baja
2,5,32,1450,355,niños_9_12,baja
4,5,44,1598,319,niños_9_12,baja
2,5,33,1522,294,niños_9_12,baja
4,5,30,1438,274,niños_9_12,baja
2,5,27,1633,374,niños_9_12,baja
3,5,45,1407,305,niños_9_12,baja
3,5,32,1513,210,niños_9_12,baja
3,6,41,1761,281,niños_9_12,baja
2,6,28,1606,246,niños_9_12,baja
3,6,37,1598,247,niños_9_12,baja
3,5,28,1451,216,niños_9_12,baja
2,5,33,1451,274,niños_9_12,baja
3,6,41,1666,335,niños_9_12,baja
4,6,42,1784,301,niños_9_12,baja
2,5,32,1506,378,niños_9_12,baja
3,5,34,1490,242,niños_9_12,baja
4,5,26,1461,370,niños_9_12,baja
4,5,41,1632,346,niños_9_12,baja
3,6,27,1724,367,niños_9_12,baja
4,6,32,1792,387,niños_9_12,baja
3,5,27,1771,250,niños_9_12,baja
2,5,29,1403,330,niños_9_12,baja
2,5,28,1655,251,niños_9_12,baja
2,6,42,1431,382,niños_9_12,baja
4,6,41,1424,318,niños_9_12,baja
2,6,32,1735,395,niños_9_12,baja
3,5,27,1716,279,niños_9_12,baja
3,6,31,1746,300,niños_9_12,baja
3,5,36,1736,202,niños_9_12,baja
3,5,34,1775,243,niños_9_12,baja
4,6,26,1605,362,niños_9_12,baja
2,6,44,1731,350,niños_9_12,baja
2,5,42,1497,384,niños_9_12,baja
2,6,33,1415,387,niños_9_12,baja
2,5,26,1744,238,niños_9_12,baja
2,5,39,1651,388,niños_9_12,baja
2,5,43,1655,263,niños_9_12,baja
4,5,28,1412,266,niños_9_12,baja
4,6,29,1746,218,niños_9_12,baja
2,6,38,1461,277,niños_9_12,baja
2,5,44,1496,267,niños_9_12,baja
4,5,40,1635,284,niños_9_12,baja
2,5,33,1709,238,niños_9_12,baja
4,6,26,1573,248,niños_9_12,baja
3,5,28,1439,251,niños_9_12,baja
4,6,35,1465,361,niños_9_12,baja
2,5,40,1718,219,niños_9_12,baja
3,6,44,1609,384,niños_9_12,baja
3,6,31,1742,282,niños_9_12,baja
2,6,34,1757,246,niños_9_12,baja
2,6,42,1478,245,niños_9_12,baja
4,5,27,1555,368,niños_9_12,baja
3,5,29,1452,242,niños_9_12,baja
3,5,34,1475,322,niños_9_12,baja
4,5,29,1581,368,niños_9_12,baja
4,6,33,1680,270,niños_9_12,baja
3,5,44,1782,366,niños_9_12,baja
4,5,38,1796,251,niños_9_12,baja
3,5,26,1603,397,niños_9_12,baja
4,6,39,1424,200,niños_9_12,baja
4,6,31,1735,369,niños_9_12,baja
3,5,39,1470,303,niños_9_12,baja
2,6,41,1438,337,niños_9_12,baja
2,5,41,1754,233,niños_9_12,baja
3,5,32,1643,375,niños_9_12,baja
3,5,44,1585,375,niños_9_12,baja
4,6,25,1435,395,niños_9_12,baja
2,5,42,1407,282,niños_9_12,baja
2,5,36,1683,349,niños_9_12,baja
4,5,32,1726,389,niños_9_12,baja
2,5,41,1567,212,niños_9_12,baja
4,6,33,1470,202,niños_9_12,baja
3,5,25,1698,276,niños_9_12,baja
2,6,33,1719,387,niños_9_12,baja
2,6,45,1683,232,niños_9_12,baja
4,5,29,1661,276,niños_9_12,baja
2,5,43,1583,282,niños_9_12,baja
2,6,26,1753,217,niños_9_12,baja
4,6,43,1751,255,niños_9_12,baja
4,6,28,1628,229,niños_9_12,baja
3,6,36,1647,289,niños_9_12,baja
3,5,41,1423,400,niños_9_12,baja
4,5,36,1639,229,niños_9_12,baja
4,6,29,1769,369,niños_9_12,baja
3,6,32,1663,268,niños_9_12,baja
2,5,41,1436,230,niños_9_12,baja
2,5,44,1782,359,niños_9_12,baja
3,5,42,1438,335,niños_9_12,baja
4,5,27,1578,343,niños_9_12,baja
4,6,26,1402,365,niños_9_12,baja
3,6,32,1655,250,niños_9_12,baja
2,6,42,1652,361,niños_9_12,baja
2,5,30,1613,311,niños_9_12,baja
3,6,42,1648,310,niños_9_12,baja
2,6,38,1447,236,niños_9_12,baja
3,6,37,1495,384,niños_9_12,baja
4,6,32,1414,355,niños_9_12,baja
2,5,38,1658,306,niños_9_12,baja
4,6,43,1584,321,niños_9_12,baja
2,5,30,1431,347,niños_9_12,baja
2,5,28,1628,280,niños_9_12,baja
3,5,29,1650,331,niños_9_12,baja
3,6,30,1680,335,niños_9_12,baja
3,5,33,1468,205,niños_9_12,baja
3,5,44,1728,253,niños_9_12,baja
3,6,31,1676,207,niños_9_12,baja
3,5,39,1458,215,niños_9_12,baja
2,6,45,1775,314,niños_9_12,baja
3,5,27,1767,303,niños_9_12,baja
2,5,29,1509,335,niños_9_12,baja
3,6,45,1404,251,niños_9_12,baja
4,6,37,1720,226,niños_9_12,baja
4,5,44,1455,277,niños_9_12,baja
3,6,44,1787,360,niños_9_12,baja
3,6,32,1408,233,niños_9_12,baja
4,6,27,1596,343,niños_9_12,baja
3,5,40,1723,226,niños_9_12,baja
3,6,41,1614,363,niños_9_12,baja
2,6,28,1758,282,niños_9_12,baja
4,6,28,1765,304,niños_9_12,baja
2,5,42,1553,203,niños_9_12,baja
2,5,26,1711,258,niños_9_12,baja
2,5,27,1460,387,niños_9_12,baja
2,6,40,1732,317,niños_9_12,baja
3,6,38,1426,293,niños_9_12,baja
3,6,37,1414,377,niños_9_12,baja
2,5,44,1672,325,niños_9_12,baja
2,5,26,1696,225,niños_9_12,baja
4,6,28,1441,247,niños_9_12,baja
2,5,26,1574,209,niños_9_12,baja
2,5,43,1534,288,niños_9_12,baja
4,5,43,1690,271,niños_9_12,baja
3,5,42,1614,385,niños_9_12,baja
4,6,26,1725,350,niños_9_12,baja
4,6,32,1592,368,niños_9_12,baja
4,6,45,1676,297,niños_9_12,baja
2,6,35,1700,357,niños_9_12,baja
4,5,38,1729,362,niños_9_12,baja
2,5,28,1759,291,niños_9_12,baja
4,6,45,1647,288,niños_9_12,baja
4,6,37,1776,279,niños_9_12,baja
4,6,41,1619,376,niños_9_12,baja
3,6,34,1706,201,niños_9_12,baja
2,6,45,1648,260,niños_9_12,baja
3,5,40,1445,332,niños_9_12,baja
2,5,32,1453,294,niños_9_12,baja
2,6,44,1644,261,niños_9_12,baja
3,6,32,1698,396,niños_9_12,baja
3,5,45,1730,370,niños_9_12,baja
3,6,34,1726,369,niños_9_12,baja
3,5,42,1409,243,niños_9_12,baja
4,6,34,1522,339,niños_9_12,baja
3,5,30,1740,242,niños_9_12,baja
2,5,37,1661,367,niños_9_12,baja
3,6,35,1752,329,niños_9_12,baja
3,6,31,1421,366,niños_9_12,baja
2,6,32,1635,329,niños_9_12,baja
3,5,42,1539,331,niños_9_12,baja
4,5,25,1741,200,niños_9_12,baja
4,6,29,1416,227,niños_9_12,baja
4,5,44,1800,320,niños_9_12,baja
4,6,40,1699,269,niños_9_12,baja
3,5,33,1647,245,niños_9_12,baja
3,6,39,1736,370,niños_9_12,baja
2,5,44,1738,245,niños_9_12,baja
4,5,25,1600,343,niños_9_12,baja
4,6,30,1776,338,niños_9_12,baja
4,5,29,1408,400,niños_9_12,baja
3,5,40,1521,250,niños_9_12,baja
2,5,30,1665,332,niños_9_12,baja
2,5,32,1515,314,niños_9_12,baja
4,6,34,1504,349,niños_9_12,baja
2,6,43,1541,381,niños_9_12,baja
2,6,37,1520,227,niños_9_12,baja
4,5,35,1724,222,niños_9_12,baja
2,5,40,1538,202,niños_9_12,baja
4,5,45,1457,297,niños_9_12,baja
2,6,26,1744,237,niños_9_12,baja
4,5,32,1590,388,niños_9_12,baja
2,5,41,1605,249,niños_9_12,baja
4,6,37,1426,342,niños_9_12,baja
4,6,33,1526,257,niños_9_12,baja
3,6,26,1540,290,niños_9_12,baja
2,6,25,1707,271,niños_9_12,baja
2,5,29,1594,215,niños_9_12,baja
3,5,41,1610,243,niños_9_12,baja
2,6,33,1709,263,niños_9_12,baja
2,5,42,1633,392,niños_9_12,baja
2,5,45,1753,243,niños_9_12,baja
2,5,36,1757,283,niños_9_12,baja
4,5,35,1519,361,niños_9_12,baja
3,6,32,1736,295,niños_9_12,baja
3,6,26,1529,321,niños_9_12,baja
3,6,37,1496,303,niños_9_12,baja
2,5,41,1582,321,niños_9_12,baja
2,5,26,1532,336,niños_9_12,baja
3,6,34,1588,214,niños_9_12,baja
3,6,43,1488,235,niños_9_12,baja
2,6,37,1520,270,niños_9_12,baja
4,5,44,1577,236,niños_9_12,baja
4,5,31,1573,365,niños_9_12,baja
3,5,39,1456,321,niños_9_12,baja
3,6,41,1623,307,niños_9_12,baja
2,6,42,1527,322,niños_9_12,baja
2,6,34,1484,372,niños_9_12,baja
4,5,25,1565,333,niños_9_12,baja
3,5,27,1600,399,niños_9_12,baja
2,6,43,1782,277,niños_9_12,baja
2,6,35,1723,323,niños_9_12,baja
3,6,32,1501,356,niños_9_12,baja
4,5,29,1425,231,niños_9_12,baja
3,5,38,1424,397,niños_9_12,baja
4,5,33,1498,254,niños_9_12,baja
4,6,30,1464,219,niños_9_12,baja
2,6,31,1613,244,niños_9_12,baja
3,6,28,1695,320,niños_9_12,baja
3,6,34,1705,390,niños_9_12,baja
3,5,39,1515,358,niños_9_12,baja
4,5,29,1631,332,niños_9_12,baja
4,5,29,1453,291,niños_9_12,baja
3,6,30,1786,262,niños_9_12,baja
3,5,29,1775,245,niños_9_12,baja
2,5,33,1677,396,niños_9_12,baja
4,6,29,1702,237,niños_9_12,baja
3,6,39,1505,348,niños_9_12,baja
4,6,36,1502,220,niños_9_12,baja
3,5,39,1716,277,niños_9_12,baja
4,6,31,1465,311,niños_9_12,baja
2,5,43,1658,375,niños_9_12,baja
2,5,32,1518,293,niños_9_12,baja
3,5,29,1494,294,niños_9_12,baja
3,6,27,1628,207,niños_9_12,baja
2,5,30,1435,329,niños_9_12,baja
2,6,31,1482,304,niños_9_12,baja
3,5,37,1606,371,niños_9_12,baja
3,5,39,1557,389,niños_9_12,baja
4,6,37,1652,261,niños_9_12,baja
4,5,32,1607,222,niños_9_12,baja
2,5,29,1547,266,niños_9_12,baja
3,6,25,1551,272,niños_9_12,baja
3,5,36,1661,396,niños_9_12,baja
2,5,25,1693,366,niños_9_12,baja
3,5,29,1567,257,niños_9_12,baja
4,6,40,1644,277,niños_9_12,baja
2,6,34,1633,360,niños_9_12,baja
2,5,45,1583,232,niños_9_12,baja
3,5,32,1708,266,niños_9_12,baja
2,6,29,1438,309,niños_9_12,baja
3,6,28,1630,225,niños_9_12,baja
2,5,29,1751,395,niños_9_12,baja
4,5,32,1530,371,niños_9_12,baja
3,6,31,1579,398,niños_9_12,baja
3,6,43,1617,303,niños_9_12,baja
2,6,38,1449,222,niños_9_12,baja
4,6,26,1759,344,niños_9_12,baja
4,6,43,1595,384,niños_9_12,baja
4,6,27,1576,233,niños_9_12,baja
2,6,45,1587,364,niños_9_12,baja
3,6,38,1550,236,niños_9_12,baja
3,6,32,1514,211,niños_9_12,baja
2,5,26,1413,375,niños_9_12,baja
2,5,45,1575,227,niños_9_12,baja
2,5,30,1459,238,niños_9_12,baja
4,6,32,1644,383,niños_9_12,baja
3,6,35,1749,221,niños_9_12,baja
2,6,30,1575,348,niños_9_12,baja
3,5,33,1771,345,niños_9_12,baja
2,5,37,1570,210,niños_9_12,baja
2,6,27,1630,267,niños_9_12,baja
3,6,25,1514,259,niños_9_12,baja
3,6,36,1714,325,niños_9_12,baja
4,5,32,1438,366,niños_9_12,baja
3,5,36,1461,290,niños_9_12,baja
4,5,29,1444,338,niños_9_12,baja
2,5,45,1438,333,niños_9_12,baja
2,6,28,1679,325,niños_9_12,baja
2,5,34,1597,289,niños_9_12,baja
2,5,28,1480,286,niños_9_12,baja
4,5,34,1637,397,niños_9_12,baja
3,5,30,1454,223,niños_9_12,baja
3,6,45,1443,293,niños_9_12,baja
2,6,36,1639,275,niños_9_12,baja
4,6,26,1679,221,niños_9_12,baja
3,5,37,1781,203,niños_9_12,baja
4,5,36,1630,400,niños_9_12,baja
3,5,35,1527,361,niños_9_12,baja
2,5,39,1709,216,niños_9_12,baja
2,6,28,1419,243,niños_9_12,baja
2,6,30,1600,357,niños_9_12,baja
2,6,36,1784,222,niños_9_12,baja
4,6,27,1771,285,niños_9_12,baja
4,6,35,1433,306,niños_9_12,baja
3,5,42,1519,360,niños_9_12,baja
4,6,37,1509,386,niños_9_12,baja
4,6,28,1739,209,niños_9_12,baja
2,6,35,1687,369,niños_9_12,baja
3,6,36,1427,330,niños_9_12,baja
2,6,28,1478,252,niños_9_12,baja
4,6,28,1597,377,niños_9_12,baja
4,5,33,1759,240,niños_9_12,baja
4,5,40,1636,332,niños_9_12,baja
3,6,26,1712,398,niños_9_12,baja
4,5,37,1493,344,niños_9_12,baja
2,5,30,1547,319,niños_9_12,baja
3,5,36,1776,295,niños_9_12,baja
2,5,44,1736,277,niños_9_12,baja
4,6,32,1722,335,niños_9_12,baja
2,5,31,1430,224,niños_9_12,baja
4,5,31,1465,335,niños_9_12,baja
3,6,31,1656,274,niños_9_12,baja
4,6,36,1579,284,niños_9_12,baja
2,6,35,1792,374,niños_9_12,baja
4,6,44,1592,355,niños_9_12,baja
4,6,25,1578,206,niños_9_12,baja
4,6,35,1438,395,niños_9_12,baja
2,6,31,1421,378,niños_9_12,baja
3,5,31,1628,217,niños_9_12,baja
3,5,33,1411,369,niños_9_12,baja
2,5,35,1712,381,niños_9_12,baja
2,5,28,1794,356,niños_9_12,baja
4,5,31,1526,304,niños_9_12,baja
2,5,31,1709,301,niños_9_12,baja
4,6,27,1557,355,niños_9_12,baja
6,3,52,1197,438,niños_9_12,media
6,4,52,1371,436,niños_9_12,media
5,4,64,1198,473,niños_9_12,media
4,4,63,1028,559,niños_9_12,media
6,2,59,1329,408,niños_9_12,media
4,5,49,1135,593,niños_9_12,media
4,4,52,1260,594,niños_9_12,media
5,5,46,1326,554,niños_9_12,media
4,4,58,1128,450,niños_9_12,media
4,2,54,1324,418,niños_9_12,media
4,4,59,1391,490,niños_9_12,media
5,2,51,1086,475,niños_9_12,media
5,2,64,1032,537,niños_9_12,media
5,4,53,1033,556,niños_9_12,media
4,4,59,1206,413,niños_9_12,media
4,2,56,1183,433,niños_9_12,media
4,3,58,1235,511,niños_9_12,media
6,5,53,1292,529,niños_9_12,media
6,5,58,1135,554,niños_9_12,media
4,2,64,1106,493,niños_9_12,media
4,5,65,1313,442,niños_9_12,media
4,3,47,1265,427,niños_9_12,media
6,2,64,1049,484,niños_9_12,media
6,4,57,1344,490,niños_9_12,media
6,2,47,1028,578,niños_9_12,media
5,3,49,1274,433,niños_9_12,media
6,4,62,1304,463,niños_9_12,media
6,5,64,1371,471,niños_9_12,media
4,3,59,1334,525,niños_9_12,media
6,5,46,1014,500,niños_9_12,media
4,3,52,1212,411,niños_9_12,media
4,5,54,1055,513,niños_9_12,media
6,4,52,1118,547,niños_9_12,media
4,4,59,1270,445,niños_9_12,media
4,3,54,1221,534,niños_9_12,media
6,5,63,1038,528,niños_9_12,media
5,5,49,1112,513,niños_9_12,media
6,5,48,1316,523,niños_9_12,media
6,4,64,1391,527,niños_9_12,media
4,3,64,1358,580,niños_9_12,media
4,2,62,1000,421,niños_9_12,media
5,3,59,1126,403,niños_9_12,media
5,4,65,1334,538,niños_9_12,media
5,4,54,1147,575,niños_9_12,media
6,5,52,1370,504,niños_9_12,media
4,2,52,1222,418,niños_9_12,media
6,3,51,1057,487,niños_9_12,media
5,5,52,1129,554,niños_9_12,media
4,4,63,1301,413,niños_9_12,media
5,2,58,1272,407,niños_9_12,media
4,2,50,1212,420,niños_9_12,media
5,2,65,1150,573,niños_9_12,media
6,4,65,1078,440,niños_9_12,media
6,3,45,1074,542,niños_9_12,media
5,5,47,1077,404,niños_9_12,media
5,2,53,1082,413,niños_9_12,media
5,2,45,1208,478,niños_9_12,media
4,5,63,1400,538,niños_9_12,media
6,4,47,1126,585,niños_9_12,media
5,5,60,1002,581,niños_9_12,media
6,4,60,1339,599,niños_9_12,media
4,4,51,1094,407,niños_9_12,media
5,5,57,1282,471,niños_9_12,media
6,3,60,1333,444,niños_9_12,media
5,3,54,1333,500,niños_9_12,media
4,5,56,1210,445,niños_9_12,media
5,3,55,1391,432,niños_9_12,media
6,3,48,1212,507,niños_9_12,media
5,2,50,1246,546,niños_9_12,media
6,3,51,1283,587,niños_9_12,media
4,2,49,1150,582,niños_9_12,media
6,2,62,1131,465,niños_9_12,media
4,4,54,1398,566,niños_9_12,media
6,4,63,1397,433,niños_9_12,media
6,3,60,1106,597,niños_9_12,media
5,2,54,1205,400,niños_9_12,media
6,2,60,1255,527,niños_9_12,media
6,3,52,1144,430,niños_9_12,media
5,3,60,1161,475,niños_9_12,media
5,4,65,1324,477,niños_9_12,media
4,2,47,1266,413,niños_9_12,media
6,3,53,1292,491,niños_9_12,media
5,2,45,1207,538,niños_9_12,media
5,4,65,1068,427,niños_9_12,media
5,2,48,1153,545,niños_9_12,media
4,4,56,1133,553,niños_9_12,media
4,3,57,1291,586,niños_9_12,media
6,3,54,1394,586,niños_9_12,media
6,5,52,1277,437,niños_9_12,media
6,5,51,1182,481,niños_9_12,media
6,4,59,1165,409,niños_9_12,media
4,4,47,1251,581,niños_9_12,media
5,2,60,1345,429,niños_9_12,media
6,5,61,1352,558,niños_9_12,media
5,3,45,1300,487,niños_9_12,media
4,3,49,1095,518,niños_9_12,media
4,4,58,1217,545,niños_9_12,media
4,5,62,1044,545,niños_9_12,media
4,3,59,1247,554,niños_9_12,media
4,4,56,1193,583,niños_9_12,media
4,4,62,1309,436,niños_9_12,media
4,5,49,1275,544,niños_9_12,media
5,2,58,1397,494,niños_9_12,media
4,4,46,1113,533,niños_9_12,media
4,2,57,1206,403,niños_9_12,media
5,4,54,1009,544,niños_9_12,media
5,5,50,1368,525,niños_9_12,media
6,3,51,1370,488,niños_9_12,media
6,4,53,1388,561,niños_9_12,media
6,5,64,1253,418,niños_9_12,media
5,4,46,1300,514,niños_9_12,media
4,3,48,1074,485,niños_9_12,media
6,4,48,1375,559,niños_9_12,media
5,5,46,1305,404,niños_9_12,media
5,4,65,1370,406,niños_9_12,media
6,3,57,1150,453,niños_9_12,media
4,4,62,1143,514,niños_9_12,media
4,2,57,1045,571,niños_9_12,media
6,5,54,1398,415,niños_9_12,media
5,2,63,1177,593,niños_9_12,media
6,4,62,1319,596,niños_9_12,media
4,5,51,1348,432,niños_9_12,media
5,3,53,1254,448,niños_9_12,media
5,4,57,1343,581,niños_9_12,media
5,3,53,1030,439,niños_9_12,media
6,4,47,1378,471,niños_9_12,media
4,4,47,1235,487,niños_9_12,media
4,5,57,1080,499,niños_9_12,media
6,4,58,1222,467,niños_9_12,media
4,3,48,1279,519,niños_9_12,media
4,3,55,1282,577,niños_9_12,media
5,2,61,1109,473,niños_9_12,media
6,2,52,1153,600,niños_9_12,media
4,2,53,1195,414,niños_9_12,media
4,3,56,1305,525,niños_9_12,media
5,2,57,1242,533,niños_9_12,media
5,2,47,1237,584,niños_9_12,media
5,5,51,1030,461,niños_9_12,media
5,4,65,1006,569,niños_9_12,media
4,4,52,1096,559,niños_9_12,media
4,2,65,1223,480,niños_9_12,media
5,3,62,1217,550,niños_9_12,media
5,2,54,1123,479,niños_9_12,media
4,3,55,1219,599,niños_9_12,media
4,5,51,1221,559,niños_9_12,media
6,3,55,1260,504,niños_9_12,media
6,2,46,1182,420,niños_9_12,media
5,2,49,1365,428,niños_9_12,media
5,3,47,1109,551,niños_9_12,media
6,5,65,1356,505,niños_9_12,media
5,2,65,1340,588,niños_9_12,media
5,2,47,1292,468,niños_9_12,media
5,2,46,1067,438,niños_9_12,media
5,2,56,1242,591,niños_9_12,media
6,5,65,1230,449,niños_9_12,media
5,3,46,1012,526,niños_9_12,media
5,4,51,1123,544,niños_9_12,media
6,3,54,1303,485,niños_9_12,media
5,3,62,1296,534,niños_9_12,media
5,3,62,1184,538,niños_9_12,media
4,3,47,1237,578,niños_9_12,media
5,3,62,1127,450,niños_9_12,media
5,2,58,1127,419,niños_9_12,media
6,2,54,1051,595,niños_9_12,media
4,4,54,1073,516,niños_9_12,media
6,2,45,1058,538,niños_9_12,media
6,2,65,1163,413,niños_9_12,media
6,5,49,1353,504,niños_9_12,media
4,3,62,1118,594,niños_9_12,media
4,4,48,1091,412,niños_9_12,media
4,5,47,1193,561,niños_9_12,media
6,2,57,1289,444,niños_9_12,media
6,2,62,1298,441,niños_9_12,media
5,5,54,1380,462,niños_9_12,media
6,5,55,1198,593,niños_9_12,media
5,3,58,1296,435,niños_9_12,media
6,2,50,1198,500,niños_9_12,media
6,2,46,1322,527,niños_9_12,media
5,2,49,1344,549,niños_9_12,media
6,2,52,1224,477,niños_9_12,media
5,4,65,1035,458,niños_9_12,media
5,4,48,1375,594,niños_9_12,media
4,2,49,1182,525,niños_9_12,media
5,3,64,1288,457,niños_9_12,media
6,3,61,1316,464,niños_9_12,media
6,3,57,1172,500,niños_9_12,media
5,5,65,1355,473,niños_9_12,media
5,4,45,1155,436,niños_9_12,media
6,5,52,1367,591,niños_9_12,media
4,4,56,1189,405,niños_9_12,media
5,5,53,1248,452,niños_9_12,media
4,5,60,1165,560,niños_9_12,media
6,2,64,1287,538,niños_9_12,media
6,3,50,1025,533,niños_9_12,media
5,3,48,1225,427,niños_9_12,media
4,5,54,1161,557,niños_9_12,media
5,4,54,1132,597,niños_9_12,media
5,5,63,1340,440,niños_9_12,media
5,5,62,1320,450,niños_9_12,media
5,2,56,1103,560,niños_9_12,media
4,4,62,1120,499,niños_9_12,media
6,2,59,1362,496,niños_9_12,media
5,2,51,1253,589,niños_9_12,media
6,3,65,1390,567,niños_9_12,media
5,2,48,1059,573,niños_9_12,media
4,5,55,1275,503,niños_9_12,media
5,3,50,1307,429,niños_9_12,media
5,3,57,1140,543,niños_9_12,media
4,2,52,1006,515,niños_9_12,media
4,5,55,1193,415,niños_9_12,media
5,2,45,1004,415,niños_9_12,media
6,3,64,1134,471,niños_9_12,media
4,4,62,1393,540,niños_9_12,media
5,2,45,1183,564,niños_9_12,media
4,4,53,1301,522,niños_9_12,media
4,4,52,1236,593,niños_9_12,media
4,5,60,1377,482,niños_9_12,media
5,5,48,1175,415,niños_9_12,media
4,5,64,1342,457,niños_9_12,media
6,2,55,1011,487,niños_9_12,media
5,5,59,1334,563,niños_9_12,media
4,5,46,1152,410,niños_9_12,media
5,2,49,1176,455,niños_9_12,media
6,2,52,1226,483,niños_9_12,media
6,4,63,1236,491,niños_9_12,media
4,3,65,1075,475,niños_9_12,media
4,2,56,1145,460,niños_9_12,media
4,5,62,1164,506,niños_9_12,media
4,3,57,1307,503,niños_9_12,media
4,2,57,1017,492,niños_9_12,media
5,2,59,1072,470,niños_9_12,media
4,4,57,1102,448,niños_9_12,media
4,2,47,1158,534,niños_9_12,media
6,5,47,1392,588,niños_9_12,media
6,2,62,1093,446,niños_9_12,media
6,3,59,1276,468,niños_9_12,media
6,2,60,1139,487,niños_9_12,media
6,4,53,1293,467,niños_9_12,media
4,2,49,1282,510,niños_9_12,media
5,3,54,1352,588,niños_9_12,media
5,4,64,1393,483,niños_9_12,media
6,5,62,1296,583,niños_9_12,media
5,4,51,1223,558,niños_9_12,media
5,3,64,1049,513,niños_9_12,media
5,2,55,1210,590,niños_9_12,media
5,3,54,1250,464,niños_9_12,media
6,4,46,1229,471,niños_9_12,media
5,5,50,1195,582,niños_9_12,media
6,4,50,1325,545,niños_9_12,media
5,2,50,1310,463,niños_9_12,media
6,2,50,1068,568,niños_9_12,media
6,4,58,1150,581,niños_9_12,media
5,5,52,1013,537,niños_9_12,media
6,3,53,1038,529,niños_9_12,media
4,4,60,1043,523,niños_9_12,media
6,5,60,1068,570,niños_9_12,media
4,4,45,1046,436,niños_9_12,media
5,5,61,1267,533,niños_9_12,media
5,5,60,1083,565,niños_9_12,media
4,2,57,1028,534,niños_9_12,media
4,3,50,1019,449,niños_9_12,media
4,3,64,1120,404,niños_9_12,media
4,4,61,1055,482,niños_9_12,media
6,5,62,1313,555,niños_9_12,media
4,4,51,1283,481,niños_9_12,media
6,5,64,1328,538,niños_9_12,media
4,2,46,1350,527,niños_9_12,media
6,3,60,1001,537,niños_9_12,media
6,3,65,1252,413,niños_9_12,media
6,3,64,1085,439,niños_9_12,media
6,3,63,1043,446,niños_9_12,media
6,3,57,1262,476,niños_9_12,media
4,5,65,1273,497,niños_9_12,media
4,3,51,1392,477,niños_9_12,media
4,4,65,1122,494,niños_9_12,media
5,2,49,1271,575,niños_9_12,media
6,5,53,1003,533,niños_9_12,media
6,3,65,1228,495,niños_9_12,media
4,3,56,1244,472,niños_9_12,media
6,3,65,1194,515,niños_9_12,media
6,5,53,1279,481,niños_9_12,media
6,4,47,1093,537,niños_9_12,media
5,4,52,1113,494,niños_9_12,media
4,2,46,1015,523,niños_9_12,media
5,3,47,1279,513,niños_9_12,media
5,2,48,1234,576,niños_9_12,media
5,3,49,1127,571,niños_9_12,media
4,2,47,1008,471,niños_9_12,media
6,3,47,1167,575,niños_9_12,media
4,4,53,1123,575,niños_9_12,media
6,5,54,1014,407,niños_9_12,media
4,5,53,1361,458,niños_9_12,media
5,3,59,1232,546,niños_9_12,media
4,4,56,1252,562,niños_9_12,media
6,4,47,1140,574,niños_9_12,media
5,3,52,1216,436,niños_9_12,media
5,2,54,1153,505,niños_9_12,media
5,5,65,1185,474,niños_9_12,media
5,4,62,1384,411,niños_9_12,media
4,3,49,1109,570,niños_9_12,media
6,4,57,1313,540,niños_9_12,media
6,2,50,1355,441,niños_9_12,media
4,4,46,1228,575,niños_9_12,media
5,3,59,1190,422,niños_9_12,media
4,3,55,1056,531,niños_9_12,media
5,2,47,1096,459,niños_9_12,media
4,4,59,1362,565,niños_9_12,media
4,4,59,1166,418,niños_9_12,media
5,5,65,1085,481,niños_9_12,media
5,4,61,1361,546,niños_9_12,media
6,2,52,1376,579,niños_9_12,media
4,4,46,1209,447,niños_9_12,media
4,5,55,1094,538,niños_9_12,media
4,4,62,1270,531,niños_9_12,media
5,5,62,1251,480,niños_9_12,media
6,4,57,1182,416,niños_9_12,media
4,4,62,1277,523,niños_9_12,media
4,4,57,1133,462,niños_9_12,media
6,5,60,1119,475,niños_9_12,media
6,3,56,1358,442,niños_9_12,media
4,5,55,1022,439,niños_9_12,media
6,4,63,1296,489,niños_9_12,media
6,5,52,1236,409,niños_9_12,media
5,4,63,1177,463,niños_9_12,media
4,2,45,1367,503,niños_9_12,media
5,5,45,1121,474,niños_9_12,media
5,3,45,1118,565,niños_9_12,media
6,4,47,1043,573,niños_9_12,media
4,5,59,1190,468,niños_9_12,media
6,4,64,1062,531,niños_9_12,media
5,3,55,1122,589,niños_9_12,media
4,5,63,1361,538,niños_9_12,media
6,5,57,1186,446,niños_9_12,media
5,5,55,1278,490,niños_9_12,media
6,3,60,1123,583,niños_9_12,media
6,3,51,1291,514,niños_9_12,media
5,3,58,1339,506,niños_9_12,media
6,4,65,1258,441,niños_9_12,media
4,4,48,1195,472,niños_9_12,media
5,3,50,1244,472,niños_9_12,media
6,3,54,1011,592,niños_9_12,media
5,4,47,1068,404,niños_9_12,media
4,4,59,1119,439,niños_9_12,media
5,3,62,1006,417,niños_9_12,media
6,5,65,1219,570,niños_9_12,media
6,5,62,1338,406,niños_9_12,media
6,4,53,1245,424,niños_9_12,media
6,4,54,1129,489,niños_9_12,media
4,5,55,1313,444,niños_9_12,media
6,4,52,1291,571,niños_9_12,media
4,5,58,1135,476,niños_9_12,media
4,2,53,1040,537,niños_9_12,media
4,3,54,1118,437,niños_9_12,media
6,5,55,1380,538,niños_9_12,media
5,2,59,1157,452,niños_9_12,media
4,2,48,1129,503,niños_9_12,media
4,5,52,1181,446,niños_9_12,media
4,3,53,1329,518,niños_9_12,media
6,2,56,1126,440,niños_9_12,media
4,5,50,1266,443,niños_9_12,media
4,5,58,1168,467,niños_9_12,media
5,4,50,1094,593,niños_9_12,media
5,5,57,1230,555,niños_9_12,media
4,5,50,1316,498,niños_9_12,media
6,3,54,1329,572,niños_9_12,media
4,4,52,1065,517,niños_9_12,media
4,3,50,1328,492,niños_9_12,media
4,4,48,1383,513,niños_9_12,media
5,2,60,1090,484,niños_9_12,media
6,5,60,1225,508,niños_9_12,media
5,2,48,1187,483,niños_9_12,media
5,4,63,1186,539,niños_9_12,media
5,3,59,1296,472,niños_9_12,media
6,3,63,1246,577,niños_9_12,media
6,4,61,1194,519,niños_9_12,media
5,3,45,1023,593,niños_9_12,media
6,2,65,1113,525,niños_9_12,media
4,5,46,1142,451,niños_9_12,media
4,3,57,1054,433,niños_9_12,media
4,2,57,1059,494,niños_9_12,media
4,5,56,1016,434,niños_9_12,media
4,5,47,1206,446,niños_9_12,media
4,5,48,1263,570,niños_9_12,media
4,3,51,1217,530,niños_9_12,media
5,5,53,1351,499,niños_9_12,media
6,5,61,1058,547,niños_9_12,media
5,4,62,1218,426,niños_9_12,media
5,2,52,1332,581,niños_9_12,media
6,2,51,1018,590,niños_9_12,media
6,4,57,1198,533,niños_9_12,media
5,3,62,1053,497,niños_9_12,media
4,3,53,1192,528,niños_9_12,media
5,4,65,1262,502,niños_9_12,media
6,3,57,1217,484,niños_9_12,media
6,2,64,1061,470,niños_9_12,media
6,2,51,1216,583,niños_9_12,media
5,3,48,1042,404,niños_9_12,media
4,4,57,1009,590,niños_9_12,media
4,3,50,1029,404,niños_9_12,media
5,5,63,1257,480,niños_9_12,media
5,2,53,1219,589,niños_9_12,media
5,5,53,1241,412,niños_9_12,media
4,3,59,1284,591,niños_9_12,media
4,2,57,1067,493,niños_9_12,media
4,2,49,1186,468,niños_9_12,media
4,3,65,1027,497,niños_9_12,media
5,3,48,1152,431,niños_9_12,media
5,4,52,1306,498,niños_9_12,media
4,4,56,1109,428,niños_9_12,media
4,4,49,1109,453,niños_9_12,media
4,3,64,1031,522,niños_9_12,media
6,4,49,1151,587,niños_9_12,media
5,2,64,1400,508,niños_9_12,media
4,2,62,1140,410,niños_9_12,media
6,3,45,1147,475,niños_9_12,media
6,5,47,1024,526,niños_9_12,media
4,2,56,1264,487,niños_9_12,media
6,3,50,1234,476,niños_9_12,media
6,3,57,1317,540,niños_9_12,media
5,3,63,1012,453,niños_9_12,media
6,2,54,1055,556,niños_9_12,media
5,5,51,1076,473,niños_9_12,media
4,4,62,1320,442,niños_9_12,media
4,3,49,1177,503,niños_9_12,media
4,4,64,1265,474,niños_9_12,media
6,4,59,1117,565,niños_9_12,media
6,2,61,1307,570,niños_9_12,media
5,2,45,1155,507,niños_9_12,media
5,2,51,1297,582,niños_9_12,media
5,2,57,1035,425,niños_9_12,media
4,4,59,1177,527,niños_9_12,media
5,4,61,1033,424,niños_9_12,media
6,4,60,1079,549,niños_9_12,media
5,5,50,1282,427,niños_9_12,media
6,4,60,1339,460,niños_9_12,media
5,4,46,1172,410,niños_9_12,media
4,3,51,1385,558,niños_9_12,media
4,3,62,1133,411,niños_9_12,media
6,2,60,1312,457,niños_9_12,media
5,5,58,1021,511,niños_9_12,media
6,2,55,1195,410,niños_9_12,media
4,4,47,1116,503,niños_9_12,media
6,4,57,1359,482,niños_9_12,media
4,2,57,1300,441,niños_9_12,media
6,4,48,1106,518,niños_9_12,media
4,2,48,1236,569,niños_9_12,media
5,2,59,1104,535,niños_9_12,media
5,2,60,1143,408,niños_9_12,media
5,3,55,1171,529,niños_9_12,media
6,5,51,1245,558,niños_9_12,media
6,3,63,1020,543,niños_9_12,media
5,5,54,1175,459,niños_9_12,media
4,3,47,1000,401,niños_9_12,media
4,5,62,1101,433,niños_9_12,media
4,4,52,1250,483,niños_9_12,media
5,2,56,1044,458,niños_9_12,media
6,2,48,1127,428,niños_9_12,media
6,5,59,1203,480,niños_9_12,media
6,3,53,1155,470,niños_9_12,media
5,4,65,1270,569,niños_9_12,media
5,4,46,1010,532,niños_9_12,media
6,3,54,1138,466,niños_9_12,media
5,3,57,1095,452,niños_9_12,media
5,2,48,1182,565,niños_9_12,media
6,5,56,1392,424,niños_9_12,media
5,3,49,1150,511,niños_9_12,media
4,2,47,1212,520,niños_9_12,media
5,2,64,1283,467,niños_9_12,media
4,5,57,1199,410,niños_9_12,media
5,2,62,1266,446,niños_9_12,media
4,4,47,1113,412,niños_9_12,media
5,5,64,1360,461,niños_9_12,media
4,2,54,1311,474,niños_9_12,media
6,2,57,1088,537,niños_9_12,media
6,2,50,1040,568,niños_9_12,media
5,2,59,1105,519,niños_9_12,media
6,4,59,1272,514,niños_9_12,media
6,4,49,1381,484,niños_9_12,media
4,4,45,1243,423,niños_9_12,media
4,2,54,1339,415,niños_9_12,media
4,5,59,1303,415,niños_9_12,media
5,4,62,1347,598,niños_9_12,media
6,4,53,1144,423,niños_9_12,media
6,4,52,1209,574,niños_9_12,media
5,4,51,1000,535,niños_9_12,media
6,5,60,1265,449,niños_9_12,media
6,2,58,1045,508,niños_9_12,media
5,3,61,1117,413,niños_9_12,media
5,3,65,1138,551,niños_9_12,media
6,5,61,1184,488,niños_9_12,media
5,3,61,1094,480,niños_9_12,media
4,4,52,1297,550,niños_9_12,media
5,2,61,1380,407,niños_9_12,media
5,4,46,1185,416,niños_9_12,media
6,2,52,1253,522,niños_9_12,media
5,3,51,1018,507,niños_9_12,media
5,5,49,1360,470,niños_9_12,media
4,5,62,1400,478,niños_9_12,media
5,2,62,1117,400,niños_9_12,media
6,3,55,1222,507,niños_9_12,media
4,5,46,1246,436,niños_9_12,media
6,3,50,1353,471,niños_9_12,media
6,3,60,1109,568,niños_9_12,media
4,2,60,1084,480,niños_9_12,media
6,3,62,1295,475,niños_9_12,media
5,4,52,1205,539,niños_9_12,media
6,4,62,1376,421,niños_9_12,media
5,4,47,1190,490,niños_9_12,media
5,5,62,1361,490,niños_9_12,media
6,4,58,1262,511,niños_9_12,media
6,3,58,1154,400,niños_9_12,media
4,2,56,1087,556,niños_9_12,media
5,4,50,1310,495,niños_9_12,media
5,5,47,1367,426,niños_9_12,media
6,5,53,1042,592,niños_9_12,media
5,5,60,1345,463,niños_9_12,media
4,2,56,1197,569,niños_9_12,media
5,5,63,1255,592,niños_9_12,media
6,3,48,1251,486,niños_9_12,media
5,4,58,1013,554,niños_9_12,media
5,5,62,1191,599,niños_9_12,media
6,4,48,1043,585,niños_9_12,media
4,5,52,1125,485,niños_9_12,media
4,5,48,1145,581,niños_9_12,media
4,2,54,1052,428,niños_9_12,media
4,5,57,1236,567,niños_9_12,media
6,3,47,1282,449,niños_9_12,media
6,2,65,1266,452,niños_9_12,media
6,2,46,1389,410,niños_9_12,media
6,3,62,1032,564,niños_9_12,media
5,4,50,1351,583,niños_9_12,media
6,4,48,1288,452,niños_9_12,media
5,4,63,1145,464,niños_9_12,media
5,3,45,1111,442,niños_9_12,media
6,2,64,1356,427,niños_9_12,media
5,5,46,1051,476,niños_9_12,media
6,3,52,1124,565,niños_9_12,media
5,5,50,1019,419,niños_9_12,media
5,5,46,1006,441,niños_9_12,media
6,5,49,1052,464,niños_9_12,media
6,4,61,1178,474,niños_9_12,media
6,2,47,1127,542,niños_9_12,media
6,5,55,1128,520,niños_9_12,media
6,3,64,1303,480,niños_9_12,media
4,2,47,1070,443,niños_9_12,media
4,4,50,1114,425,niños_9_12,media
4,3,45,1233,502,niños_9_12,media
6,4,65,1267,562,niños_9_12,media
4,3,50,1261,434,niños_9_12,media
5,4,50,1389,535,niños_9_12,media
6,2,65,1025,598,niños_9_12,media
5,2,65,1235,465,niños_9_12,media
6,3,49,1226,477,niños_9_12,media
4,2,54,1387,572,niños_9_12,media
5,5,58,1161,438,niños_9_12,media
6,5,57,1177,572,niños_9_12,media
5,3,55,1155,546,niños_9_12,media
4,4,55,1285,467,niños_9_12,media
5,2,55,1306,516,niños_9_12,media
6,3,53,1321,429,niños_9_12,media
6,3,55,1254,542,niños_9_12,media
4,3,61,1095,466,niños_9_12,media
4,2,46,1352,573,niños_9_12,media
4,5,58,1263,440,niños_9_12,media
5,4,65,1310,542,niños_9_12,media
4,3,63,1281,468,niños_9_12,media
6,5,56,1155,558,niños_9_12,media
4,3,46,1205,517,niños_9_12,media
6,4,47,1139,548,niños_9_12,media
6,3,49,1094,410,niños_9_12,media
6,5,61,1297,578,niños_9_12,media
4,4,49,1007,591,niños_9_12,media
6,5,58,1302,504,niños_9_12,media
6,2,58,1035,466,niños_9_12,media
6,2,46,1009,522,niños_9_12,media
6,2,54,1070,515,niños_9_12,media
6,4,58,1291,537,niños_9_12,media
5,2,62,1332,448,niños_9_12,media
6,2,58,1070,518,niños_9_12,media
4,4,63,1139,546,niños_9_12,media
4,2,46,1323,447,niños_9_12,media
4,2,53,1123,570,niños_9_12,media
6,5,55,1202,443,niños_9_12,media
6,5,51,1359,491,niños_9_12,media
5,3,60,1069,423,niños_9_12,media
4,4,45,1230,597,niños_9_12,media
6,3,49,1031,438,niños_9_12,media
5,5,48,1168,418,niños_9_12,media
5,5,48,1348,562,niños_9_12,media
4,3,49,1198,433,niños_9_12,media
4,3,52,1138,540,niños_9_12,media
6,5,48,1105,572,niños_9_12,media
5,2,61,1197,468,niños_9_12,media
5,2,61,1297,498,niños_9_12,media
6,5,60,1315,491,niños_9_12,media
6,4,61,1193,456,niños_9_12,media
4,3,53,1274,464,niños_9_12,media
5,3,47,1078,599,niños_9_12,media
4,3,64,1033,597,niños_9_12,media
5,5,48,1042,459,niños_9_12,media
6,3,53,1299,402,niños_9_12,media
5,4,60,1342,415,niños_9_12,media
4,4,54,1272,589,niños_9_12,media
5,5,57,1164,559,niños_9_12,media
5,2,61,1030,437,niños_9_12,media
5,5,62,1224,504,niños_9_12,media
6,4,62,1174,411,niños_9_12,media
4,3,45,1297,481,niños_9_12,media
6,2,55,1182,543,niños_9_12,media
5,3,50,1382,492,niños_9_12,media
6,3,47,1325,581,niños_9_12,media
6,5,54,1041,539,niños_9_12,media
4,2,47,1100,503,niños_9_12,media
4,2,59,1171,546,niños_9_12,media
5,4,55,1348,536,niños_9_12,media
5,2,57,1374,522,niños_9_12,media
6,5,47,1173,510,niños_9_12,media
4,2,58,1341,570,niños_9_12,media
4,5,47,1208,452,niños_9_12,media
6,4,51,1167,528,niños_9_12,media
4,4,59,1098,481,niños_9_12,media
5,4,61,1393,512,niños_9_12,media
6,2,62,1362,470,niños_9_12,media
4,4,58,1063,485,niños_9_12,media
4,4,53,1327,544,niños_9_12,media
5,5,63,1393,514,niños_9_12,media
6,5,55,1375,434,niños_9_12,media
4,2,45,1343,561,niños_9_12,media
6,2,58,1134,526,niños_9_12,media
5,2,54,1298,502,niños_9_12,media
4,5,55,1360,505,niños_9_12,media
5,3,47,1270,422,niños_9_12,media
4,2,59,1168,474,niños_9_12,media
4,5,46,1048,401,niños_9_12,media
4,2,46,1154,473,niños_9_12,media
6,5,58,1101,406,niños_9_12,media
4,5,60,1235,461,niños_9_12,media
6,3,53,1221,596,niños_9_12,media
6,5,62,1040,453,niños_9_12,media
6,2,53,1348,418,niños_9_12,media
6,3,58,1119,542,niños_9_12,media
5,5,50,1338,566,niños_9_12,media
5,5,52,1200,421,niños_9_12,media
4,5,45,1233,522,niños_9_12,media
4,5,63,1081,599,niños_9_12,media
4,5,51,1021,497,niños_9_12,media
5,5,63,1395,485,niños_9_12,media
5,5,45,1094,513,niños_9_12,media
5,3,62,1337,510,niños_9_12,media
5,4,63,1229,534,niños_9_12,media
4,3,59,1220,515,niños_9_12,media
5,2,54,1323,529,niños_9_12,media
5,5,45,1240,443,niños_9_12,media
5,4,63,1172,509,niños_9_12,media
6,4,55,1385,493,niños_9_12,media
6,4,61,1153,488,niños_9_12,media
4,5,51,1016,566,niños_9_12,media
5,5,61,1293,516,niños_9_12,media
4,3,59,1225,422,niños_9_12,media
5,2,55,1372,436,niños_9_12,media
4,3,49,1209,508,niños_9_12,media
6,5,46,1042,547,niños_9_12,media
5,3,55,1017,551,niños_9_12,media
5,2,60,1120,525,niños_9_12,media
5,2,62,1310,470,niños_9_12,media
4,2,59,1174,517,niños_9_12,media
5,5,60,1229,477,niños_9_12,media
6,2,65,1311,548,niños_9_12,media
5,2,46,1306,451,niños_9_12,media
6,2,65,1361,518,niños_9_12,media
4,4,50,1386,552,niños_9_12,media
4,2,64,1190,551,niños_9_12,media
4,5,50,1253,490,niños_9_12,media
5,5,61,1262,546,niños_9_12,media
5,2,48,1110,460,niños_9_12,media
6,5,50,1200,572,niños_9_12,media
5,5,46,1361,570,niños_9_12,media
4,4,58,1373,436,niños_9_12,media
5,5,63,1267,493,niños_9_12,media
5,2,46,1360,521,niños_9_12,media
4,3,64,1202,510,niños_9_12,media
4,2,49,1062,562,niños_9_12,media
5,2,65,1261,552,niños_9_12,media
6,2,61,1228,469,niños_9_12,media
5,4,55,1018,419,niños_9_12,media
4,2,48,1123,417,niños_9_12,media
4,4,55,1353,592,niños_9_12,media
6,3,53,1265,571,niños_9_12,media
5,5,63,1230,508,niños_9_12,media
6,2,63,1392,433,niños_9_12,media
4,5,53,1018,422,niños_9_12,media
4,5,62,1182,566,niños_9_12,media
6,4,63,1317,573,niños_9_12,media
6,5,46,1186,437,niños_9_12,media
5,2,52,1061,542,niños_9_12,media
6,5,59,1070,533,niños_9_12,media
6,5,62,1193,458,niños_9_12,media
5,5,63,1208,499,niños_9_12,media
5,3,60,1019,486,niños_9_12,media
4,2,47,1090,422,niños_9_12,media
4,2,57,1223,507,niños_9_12,media
4,3,56,1058,478,niños_9_12,media
6,4,47,1254,403,niños_9_12,media
4,4,59,1004,432,niños_9_12,media
6,4,58,1173,539,niños_9_12,media
4,3,46,1065,420,niños_9_12,media
4,3,54,1115,401,niños_9_12,media
6,5,60,1396,574,niños_9_12,media
4,5,48,1209,435,niños_9_12,media
6,3,53,1314,553,niños_9_12,media
4,3,50,1338,488,niños_9_12,media
4,2,50,1340,460,niños_9_12,media
4,4,58,1187,435,niños_9_12,media
5,5,52,1142,547,niños_9_12,media
6,2,54,1170,431,niños_9_12,media
5,2,46,1058,481,niños_9_12,media
6,4,63,1298,561,niños_9_12,media
4,5,56,1057,519,niños_9_12,media
5,4,54,1362,510,niños_9_12,media
5,2,56,1385,575,niños_9_12,media
4,5,52,1297,573,niños_9_12,media
5,4,47,1257,414,niños_9_12,media
4,3,52,1136,488,niños_9_12,media
6,3,54,1244,453,niños_9_12,media
6,4,47,1362,412,niños_9_12,media
6,5,47,1290,534,niños_9_12,media
5,2,46,1110,492,niños_9_12,media
5,2,62,1371,502,niños_9_12,media
6,2,56,1128,457,niños_9_12,media
5,3,52,1153,541,niños_9_12,media
4,5,54,1296,585,niños_9_12,media
4,2,46,1052,552,niños_9_12,media
6,3,63,1072,422,niños_9_12,media
6,3,45,1247,531,niños_9_12,media
6,4,65,1196,480,niños_9_12,media
4,2,49,1082,534,niños_9_12,media
6,5,54,1205,547,niños_9_12,media
6,4,50,1200,510,niños_9_12,media
6,3,64,1220,442,niños_9_12,media
6,2,56,1170,495,niños_9_12,media
4,3,51,1261,557,niños_9_12,media
6,3,58,1196,534,niños_9_12,media
6,2,63,1211,552,niños_9_12,media
6,5,51,1395,461,niños_9_12,media
6,4,56,1050,486,niños_9_12,media
6,5,59,1194,561,niños_9_12,media
6,2,55,1056,527,niños_9_12,media
6,5,54,1257,436,niños_9_12,media
6,5,56,1224,417,niños_9_12,media
6,5,48,1053,600,niños_9_12,media
4,3,57,1196,420,niños_9_12,media
4,4,46,1376,412,niños_9_12,media
6,4,45,1190,589,niños_9_12,media
6,5,58,1286,475,niños_9_12,media
4,3,47,1004,543,niños_9_12,media
4,4,59,1150,465,niños_9_12,media
4,3,57,1296,493,niños_9_12,media
5,2,54,1255,437,niños_9_12,media
4,2,60,1101,504,niños_9_12,media
6,5,50,1322,456,niños_9_12,media
4,2,54,1084,511,niños_9_12,media
5,2,62,1331,536,niños_9_12,media
4,4,65,1045,455,niños_9_12,media
4,3,50,1157,477,niños_9_12,media
4,4,52,1243,525,niños_9_12,media
5,5,45,1211,523,niños_9_12,media
5,3,53,1361,569,niños_9_12,media
5,4,54,1259,498,niños_9_12,media
4,3,64,1086,537,niños_9_12,media
4,5,47,1136,562,niños_9_12,media
4,4,51,1028,563,niños_9_12,media
4,4,55,1278,457,niños_9_12,media
4,4,61,1149,574,niños_9_12,media
5,5,64,1372,562,niños_9_12,media
5,2,60,1267,525,niños_9_12,media
6,2,49,1060,462,niños_9_12,media
6,2,64,1109,428,niños_9_12,media
6,2,54,1089,412,niños_9_12,media
4,2,53,1158,485,niños_9_12,media
4,4,65,1327,481,niños_9_12,media
4,2,57,1277,435,niños_9_12,media
4,5,45,1379,422,niños_9_12,media
6,5,59,1112,430,niños_9_12,media
4,4,50,1019,583,niños_9_12,media
5,2,58,1114,415,niños_9_12,media
6,5,56,1271,570,niños_9_12,media
5,3,47,1104,420,niños_9_12,media
4,3,58,1304,476,niños_9_12,media
4,5,53,1135,565,niños_9_12,media
5,3,52,1139,417,niños_9_12,media
6,4,57,1084,428,niños_9_12,media
4,4,65,1300,404,niños_9_12,media
5,3,53,1090,517,niños_9_12,media
4,4,49,1379,470,niños_9_12,media
4,5,59,1139,409,niños_9_12,media
6,3,65,1196,542,niños_9_12,media
6,5,61,1366,480,niños_9_12,media
5,4,54,1259,580,niños_9_12,media
5,3,65,1076,555,niños_9_12,media
4,2,65,1047,547,niños_9_12,media
4,4,59,1215,422,niños_9_12,media
5,5,45,1332,564,niños_9_12,media
4,4,49,1094,499,niños_9_12,media
5,3,50,1124,429,niños_9_12,media
6,4,47,1350,485,niños_9_12,media
6,4,65,1157,556,niños_9_12,media
4,3,51,1257,411,niños_9_12,media
6,3,61,1270,498,niños_9_12,media
4,2,55,1170,474,niños_9_12,media
5,3,56,1034,500,niños_9_12,media
4,5,52,1129,409,niños_9_12,media
5,4,54,1018,504,niños_9_12,media
5,3,62,1367,490,niños_9_12,media
4,4,62,1231,593,niños_9_12,media
6,5,47,1219,478,niños_9_12,media
5,5,65,1148,508,niños_9_12,media
5,2,50,1132,527,niños_9_12,media
6,3,64,1058,511,niños_9_12,media
6,4,54,1134,547,niños_9_12,media
4,5,47,1335,466,niños_9_12,media
5,5,49,1116,580,niños_9_12,media
6,3,62,1314,516,niños_9_12,media
4,4,54,1099,447,niños_9_12,media
5,4,51,1100,500,niños_9_12,media
6,4,50,1135,589,niños_9_12,media
4,2,58,1257,561,niños_9_12,media
5,3,62,1062,509,niños_9_12,media
5,3,62,1143,477,niños_9_12,media
5,4,50,1368,421,niños_9_12,media
5,2,58,1018,513,niños_9_12,media
6,5,53,1385,595,niños_9_12,media
4,4,46,1219,575,niños_9_12,media
4,5,60,1108,586,niños_9_12,media
5,3,50,1214,596,niños_9_12,media
6,4,57,1261,592,niños_9_12,media
5,4,49,1322,424,niños_9_12,media
6,3,53,1275,441,niños_9_12,media
5,4,48,1312,587,niños_9_12,media
4,4,64,1393,444,niños_9_12,media
6,4,58,1010,404,niños_9_12,media
6,4,55,1201,469,niños_9_12,media
4,4,52,1017,571,niños_9_12,media
4,4,59,1253,577,niños_9_12,media
6,3,48,1250,588,niños_9_12,media
5,4,45,1304,402,niños_9_12,media
4,5,49,1151,412,niños_9_12,media
6,5,65,1188,593,niños_9_12,media
4,4,54,1394,499,niños_9_12,media
4,5,45,1391,556,niños_9_12,media
6,4,50,1026,532,niños_9_12,media
6,3,63,1191,401,niños_9_12,media
6,2,63,1281,456,niños_9_12,media
4,5,56,1388,543,niños_9_12,media
4,3,51,1200,448,niños_9_12,media
6,4,46,1327,429,niños_9_12,media
4,3,61,1343,441,niños_9_12,media
6,3,54,1267,414,niños_9_12,media
5,2,60,1387,503,niños_9_12,media
4,5,62,1104,501,niños_9_12,media
5,3,45,1172,471,niños_9_12,media
6,3,54,1354,596,niños_9_12,media
6,4,50,1281,511,niños_9_12,media
5,5,50,1187,442,niños_9_12,media
6,4,53,1073,500,niños_9_12,media
4,5,47,1135,537,niños_9_12,media
5,3,47,1394,540,niños_9_12,media
5,3,53,1161,437,niños_9_12,media
4,2,62,1078,507,niños_9_12,media
6,5,59,1334,495,niños_9_12,media
4,3,62,1152,479,niños_9_12,media
5,2,65,1120,586,niños_9_12,media
4,3,49,1229,424,niños_9_12,media
5,5,63,1086,576,niños_9_12,media
6,5,45,1373,593,niños_9_12,media
5,3,59,1136,419,niños_9_12,media
4,4,64,1388,595,niños_9_12,media
4,5,59,1151,451,niños_9_12,media
4,4,63,1340,404,niños_9_12,media
4,5,54,1337,546,niños_9_12,media
5,3,45,1335,520,niños_9_12,media
6,5,62,1057,533,niños_9_12,media
5,5,54,1162,531,niños_9_12,media
5,2,51,1198,424,niños_9_12,media
6,3,46,1052,509,niños_9_12,media
6,3,65,1135,429,niños_9_12,media
5,4,50,1288,430,niños_9_12,media
6,4,48,1364,584,niños_9_12,media
4,5,62,1302,408,niños_9_12,media
5,3,59,1235,457,niños_9_12,media
5,3,46,1230,420,niños_9_12,media
5,3,51,1231,454,niños_9_12,media
6,4,59,1010,527,niños_9_12,media
5,4,50,1230,412,niños_9_12,media
5,5,56,1321,469,niños_9_12,media
4,3,57,1355,486,niños_9_12,media
4,4,53,1389,414,niños_9_12,media
4,4,59,1006,588,niños_9_12,media
6,4,63,1055,483,niños_9_12,media
6,3,48,1160,479,niños_9_12,media
6,4,49,1027,423,niños_9_12,media
4,2,63,1212,473,niños_9_12,media
4,5,53,1124,586,niños_9_12,media
5,3,60,1163,527,niños_9_12,media
4,5,47,1133,466,niños_9_12,media
4,3,54,1058,508,niños_9_12,media
6,5,45,1278,482,niños_9_12,media
6,3,57,1389,484,niños_9_12,media
4,3,50,1154,558,niños_9_12,media
4,2,54,1084,529,niños_9_12,media
4,4,46,1023,429,niños_9_12,media
4,4,56,1266,450,niños_9_12,media
5,2,50,1152,580,niños_9_12,media
4,3,60,1080,556,niños_9_12,media
4,4,53,1326,516,niños_9_12,media
6,4,63,1331,439,niños_9_12,media
6,4,52,1250,484,niños_9_12,media
6,2,58,1364,578,niños_9_12,media
6,5,63,1261,484,niños_9_12,media
4,3,62,1391,511,niños_9_12,media
4,5,47,1353,454,niños_9_12,media
6,5,57,1013,466,niños_9_12,media
6,2,55,1297,451,niños_9_12,media
5,5,46,1357,410,niños_9_12,media
6,4,59,1199,437,niños_9_12,media
5,2,52,1313,409,niños_9_12,media
5,4,58,1122,589,niños_9_12,media
4,3,48,1130,435,niños_9_12,media
5,3,51,1077,559,niños_9_12,media
6,2,52,1051,422,niños_9_12,media
6,2,62,1398,592,niños_9_12,media
4,5,61,1103,484,niños_9_12,media
4,3,49,1282,588,niños_9_12,media
6,2,52,1360,405,niños_9_12,media
6,3,62,1136,420,niños_9_12,media
6,4,52,1063,431,niños_9_12,media
4,3,50,1208,418,niños_9_12,media
6,3,62,1321,521,niños_9_12,media
6,2,56,1356,555,niños_9_12,media
4,2,50,1305,534,niños_9_12,media
4,3,59,1269,448,niños_9_12,media
4,4,46,1351,536,niños_9_12,media
4,5,61,1247,485,niños_9_12,media
4,5,49,1343,480,niños_9_12,media
4,3,65,1085,573,niños_9_12,media
6,4,54,1330,454,niños_9_12,media
5,2,52,1312,411,niños_9_12,media
6,5,55,1285,491,niños_9_12,media
6,4,55,1065,415,niños_9_12,media
5,5,58,1304,479,niños_9_12,media
5,5,50,1167,459,niños_9_12,media
6,4,53,1159,595,niños_9_12,media
5,5,59,1037,452,niños_9_12,media
5,3,59,1106,446,niños_9_12,media
4,5,55,1038,406,niños_9_12,media
5,4,50,1294,517,niños_9_12,media
4,2,57,1109,429,niños_9_12,media
5,2,57,1400,420,niños_9_12,media
4,2,62,1149,470,niños_9_12,media
6,2,57,1156,537,niños_9_12,media
6,3,55,1255,532,niños_9_12,media
5,3,63,1038,414,niños_9_12,media
4,4,62,1198,524,niños_9_12,media
6,5,54,1161,576,niños_9_12,media
6,3,51,1270,401,niños_9_12,media
5,3,46,1220,512,niños_9_12,media
4,3,61,1092,476,niños_9_12,media
5,2,51,1235,594,niños_9_12,media
5,5,45,1207,461,niños_9_12,media
6,2,57,1400,425,niños_9_12,media
6,2,47,1363,488,niños_9_12,media
5,2,51,1112,492,niños_9_12,media
5,3,48,1059,528,niños_9_12,media
5,4,60,1038,460,niños_9_12,media
5,4,58,1113,597,niños_9_12,media
5,3,56,1299,428,niños_9_12,media
6,5,48,1326,455,niños_9_12,media
4,5,47,1015,465,niños_9_12,media
5,5,49,1037,514,niños_9_12,media
6,5,58,1022,544,niños_9_12,media
5,5,56,1096,512,niños_9_12,media
6,4,50,1107,592,niños_9_12,media
6,2,46,1275,484,niños_9_12,media
4,4,58,1381,418,niños_9_12,media
4,3,65,1218,417,niños_9_12,media
6,5,49,1236,532,niños_9_12,media
6,3,60,1291,491,niños_9_12,media
5,5,49,1158,542,niños_9_12,media
6,4,56,1079,424,niños_9_12,media
6,3,48,1291,598,niños_9_12,media
5,5,45,1389,477,niños_9_12,media
5,5,52,1220,417,niños_9_12,media
5,3,54,1211,456,niños_9_12,media
6,3,54,1298,420,niños_9_12,media
4,4,63,1151,599,niños_9_12,media
4,2,62,1060,532,niños_9_12,media
4,3,58,1161,581,niños_9_12,media
4,5,52,1273,488,niños_9_12,media
4,4,54,1140,408,niños_9_12,media
4,5,64,1170,488,niños_9_12,media
6,4,58,1281,600,niños_9_12,media
4,3,50,1208,415,niños_9_12,media
6,5,63,1303,438,niños_9_12,media
4,4,45,1366,508,niños_9_12,media
6,2,65,1005,569,niños_9_12,media
4,2,48,1289,521,niños_9_12,media
4,3,53,1309,512,niños_9_12,media
5,2,56,1123,433,niños_9_12,media
6,5,56,1142,483,niños_9_12,media
5,2,58,1104,561,niños_9_12,media
5,3,59,1088,573,niños_9_12,media
4,2,63,1269,425,niños_9_12,media
4,3,50,1210,505,niños_9_12,media
5,4,48,1181,458,niños_9_12,media
4,5,63,1037,465,niños_9_12,media
5,3,54,1326,467,niños_9_12,media
4,4,64,1227,493,niños_9_12,media
5,4,63,1237,432,niños_9_12,media
5,4,59,1373,476,niños_9_12,media
6,4,57,1281,600,niños_9_12,media
6,5,50,1022,575,niños_9_12,media
4,4,52,1264,449,niños_9_12,media
5,3,61,1254,403,niños_9_12,media
6,3,63,1352,425,niños_9_12,media
5,4,46,1237,515,niños_9_12,media
5,5,53,1096,600,niños_9_12,media
4,5,61,1351,553,niños_9_12,media
5,4,56,1042,542,niños_9_12,media
5,4,65,1157,553,niños_9_12,media
5,4,56,1040,582,niños_9_12,media
4,2,65,1226,578,niños_9_12,media
4,4,51,1295,527,niños_9_12,media
5,4,53,1293,574,niños_9_12,media
6,5,46,1129,480,niños_9_12,media
6,3,58,1371,594,niños_9_12,media
4,4,55,1107,536,niños_9_12,media
5,2,45,1238,516,niños_9_12,media
5,2,59,1106,482,niños_9_12,media
6,5,60,1004,535,niños_9_12,media
6,5,49,1323,470,niños_9_12,media
4,5,55,1132,588,niños_9_12,media
4,4,54,1245,418,niños_9_12,media
6,2,50,1371,588,niños_9_12,media
6,2,52,1141,446,niños_9_12,media
4,5,48,1279,588,niños_9_12,media
4,4,59,1054,550,niños_9_12,media
5,4,59,1287,585,niños_9_12,media
5,2,47,1080,473,niños_9_12,media
5,3,50,1292,464,niños_9_12,media
6,4,63,1365,439,niños_9_12,media
6,2,54,1230,437,niños_9_12,media
5,5,63,1146,435,niños_9_12,media
5,4,55,1013,581,niños_9_12,media
5,2,55,1022,471,niños_9_12,media
6,3,48,1386,410,niños_9_12,media
4,5,45,1133,417,niños_9_12,media
4,3,62,1104,526,niños_9_12,media
4,3,64,1337,440,niños_9_12,media
6,4,59,1078,424,niños_9_12,media
5,2,63,1238,498,niños_9_12,media
6,2,59,1328,425,niños_9_12,media
5,3,48,1370,489,niños_9_12,media
4,3,50,1124,420,niños_9_12,media
4,2,64,1023,455,niños_9_12,media
4,3,60,1193,473,niños_9_12,media
4,3,60,1074,436,niños_9_12,media
6,5,53,1158,422,niños_9_12,media
6,3,48,1034,537,niños_9_12,media
5,5,57,1016,409,niños_9_12,media
4,4,60,1118,495,niños_9_12,media
5,5,52,1068,509,niños_9_12,media
6,2,56,1213,441,niños_9_12,media
4,5,60,1208,596,niños_9_12,media
4,2,59,1286,491,niños_9_12,media
6,5,58,1302,513,niños_9_12,media
6,3,59,1125,492,niños_9_12,media
4,2,46,1234,411,niños_9_12,media
4,2,54,1252,466,niños_9_12,media
4,3,48,1133,482,niños_9_12,media
5,2,47,1061,585,niños_9_12,media
6,2,55,1058,497,niños_9_12,media
5,5,52,1329,549,niños_9_12,media
5,4,59,1392,577,niños_9_12,media
5,4,62,1371,564,niños_9_12,media
4,5,64,1093,600,niños_9_12,media
5,3,51,1086,500,niños_9_12,media
4,3,47,1141,472,niños_9_12,media
6,3,46,1280,499,niños_9_12,media
6,3,54,1085,494,niños_9_12,media
5,4,50,1237,459,niños_9_12,media
6,2,45,1155,443,niños_9_12,media
5,5,49,1390,455,niños_9_12,media
6,3,65,1025,563,niños_9_12,media
6,4,61,1376,475,niños_9_12,media
5,3,52,1377,460,niños_9_12,media
4,3,64,1002,466,niños_9_12,media
6,2,47,1062,565,niños_9_12,media
5,2,57,1001,417,niños_9_12,media
4,3,59,1342,569,niños_9_12,media
5,5,61,1229,575,niños_9_12,media
4,5,56,1340,439,niños_9_12,media
4,2,53,1055,556,niños_9_12,media
4,2,63,1030,534,niños_9_12,media
6,3,64,1155,465,niños_9_12,media
4,2,64,1229,596,niños_9_12,media
6,5,50,1020,466,niños_9_12,media
5,5,45,1362,426,niños_9_12,media
4,4,52,1098,551,niños_9_12,media
4,3,63,1181,550,niños_9_12,media
4,3,62,1024,420,niños_9_12,media
5,3,65,1025,451,niños_9_12,media
4,4,57,1048,499,niños_9_12,media
5,5,49,1130,440,niños_9_12,media
6,4,58,1128,524,niños_9_12,media
5,3,47,1331,546,niños_9_12,media
6,5,45,1139,434,niños_9_12,media
4,4,55,1198,511,niños_9_12,media
4,4,65,1330,538,niños_9_12,media
5,3,47,1324,477,niños_9_12,media
6,4,57,1194,451,niños_9_12,media
5,3,45,1189,458,niños_9_12,media
4,4,48,1123,570,niños_9_12,media
5,2,46,1209,413,niños_9_12,media
6,4,52,1302,594,niños_9_12,media
6,5,55,1304,530,niños_9_12,media
4,4,63,1357,588,niños_9_12,media
6,2,51,1051,416,niños_9_12,media
4,4,65,1200,482,niños_9_12,media
4,3,50,1300,569,niños_9_12,media
6,4,56,1207,599,niños_9_12,media
6,4,56,1397,596,niños_9_12,media
4,4,45,1182,585,niños_9_12,media
6,5,58,1351,436,niños_9_12,media
4,2,62,1065,404,niños_9_12,media
5,3,58,1334,560,niños_9_12,media
5,2,65,1079,537,niños_9_12,media
4,5,54,1072,451,niños_9_12,media
4,4,56,1090,435,niños_9_12,media
6,4,46,1202,553,niños_9_12,media
4,4,62,1016,469,niños_9_12,media
6,4,65,1202,553,niños_9_12,media
6,3,64,1292,470,niños_9_12,media
5,3,57,1294,457,niños_9_12,media
5,3,50,1308,538,niños_9_12,media
6,4,58,1053,461,niños_9_12,media
4,3,57,1112,593,niños_9_12,media
5,2,49,1320,508,niños_9_12,media
6,5,57,1095,464,niños_9_12,media
4,4,50,1169,471,niños_9_12,media
6,2,59,1391,457,niños_9_12,media
6,4,54,1114,591,niños_9_12,media
5,5,45,1033,525,niños_9_12,media
4,3,49,1255,583,niños_9_12,media
4,4,49,1172,489,niños_9_12,media
5,2,47,1369,480,niños_9_12,media
6,3,52,1167,483,niños_9_12,media
4,2,52,1200,473,niños_9_12,media
6,4,50,1058,545,niños_9_12,media
6,5,49,1028,581,niños_9_12,media
4,3,51,1347,564,niños_9_12,media
4,3,54,1145,566,niños_9_12,media
4,4,60,1156,467,niños_9_12,media
5,2,58,1182,434,niños_9_12,media
5,4,56,1311,581,niños_9_12,media
6,5,58,1220,598,niños_9_12,media
5,2,49,1169,418,niños_9_12,media
6,3,61,1196,589,niños_9_12,media
6,2,63,1225,539,niños_9_12,media
6,5,55,1310,590,niños_9_12,media
6,2,58,1270,500,niños_9_12,media
4,3,47,1310,477,niños_9_12,media
4,3,57,1180,479,niños_9_12,media
6,5,60,1214,430,niños_9_12,media
5,3,61,1307,571,niños_9_12,media
6,3,51,1286,536,niños_9_12,media
5,5,55,1277,447,niños_9_12,media
4,5,45,1206,550,niños_9_12,media
4,4,52,1095,418,niños_9_12,media
4,2,53,1040,522,niños_9_12,media
6,2,55,1397,454,niños_9_12,media
4,4,62,1126,523,niños_9_12,media
5,3,54,1291,581,niños_9_12,media
4,4,60,1188,551,niños_9_12,media
5,3,50,1038,498,niños_9_12,media
6,3,60,1131,514,niños_9_12,media
4,2,63,1205,517,niños_9_12,media
5,5,46,1069,462,niños_9_12,media
4,4,48,1076,557,niños_9_12,media
4,2,52,1241,544,niños_9_12,media
5,3,62,1117,535,niños_9_12,media
5,4,55,1395,588,niños_9_12,media
6,5,57,1281,552,niños_9_12,media
5,4,63,1135,589,niños_9_12,media
4,2,62,1066,476,niños_9_12,media
5,3,63,1094,564,niños_9_12,media
4,3,45,1067,506,niños_9_12,media
4,5,52,1044,521,niños_9_12,media
6,2,45,1195,561,niños_9_12,media
6,2,56,1038,413,niños_9_12,media
6,4,61,1014,535,niños_9_12,media
5,3,56,1323,460,niños_9_12,media
4,4,54,1133,410,niños_9_12,media
6,5,47,1105,556,niños_9_12,media
5,3,57,1025,581,niños_9_12,media
6,4,48,1007,531,niños_9_12,media
4,4,57,1169,445,niños_9_12,media
4,5,51,1225,432,niños_9_12,media
4,4,45,1100,560,niños_9_12,media
4,4,47,1044,476,niños_9_12,media
6,3,61,1079,443,niños_9_12,media
5,5,64,1390,507,niños_9_12,media
5,5,54,1198,464,niños_9_12,media
5,4,63,1378,565,niños_9_12,media
4,2,65,1357,551,niños_9_12,media
4,3,47,1262,586,niños_9_12,media
5,4,63,1343,557,niños_9_12,media
6,4,61,1324,456,niños_9_12,media
4,2,45,1003,401,niños_9_12,media
6,3,46,1144,526,niños_9_12,media
6,3,55,1325,543,niños_9_12,media
4,5,51,1309,422,niños_9_12,media
4,2,55,1368,516,niños_9_12,media
4,5,61,1146,502,niños_9_12,media
4,3,53,1016,476,niños_9_12,media
5,4,49,1196,423,niños_9_12,media
6,3,63,1344,482,niños_9_12,media
5,3,51,1267,477,niños_9_12,media
6,4,65,1067,504,niños_9_12,media
6,3,65,1012,404,niños_9_12,media
6,5,47,1013,411,niños_9_12,media
5,4,52,1311,481,niños_9_12,media
5,4,64,1331,512,niños_9_12,media
4,3,59,1244,498,niños_9_12,media
4,3,50,1046,405,niños_9_12,media
5,2,51,1308,523,niños_9_12,media
5,2,60,1135,488,niños_9_12,media
5,5,60,1379,428,niños_9_12,media
6,3,47,1350,528,niños_9_12,media
4,4,63,1020,533,niños_9_12,media
6,2,65,1245,408,niños_9_12,media
5,4,51,1031,506,niños_9_12,media
5,5,50,1131,535,niños_9_12,media
4,4,55,1378,553,niños_9_12,media
5,4,61,1343,585,niños_9_12,media
6,5,63,1295,490,niños_9_12,media
4,4,59,1281,510,niños_9_12,media
6,3,55,1323,596,niños_9_12,media
6,4,56,1239,528,niños_9_12,media
4,3,56,1078,482,niños_9_12,media
4,3,57,1200,426,niños_9_12,media
6,4,50,1047,571,niños_9_12,media
6,2,62,1167,550,niños_9_12,media
5,3,48,1296,500,niños_9_12,media
6,5,63,1094,416,niños_9_12,media
6,5,46,1042,480,niños_9_12,media
5,3,53,1003,459,niños_9_12,media
6,5,58,1357,584,niños_9_12,media
5,3,50,1198,539,niños_9_12,media
5,4,62,1330,582,niños_9_12,media
6,4,45,1086,423,niños_9_12,media
6,5,45,1091,458,niños_9_12,media
6,2,64,1212,472,niños_9_12,media
6,5,61,1396,525,niños_9_12,media
6,2,53,1216,400,niños_9_12,media
4,4,54,1085,507,niños_9_12,media
6,2,56,1393,418,niños_9_12,media
4,4,51,1140,420,niños_9_12,media
5,4,50,1351,512,niños_9_12,media
5,3,51,1028,428,niños_9_12,media
4,5,45,1364,451,niños_9_12,media
6,5,55,1399,518,niños_9_12,media
4,4,51,1324,459,niños_9_12,media
4,2,51,1056,448,niños_9_12,media
6,5,55,1320,502,niños_9_12,media
6,4,54,1229,461,niños_9_12,media
4,2,51,1183,552,niños_9_12,media
5,3,60,1150,479,niños_9_12,media
6,3,52,1244,549,niños_9_12,media
5,2,63,1358,537,niños_9_12,media
6,2,48,1396,464,niños_9_12,media
6,4,53,1002,451,niños_9_12,media
6,2,51,1184,427,niños_9_12,media
5,3,54,1245,511,niños_9_12,media
6,2,54,1151,447,niños_9_12,media
4,4,56,1160,594,niños_9_12,media
6,2,62,1266,562,niños_9_12,media
4,5,65,1364,572,niños_9_12,media
6,4,58,1129,523,niños_9_12,media
4,5,52,1335,523,niños_9_12,media
6,2,60,1071,582,niños_9_12,media
6,2,48,1117,545,niños_9_12,media
5,4,50,1391,479,niños_9_12,media
4,3,55,1395,477,niños_9_12,media
4,3,64,1386,554,niños_9_12,media
4,5,53,1156,455,niños_9_12,media
6,3,49,1324,545,niños_9_12,media
4,5,55,1150,459,niños_9_12,media
5,3,61,1070,458,niños_9_12,media
6,5,61,1265,584,niños_9_12,media
4,4,61,1300,583,niños_9_12,media
6,2,52,1027,473,niños_9_12,media
5,2,60,1372,508,niños_9_12,media
5,3,54,1046,421,niños_9_12,media
4,4,48,1274,474,niños_9_12,media
5,5,59,1217,487,niños_9_12,media
4,4,61,1359,466,niños_9_12,media
6,5,65,1307,529,niños_9_12,media
4,5,47,1191,471,niños_9_12,media
6,3,52,1010,438,niños_9_12,media
4,4,48,1378,516,niños_9_12,media
5,3,52,1139,452,niños_9_12,media
6,5,65,1239,530,niños_9_12,media
5,5,45,1241,404,niños_9_12,media
5,5,59,1218,532,niños_9_12,media
5,4,65,1002,514,niños_9_12,media
5,2,65,1375,592,niños_9_12,media
5,5,64,1057,457,niños_9_12,media
5,2,53,1218,597,niños_9_12,media
4,4,49,1249,594,niños_9_12,media
4,3,52,1266,481,niños_9_12,media
5,4,50,1298,454,niños_9_12,media
6,3,60,1272,593,niños_9_12,media
4,2,45,1320,473,niños_9_12,media
5,3,62,1083,486,niños_9_12,media
6,4,53,1082,566,niños_9_12,media
6,4,55,1327,542,niños_9_12,media
6,2,47,1109,507,niños_9_12,media
5,4,64,1037,503,niños_9_12,media
6,5,52,1316,552,niños_9_12,media
6,4,53,1060,409,niños_9_12,media
4,2,59,1037,545,niños_9_12,media
6,4,62,1223,420,niños_9_12,media
6,4,56,1293,552,niños_9_12,media
5,5,65,1127,426,niños_9_12,media
5,4,60,1352,521,niños_9_12,media
4,4,57,1048,418,niños_9_12,media
5,3,57,1113,438,niños_9_12,media
5,2,65,1040,574,niños_9_12,media
4,4,62,1033,483,niños_9_12,media
6,2,54,1002,400,niños_9_12,media
5,4,49,1147,582,niños_9_12,media
4,5,63,1127,435,niños_9_12,media
6,4,52,1356,448,niños_9_12,media
5,2,55,1254,437,niños_9_12,media
6,3,45,1349,499,niños_9_12,media
6,5,63,1180,530,niños_9_12,media
5,3,62,1115,440,niños_9_12,media
5,3,65,1380,591,niños_9_12,media
6,4,65,1284,426,niños_9_12,media
4,5,58,1026,492,niños_9_12,media
6,5,58,1238,405,niños_9_12,media
4,2,50,1142,474,niños_9_12,media
5,5,51,1261,555,niños_9_12,media
4,4,45,1207,557,niños_9_12,media
4,3,58,1067,583,niños_9_12,media
5,3,56,1076,579,niños_9_12,media
6,2,48,1386,424,niños_9_12,media
5,2,46,1247,525,niños_9_12,media
4,5,63,1201,558,niños_9_12,media
5,4,51,1210,484,niños_9_12,media
5,4,64,1038,547,niños_9_12,media
4,3,61,1228,522,niños_9_12,media
5,4,63,1054,514,niños_9_12,media
6,3,52,1225,414,niños_9_12,media
4,3,52,1157,418,niños_9_12,media
5,4,50,1222,548,niños_9_12,media
4,3,52,1111,425,niños_9_12,media
4,3,46,1333,401,niños_9_12,media
5,5,56,1042,439,niños_9_12,media
6,2,54,1304,597,niños_9_12,media
5,4,48,1382,588,niños_9_12,media
6,2,47,1013,415,niños_9_12,media
4,3,60,1039,445,niños_9_12,media
6,4,58,1031,571,niños_9_12,media
4,3,46,1135,469,niños_9_12,media
6,2,45,1282,556,niños_9_12,media
6,2,55,1310,498,niños_9_12,media
4,4,61,1222,530,niños_9_12,media
6,2,47,1360,535,niños_9_12,media
6,4,64,1239,434,niños_9_12,media
4,2,63,1047,509,niños_9_12,media
4,5,63,1058,533,niños_9_12,media
4,3,55,1199,555,niños_9_12,media
6,5,48,1236,446,niños_9_12,media
4,4,64,1126,504,niños_9_12,media
6,3,49,1330,429,niños_9_12,media
4,3,64,1286,491,niños_9_12,media
4,4,59,1356,535,niños_9_12,media
4,5,65,1218,414,niños_9_12,media
5,2,51,1241,429,niños_9_12,media
6,3,56,1131,559,niños_9_12,media
6,3,51,1281,516,niños_9_12,media
5,5,63,1110,560,niños_9_12,media
4,3,65,1126,551,niños_9_12,media
4,2,58,1315,424,niños_9_12,media
4,5,48,1058,472,niños_9_12,media
4,3,61,1101,535,niños_9_12,media
4,2,55,1286,427,niños_9_12,media
6,5,50,1164,401,niños_9_12,media
6,5,59,1012,502,niños_9_12,media
4,2,64,1045,472,niños_9_12,media
6,5,51,1197,548,niños_9_12,media
4,2,60,1375,553,niños_9_12,media
4,5,52,1178,407,niños_9_12,media
4,5,55,1256,538,niños_9_12,media
4,4,57,1096,459,niños_9_12,media
4,4,48,1176,469,niños_9_12,media
4,3,58,1122,525,niños_9_12,media
6,2,63,1003,459,niños_9_12,media
4,3,49,1351,548,niños_9_12,media
6,3,46,1356,427,niños_9_12,media
6,3,52,1291,551,niños_9_12,media
6,3,54,1049,574,niños_9_12,media
6,5,48,1290,438,niños_9_12,media
6,4,62,1343,467,niños_9_12,media
6,4,46,1186,500,niños_9_12,media
6,3,63,1103,476,niños_9_12,media
6,3,49,1044,520,niños_9_12,media
4,4,65,1332,408,niños_9_12,media
4,5,61,1272,434,niños_9_12,media
4,4,58,1152,557,niños_9_12,media
4,3,54,1232,596,niños_9_12,media
4,5,49,1147,549,niños_9_12,media
4,3,50,1055,446,niños_9_12,media
4,2,53,1367,423,niños_9_12,media
6,3,52,1317,583,niños_9_12,media
6,5,64,1178,525,niños_9_12,media
4,4,50,1353,433,niños_9_12,media
5,2,50,1255,461,niños_9_12,media
4,4,64,1242,469,niños_9_12,media
4,5,57,1213,596,niños_9_12,media
4,5,56,1250,564,niños_9_12,media
6,2,63,1030,567,niños_9_12,media
6,3,49,1143,467,niños_9_12,media
6,3,49,1121,456,niños_9_12,media
5,4,64,1043,597,niños_9_12,media
4,3,61,1293,445,niños_9_12,media
4,4,48,1400,557,niños_9_12,media
5,5,64,1119,564,niños_9_12,media
4,3,57,1334,565,niños_9_12,media
6,4,52,1135,534,niños_9_12,media
4,2,57,1207,557,niños_9_12,media
6,2,45,1083,417,niños_9_12,media
4,2,56,1233,591,niños_9_12,media
6,2,61,1020,584,niños_9_12,media
4,2,57,1290,417,niños_9_12,media
5,4,46,1266,528,niños_9_12,media
5,3,46,1273,405,niños_9_12,media
6,3,65,1333,595,niños_9_12,media
5,3,64,1276,576,niños_9_12,media
6,5,64,1211,510,niños_9_12,media
5,4,46,1308,431,niños_9_12,media
6,2,63,1139,596,niños_9_12,media
4,5,51,1325,600,niños_9_12,media
6,2,54,1151,550,niños_9_12,media
4,5,59,1169,517,niños_9_12,media
5,5,55,1176,488,niños_9_12,media
6,4,63,1033,574,niños_9_12,media
4,2,50,1148,516,niños_9_12,media
5,3,55,1092,570,niños_9_12,media
5,2,51,1008,418,niños_9_12,media
6,2,60,1043,559,niños_9_12,media
4,5,54,1014,425,niños_9_12,media
5,3,46,1175,547,niños_9_12,media
6,3,58,1135,526,niños_9_12,media
6,3,45,1371,524,niños_9_12,media
6,2,56,1219,592,niños_9_12,media
4,4,65,1100,417,niños_9_12,media
4,4,46,1224,501,niños_9_12,media
4,2,60,1081,562,niños_9_12,media
4,5,59,1208,599,niños_9_12,media
6,2,60,1380,568,niños_9_12,media
5,3,59,1090,460,niños_9_12,media
6,5,64,1379,405,niños_9_12,media
5,5,58,1388,429,niños_9_12,media
4,4,55,1162,549,niños_9_12,media
6,3,63,1362,520,niños_9_12,media
5,2,54,1357,429,niños_9_12,media
6,5,57,1090,550,niños_9_12,media
4,5,62,1107,538,niños_9_12,media
6,5,53,1323,577,niños_9_12,media
6,5,65,1102,414,niños_9_12,media
6,4,52,1011,413,niños_9_12,media
4,4,59,1232,527,niños_9_12,media
5,3,52,1100,538,niños_9_12,media
4,4,45,1383,417,niños_9_12,media
5,2,62,1273,410,niños_9_12,media
4,2,56,1367,553,niños_9_12,media
6,2,65,1275,418,niños_9_12,media
5,3,61,1102,428,niños_9_12,media
6,4,52,1062,599,niños_9_12,media
5,3,49,1333,591,niños_9_12,media
5,2,49,1340,533,niños_9_12,media
6,2,53,1290,495,niños_9_12,media
4,5,58,1331,555,niños_9_12,media
4,3,47,1397,450,niños_9_12,media
5,5,49,1305,574,niños_9_12,media
4,5,59,1344,560,niños_9_12,media
6,4,60,1217,499,niños_9_12,media
4,5,59,1362,461,niños_9_12,media
4,4,45,1059,550,niños_9_12,media
4,3,63,1012,446,niños_9_12,media
4,2,49,1191,540,niños_9_12,media
5,4,48,1096,553,niños_9_12,media
5,4,45,1027,423,niños_9_12,media
6,3,47,1157,498,niños_9_12,media
6,4,63,1101,529,niños_9_12,media
5,3,55,1304,505,niños_9_12,media
5,5,57,1054,458,niños_9_12,media
5,2,60,1137,530,niños_9_12,media
4,4,62,1081,600,niños_9_12,media
5,2,53,1313,469,niños_9_12,media
4,5,51,1187,540,niños_9_12,media
4,5,65,1251,461,niños_9_12,media
5,4,46,1164,471,niños_9_12,media
4,5,65,1290,598,niños_9_12,media
6,4,59,1134,535,niños_9_12,media
4,5,47,1398,575,niños_9_12,media
4,5,50,1263,497,niños_9_12,media
4,4,64,1224,591,niños_9_12,media
6,4,64,1356,485,niños_9_12,media
5,3,54,1303,493,niños_9_12,media
4,5,61,1306,579,niños_9_12,media
4,5,65,1380,545,niños_9_12,media
6,2,48,1203,595,niños_9_12,media
5,5,55,1101,523,niños_9_12,media
4,3,64,1317,514,niños_9_12,media
4,5,63,1227,515,niños_9_12,media
6,4,54,1104,423,niños_9_12,media
5,3,59,1286,526,niños_9_12,media
5,4,58,1200,567,niños_9_12,media
5,4,54,1259,472,niños_9_12,media
5,2,45,1110,451,niños_9_12,media
4,5,64,1226,512,niños_9_12,media
5,2,45,1389,411,niños_9_12,media
5,4,46,1131,484,niños_9_12,media
6,2,65,1254,516,niños_9_12,media
6,3,57,1093,553,niños_9_12,media
4,5,52,1306,557,niños_9_12,media
5,5,45,1155,453,niños_9_12,media
6,5,57,1230,411,niños_9_12,media
6,3,60,1280,405,niños_9_12,media
5,4,49,1129,441,niños_9_12,media
5,2,58,1329,501,niños_9_12,media
6,3,47,1315,532,niños_9_12,media
6,5,61,1053,403,niños_9_12,media
5,4,52,1274,474,niños_9_12,media
6,3,56,1222,511,niños_9_12,media
5,4,58,1178,504,niños_9_12,media
6,4,60,1140,525,niños_9_12,media
6,5,57,1038,544,niños_9_12,media
5,3,46,1234,465,niños_9_12,media
4,3,47,1008,533,niños_9_12,media
6,2,64,1055,455,niños_9_12,media
4,2,55,1129,538,niños_9_12,media
4,4,49,1129,557,niños_9_12,media
5,2,60,1322,531,niños_9_12,media
5,4,58,1046,464,niños_9_12,media
4,2,61,1002,508,niños_9_12,media
6,3,53,1015,570,niños_9_12,media
6,2,48,1192,591,niños_9_12,media
5,4,58,1262,461,niños_9_12,media
5,3,65,1093,477,niños_9_12,media
5,5,61,1310,480,niños_9_12,media
6,5,58,1130,474,niños_9_12,media
5,3,52,1179,574,niños_9_12,media
6,2,54,1348,519,niños_9_12,media
4,2,58,1175,560,niños_9_12,media
6,5,60,1101,491,niños_9_12,media
5,4,51,1332,419,niños_9_12,media
6,3,60,1112,487,niños_9_12,media
4,4,65,1318,451,niños_9_12,media
6,3,65,1302,600,niños_9_12,media
4,2,52,1350,565,niños_9_12,media
6,4,59,1199,465,niños_9_12,media
6,4,57,1075,524,niños_9_12,media
5,4,51,1239,501,niños_9_12,media
6,2,57,1350,414,niños_9_12,media
6,2,52,1020,412,niños_9_12,media
5,4,62,1305,434,niños_9_12,media
6,2,61,1017,574,niños_9_12,media
4,5,63,1369,528,niños_9_12,media
4,2,57,1104,415,niños_9_12,media
5,3,58,1292,489,niños_9_12,media
4,5,60,1371,407,niños_9_12,media
4,5,54,1310,491,niños_9_12,media
4,5,65,1277,445,niños_9_12,media
5,2,57,1232,495,niños_9_12,media
6,2,62,1138,587,niños_9_12,media
5,5,61,1107,407,niños_9_12,media
4,5,56,1270,514,niños_9_12,media
6,3,51,1172,459,niños_9_12,media
5,4,64,1045,531,niños_9_12,media
4,4,48,1047,532,niños_9_12,media
4,4,52,1301,499,niños_9_12,media
4,5,65,1031,467,niños_9_12,media
4,4,57,1161,506,niños_9_12,media
4,4,45,1185,422,niños_9_12,media
5,3,64,1182,589,niños_9_12,media
6,2,47,1103,465,niños_9_12,media
4,3,49,1236,592,niños_9_12,media
4,5,52,1139,588,niños_9_12,media
6,2,52,1378,515,niños_9_12,media
6,2,60,1095,526,niños_9_12,media
5,2,55,1216,551,niños_9_12,media
6,3,61,1006,561,niños_9_12,media
5,4,54,1183,457,niños_9_12,media
5,5,58,1139,490,niños_9_12,media
4,2,62,1395,459,niños_9_12,media
4,2,65,1314,532,niños_9_12,media
6,4,60,1147,496,niños_9_12,media
5,2,53,1258,577,niños_9_12,media
4,5,53,1181,592,niños_9_12,media
6,5,59,1109,467,niños_9_12,media
5,2,59,1181,545,niños_9_12,media
4,2,52,1350,546,niños_9_12,media
4,3,62,1063,536,niños_9_12,media
5,4,52,1218,558,niños_9_12,media
6,3,58,1270,469,niños_9_12,media
5,4,49,1338,434,niños_9_12,media
5,4,63,1365,497,niños_9_12,media
6,2,58,1214,491,niños_9_12,media
6,3,65,1196,412,niños_9_12,media
5,4,63,1087,412,niños_9_12,media
4,3,55,1342,493,niños_9_12,media
5,2,48,1394,478,niños_9_12,media
6,2,48,1337,560,niños_9_12,media
4,2,65,1252,505,niños_9_12,media
5,3,48,1129,599,niños_9_12,media
5,3,53,1400,474,niños_9_12,media
4,3,49,1179,493,niños_9_12,media
4,3,56,1285,593,niños_9_12,media
4,2,49,1335,586,niños_9_12,media
4,3,55,1341,420,niños_9_12,media
4,3,47,1313,600,niños_9_12,media
5,5,61,1243,599,niños_9_12,media
6,2,54,1159,503,niños_9_12,media
5,3,52,1239,548,niños_9_12,media
4,2,65,1092,572,niños_9_12,media
6,2,51,1133,491,niños_9_12,media
4,5,52,1250,425,niños_9_12,media
6,5,61,1091,437,niños_9_12,media
5,3,53,1374,498,niños_9_12,media
5,4,64,1290,453,niños_9_12,media
4,5,58,1222,586,niños_9_12,media
6,4,49,1024,498,niños_9_12,media
5,5,61,1331,416,niños_9_12,media
5,3,56,1270,557,niños_9_12,media
4,4,64,1245,532,niños_9_12,media
6,2,48,1170,589,niños_9_12,media
6,4,45,1304,582,niños_9_12,media
6,3,55,1370,481,niños_9_12,media
6,2,47,1134,479,niños_9_12,media
5,5,55,1218,510,niños_9_12,media
5,2,63,1167,442,niños_9_12,media
5,2,64,1342,460,niños_9_12,media
5,3,48,1070,502,niños_9_12,media
5,4,64,1116,554,niños_9_12,media
5,5,64,1293,564,niños_9_12,media
5,4,61,1134,553,niños_9_12,media
6,4,60,1221,510,niños_9_12,media
6,2,51,1131,513,niños_9_12,media
5,5,60,1279,473,niños_9_12,media
5,5,57,1335,576,niños_9_12,media
5,3,55,1112,482,niños_9_12,media
6,4,45,1039,516,niños_9_12,media
4,3,50,1141,516,niños_9_12,media
6,4,61,1045,596,niños_9_12,media
4,3,48,1382,496,niños_9_12,media
6,4,52,1238,584,niños_9_12,media
4,3,59,1352,585,niños_9_12,media
5,3,56,1185,450,niños_9_12,media
4,3,53,1343,524,niños_9_12,media
5,5,64,1088,563,niños_9_12,media
4,3,46,1030,585,niños_9_12,media
4,3,59,1396,517,niños_9_12,media
4,2,53,1174,449,niños_9_12,media
4,3,45,1255,461,niños_9_12,media
5,2,63,1232,495,niños_9_12,media
5,5,47,1395,540,niños_9_12,media
5,3,48,1256,567,niños_9_12,media
6,3,51,1306,528,niños_9_12,media
6,5,54,1151,514,niños_9_12,media
5,3,56,1208,551,niños_9_12,media
6,3,57,1126,462,niños_9_12,media
6,3,45,1368,539,niños_9_12,media
5,4,58,1191,540,niños_9_12,media
4,4,64,1249,414,niños_9_12,media
5,2,54,1329,516,niños_9_12,media
6,5,49,1043,571,niños_9_12,media
6,4,50,1251,444,niños_9_12,media
5,3,64,1097,493,niños_9_12,media
5,2,49,1097,439,niños_9_12,media
6,5,62,1069,419,niños_9_12,media
6,5,60,1362,548,niños_9_12,media
4,2,51,1199,426,niños_9_12,media
4,4,58,1383,440,niños_9_12,media
4,2,49,1085,411,niños_9_12,media
5,2,47,1070,469,niños_9_12,media
5,2,47,1317,595,niños_9_12,media
6,4,52,1190,563,niños_9_12,media
6,5,51,1356,415,niños_9_12,media
5,3,50,1253,511,niños_9_12,media
5,3,65,1165,480,niños_9_12,media
6,5,48,1394,424,niños_9_12,media
4,4,47,1009,400,niños_9_12,media
5,2,53,1295,566,niños_9_12,media
5,3,56,1244,419,niños_9_12,media
4,4,64,1227,446,niños_9_12,media
6,3,51,1270,553,niños_9_12,media
6,4,57,1196,444,niños_9_12,media
4,4,50,1249,507,niños_9_12,media
4,5,63,1343,452,niños_9_12,media
4,3,55,1080,444,niños_9_12,media
5,3,58,1161,567,niños_9_12,media
6,3,45,1352,490,niños_9_12,media
4,4,60,1193,586,niños_9_12,media
6,3,57,1104,533,niños_9_12,media
4,5,62,1158,482,niños_9_12,media
6,3,50,1057,523,niños_9_12,media
4,5,62,1300,503,niños_9_12,media
6,4,58,1205,520,niños_9_12,media
4,3,59,1080,452,niños_9_12,media
6,5,53,1160,554,niños_9_12,media
6,5,51,1022,478,niños_9_12,media
5,5,52,1238,411,niños_9_12,media
5,5,56,1048,426,niños_9_12,media
6,5,47,1154,589,niños_9_12,media
5,2,51,1137,475,niños_9_12,media
6,5,48,1325,493,niños_9_12,media
4,5,57,1272,479,niños_9_12,media
6,3,50,1071,448,niños_9_12,media
4,3,65,1392,438,niños_9_12,media
5,3,51,1018,561,niños_9_12,media
5,4,53,1073,546,niños_9_12,media
6,5,54,1294,549,niños_9_12,media
5,4,64,1089,502,niños_9_12,media
5,5,57,1372,513,niños_9_12,media
6,4,49,1259,513,niños_9_12,media
4,2,48,1090,478,niños_9_12,media
5,2,56,1081,587,niños_9_12,media
4,2,52,1370,588,niños_9_12,media
6,3,49,1303,498,niños_9_12,media
6,5,62,1124,586,niños_9_12,media
6,3,58,1020,576,niños_9_12,media
4,3,46,1101,408,niños_9_12,media
4,2,48,1049,564,niños_9_12,media
4,2,54,1081,505,niños_9_12,media
4,2,56,1067,447,niños_9_12,media
4,2,47,1113,434,niños_9_12,media
6,3,56,1101,567,niños_9_12,media
5,3,53,1324,461,niños_9_12,media
6,3,45,1203,585,niños_9_12,media
5,3,48,1120,588,niños_9_12,media
4,4,63,1001,528,niños_9_12,media
4,3,60,1226,490,niños_9_12,media
4,3,61,1205,408,niños_9_12,media
4,2,48,1042,583,niños_9_12,media
6,3,63,1330,523,niños_9_12,media
6,4,60,1065,454,niños_9_12,media
6,5,53,1168,504,niños_9_12,media
5,4,49,1241,496,niños_9_12,media
4,5,48,1397,449,niños_9_12,media
6,2,56,1363,408,niños_9_12,media
6,4,63,1328,508,niños_9_12,media
4,5,49,1332,533,niños_9_12,media
4,2,45,1087,424,niños_9_12,media
4,4,55,1396,494,niños_9_12,media
6,4,52,1250,519,niños_9_12,media
4,2,64,1237,476,niños_9_12,media
5,2,50,1009,510,niños_9_12,media
4,5,60,1085,431,niños_9_12,media
6,2,47,1111,438,niños_9_12,media
4,3,49,1238,414,niños_9_12,media
5,3,51,1345,457,niños_9_12,media
4,2,48,1377,482,niños_9_12,media
4,4,52,1003,437,niños_9_12,media
6,2,63,1322,564,niños_9_12,media
5,5,46,1070,479,niños_9_12,media
5,4,63,1107,535,niños_9_12,media
5,3,48,1007,469,niños_9_12,media
6,4,47,1313,420,niños_9_12,media
6,4,60,1152,448,niños_9_12,media
5,4,51,1170,464,niños_9_12,media
5,5,47,1159,592,niños_9_12,media
6,2,65,1034,433,niños_9_12,media
6,4,54,1380,417,niños_9_12,media
4,5,57,1223,531,niños_9_12,media
6,4,59,1299,502,niños_9_12,media
4,4,63,1356,484,niños_9_12,media
4,4,63,1212,548,niños_9_12,media
6,5,64,1397,530,niños_9_12,media
4,2,60,1119,402,niños_9_12,media
6,3,57,1054,580,niños_9_12,media
6,2,46,1381,476,niños_9_12,media
4,2,54,1145,478,niños_9_12,media
5,2,50,1310,457,niños_9_12,media
4,5,60,1211,518,niños_9_12,media
6,5,54,1084,414,niños_9_12,media
6,2,46,1009,517,niños_9_12,media
6,4,46,1379,478,niños_9_12,media
4,5,62,1349,555,niños_9_12,media
5,2,57,1222,448,niños_9_12,media
5,5,51,1155,476,niños_9_12,media
4,4,55,1281,437,niños_9_12,media
6,4,63,1070,469,niños_9_12,media
5,5,56,1112,545,niños_9_12,media
6,2,53,1343,498,niños_9_12,media
6,4,63,1259,492,niños_9_12,media
5,4,53,1007,410,niños_9_12,media
6,3,64,1160,590,niños_9_12,media
5,2,51,1163,587,niños_9_12,media
6,3,64,1150,436,niños_9_12,media
4,3,56,1357,438,niños_9_12,media
4,3,52,1200,458,niños_9_12,media
4,4,60,1109,495,niños_9_12,media
6,4,51,1372,422,niños_9_12,media
5,3,49,1388,562,niños_9_12,media
6,2,45,1384,555,niños_9_12,media
5,3,61,1135,468,niños_9_12,media
6,5,46,1194,430,niños_9_12,media
4,3,65,1209,490,niños_9_12,media
6,2,64,1198,522,niños_9_12,media
5,4,65,1364,457,niños_9_12,media
4,4,62,1234,444,niños_9_12,media
5,2,60,1167,461,niños_9_12,media
6,5,57,1219,427,niños_9_12,media
4,2,60,1046,407,niños_9_12,media
6,3,64,1177,550,niños_9_12,media
6,2,58,1287,460,niños_9_12,media
6,2,64,1095,526,niños_9_12,media
6,3,55,1178,479,niños_9_12,media
5,2,53,1121,481,niños_9_12,media
5,5,61,1086,479,niños_9_12,media
5,2,48,1305,442,niños_9_12,media
4,5,48,1161,578,niños_9_12,media
4,3,45,1117,564,niños_9_12,media
6,3,61,1135,576,niños_9_12,media
4,3,54,1236,520,niños_9_12,media
5,2,48,1328,496,niños_9_12,media
5,3,53,1130,446,niños_9_12,media
6,5,53,1178,515,niños_9_12,media
5,4,56,1245,401,niños_9_12,media
4,3,64,1269,541,niños_9_12,media
5,5,57,1156,513,niños_9_12,media
5,2,53,1059,428,niños_9_12,media
6,5,47,1140,567,niños_9_12,media
5,2,58,1304,568,niños_9_12,media
4,2,56,1332,413,niños_9_12,media
5,5,63,1045,525,niños_9_12,media
4,4,54,1123,481,niños_9_12,media
6,5,48,1164,498,niños_9_12,media
5,3,51,1302,507,niños_9_12,media
5,5,51,1215,498,niños_9_12,media
5,3,49,1289,532,niños_9_12,media
5,3,50,1022,431,niños_9_12,media
6,2,52,1264,467,niños_9_12,media
4,4,51,1392,585,niños_9_12,media
5,5,49,1343,428,niños_9_12,media
5,4,49,1232,561,niños_9_12,media
6,5,59,1084,408,niños_9_12,media
5,4,51,1365,402,niños_9_12,media
5,3,52,1000,436,niños_9_12,media
5,3,53,1311,477,niños_9_12,media
4,4,58,1306,437,niños_9_12,media
4,2,54,1236,420,niños_9_12,media
6,2,45,1254,594,niños_9_12,media
5,4,55,1132,458,niños_9_12,media
4,4,64,1164,543,niños_9_12,media
5,4,51,1087,466,niños_9_12,media
5,2,60,1065,446,niños_9_12,media
4,3,46,1165,592,niños_9_12,media
6,5,61,1276,487,niños_9_12,media
6,2,51,1122,504,niños_9_12,media
5,4,52,1354,454,niños_9_12,media
4,4,47,1175,552,niños_9_12,media
6,2,48,1120,458,niños_9_12,media
5,2,45,1022,573,niños_9_12,media
4,4,46,1065,481,niños_9_12,media
4,4,56,1087,509,niños_9_12,media
5,5,54,1170,449,niños_9_12,media
4,2,46,1073,551,niños_9_12,media
5,5,60,1124,483,niños_9_12,media
5,3,46,1369,435,niños_9_12,media
5,3,65,1343,598,niños_9_12,media
6,3,49,1211,430,niños_9_12,media
4,4,45,1347,461,niños_9_12,media
5,5,45,1278,574,niños_9_12,media
4,4,57,1031,596,niños_9_12,media
6,2,55,1252,413,niños_9_12,media
5,2,63,1333,588,niños_9_12,media
5,4,61,1348,505,niños_9_12,media
4,4,48,1137,439,niños_9_12,media
4,4,47,1210,468,niños_9_12,media
6,4,59,1102,522,niños_9_12,media
6,5,63,1210,506,niños_9_12,media
5,2,53,1016,502,niños_9_12,media
5,4,64,1265,413,niños_9_12,media
5,2,45,1079,559,niños_9_12,media
5,2,53,1353,596,niños_9_12,media
6,2,60,1135,424,niños_9_12,media
5,3,45,1248,584,niños_9_12,media
5,3,65,1083,452,niños_9_12,media
6,5,58,1332,547,niños_9_12,media
4,3,55,1364,529,niños_9_12,media
4,2,62,1045,532,niños_9_12,media
6,5,47,1052,520,niños_9_12,media
5,5,46,1048,407,niños_9_12,media
5,4,59,1183,580,niños_9_12,media
5,3,64,1225,471,niños_9_12,media
5,2,65,1389,504,niños_9_12,media
4,4,45,1290,415,niños_9_12,media
5,2,49,1354,538,niños_9_12,media
4,3,63,1084,475,niños_9_12,media
6,4,55,1373,502,niños_9_12,media
5,2,47,1192,421,niños_9_12,media
4,5,59,1303,568,niños_9_12,media
4,3,56,1293,508,niños_9_12,media
5,3,50,1025,570,niños_9_12,media
5,2,51,1203,542,niños_9_12,media
4,4,58,1380,594,niños_9_12,media
4,2,50,1395,466,niños_9_12,media
5,4,65,1228,590,niños_9_12,media
4,5,52,1093,430,niños_9_12,media
6,3,54,1114,530,niños_9_12,media
5,3,48,1369,438,niños_9_12,media
4,5,60,1333,448,niños_9_12,media
4,2,46,1164,558,niños_9_12,media
4,2,64,1067,538,niños_9_12,media
6,2,64,1265,498,niños_9_12,media
4,4,48,1353,400,niños_9_12,media
4,3,47,1043,506,niños_9_12,media
4,3,63,1239,544,niños_9_12,media
5,3,45,1179,511,niños_9_12,media
5,5,64,1347,466,niños_9_12,media
6,5,52,1146,580,niños_9_12,media
6,4,58,1360,471,niños_9_12,media
5,3,57,1247,572,niños_9_12,media
6,5,45,1361,562,niños_9_12,media
4,3,46,1286,495,niños_9_12,media
4,5,62,1217,465,niños_9_12,media
4,4,57,1260,594,niños_9_12,media
4,4,58,1049,467,niños_9_12,media
6,5,56,1020,591,niños_9_12,media
4,4,57,1356,539,niños_9_12,media
6,2,48,1091,521,niños_9_12,media
4,3,47,1134,424,niños_9_12,media
5,3,54,1247,597,niños_9_12,media
5,2,61,1134,600,niños_9_12,media
6,3,59,1111,419,niños_9_12,media
5,2,49,1245,440,niños_9_12,media
5,2,59,1168,430,niños_9_12,media
5,4,58,1198,456,niños_9_12,media
4,3,50,1192,519,niños_9_12,media
5,3,59,1294,563,niños_9_12,media
4,3,45,1061,494,niños_9_12,media
6,4,64,1180,571,niños_9_12,media
6,5,61,1168,402,niños_9_12,media
6,3,46,1156,415,niños_9_12,media
5,3,62,1278,595,niños_9_12,media
6,3,48,1367,474,niños_9_12,media
4,5,56,1367,537,niños_9_12,media
5,3,51,1109,502,niños_9_12,media
6,2,65,1015,494,niños_9_12,media
6,5,55,1220,470,niños_9_12,media
5,5,50,1217,514,niños_9_12,media
5,5,49,1390,584,niños_9_12,media
6,5,46,1187,507,niños_9_12,media
4,3,57,1219,411,niños_9_12,media
4,3,52,1307,528,niños_9_12,media
5,3,49,1392,587,niños_9_12,media
6,2,62,1371,401,niños_9_12,media
5,4,62,1160,597,niños_9_12,media
6,4,47,1256,420,niños_9_12,media
6,3,61,1064,526,niños_9_12,media
5,2,51,1109,457,niños_9_12,media
4,5,49,1112,496,niños_9_12,media
6,3,54,1176,412,niños_9_12,media
6,5,65,1043,416,niños_9_12,media
5,3,62,1280,409,niños_9_12,media
6,2,58,1065,534,niños_9_12,media
4,3,54,1167,529,niños_9_12,media
6,3,54,1001,492,niños_9_12,media
5,3,56,1235,552,niños_9_12,media
5,2,48,1157,483,niños_9_12,media
4,4,58,1377,447,niños_9_12,media
6,3,46,1299,492,niños_9_12,media
6,3,64,1171,442,niños_9_12,media
4,2,46,1170,452,niños_9_12,media
4,4,47,1065,563,niños_9_12,media
5,3,58,1091,463,niños_9_12,media
4,2,46,1163,564,niños_9_12,media
5,3,50,1383,420,niños_9_12,media
4,5,57,1216,574,niños_9_12,media
6,2,60,1281,447,niños_9_12,media
6,4,46,1283,467,niños_9_12,media
5,4,47,1006,491,niños_9_12,media
5,2,60,1322,449,niños_9_12,media
6,3,54,1235,486,niños_9_12,media
4,4,51,1133,455,niños_9_12,media
4,4,57,1189,411,niños_9_12,media
7,1,84,782,688,niños_9_12,alta
7,1,68,727,735,niños_9_12,alta
6,2,68,968,685,niños_9_12,alta
7,2,78,686,776,niños_9_12,alta
7,1,69,865,691,niños_9_12,alta
7,2,70,978,713,niños_9_12,alta
6,2,78,955,696,niños_9_12,alta
8,2,82,994,665,niños_9_12,alta
6,1,73,755,663,niños_9_12,alta
8,2,74,748,655,niños_9_12,alta
8,1,73,629,621,niños_9_12,alta
6,1,82,656,727,niños_9_12,alta
6,1,82,1000,708,niños_9_12,alta
6,2,77,671,733,niños_9_12,alta
7,1,83,976,714,niños_9_12,alta
8,1,68,721,733,niños_9_12,alta
8,2,83,793,601,niños_9_12,alta
6,2,82,968,634,niños_9_12,alta
7,2,68,731,608,niños_9_12,alta
8,2,65,946,709,niños_9_12,alta
7,1,82,635,767,niños_9_12,alta
6,2,71,946,764,niños_9_12,alta
6,1,78,755,786,niños_9_12,alta
6,1,71,867,650,niños_9_12,alta
6,1,65,802,697,niños_9_12,alta
7,1,65,636,799,niños_9_12,alta
8,1,73,628,624,niños_9_12,alta
7,2,80,634,675,niños_9_12,alta
7,1,77,804,740,niños_9_12,alta
8,2,79,946,702,niños_9_12,alta
8,2,73,700,792,niños_9_12,alta
8,2,69,742,712,niños_9_12,alta
7,2,79,676,642,niños_9_12,alta
8,2,69,692,767,niños_9_12,alta
6,2,71,712,708,niños_9_12,alta
6,2,69,808,751,niños_9_12,alta
8,1,80,604,637,niños_9_12,alta
6,1,72,847,780,niños_9_12,alta
8,2,70,935,761,niños_9_12,alta
6,1,78,773,754,niños_9_12,alta
6,1,65,729,712,niños_9_12,alta
6,2,84,802,751,niños_9_12,alta
7,2,73,842,770,niños_9_12,alta
6,1,72,793,636,niños_9_12,alta
7,2,81,925,694,niños_9_12,alta
8,2,68,977,799,niños_9_12,alta
7,2,75,689,645,niños_9_12,alta
6,2,71,759,799,niños_9_12,alta
6,1,71,754,646,niños_9_12,alta
6,1,69,687,618,niños_9_12,alta
7,2,67,913,718,niños_9_12,alta
6,2,80,731,747,niños_9_12,alta
8,1,72,719,665,niños_9_12,alta
8,2,81,702,773,niños_9_12,alta
7,2,84,815,800,niños_9_12,alta
6,1,65,711,765,niños_9_12,alta
7,1,75,614,606,niños_9_12,alta
7,2,69,902,712,niños_9_12,alta
7,2,69,846,789,niños_9_12,alta
7,2,69,815,767,niños_9_12,alta
8,2,73,725,648,niños_9_12,alta
6,2,69,683,667,niños_9_12,alta
6,1,69,784,676,niños_9_12,alta
8,1,83,980,671,niños_9_12,alta
8,1,82,918,654,niños_9_12,alta
7,1,66,844,764,niños_9_12,alta
8,1,83,711,606,niños_9_12,alta
8,2,83,961,724,niños_9_12,alta
6,1,73,848,633,niños_9_12,alta
8,2,73,793,721,niños_9_12,alta
6,1,82,945,754,niños_9_12,alta
8,2,85,971,705,niños_9_12,alta
6,2,75,851,697,niños_9_12,alta
6,1,83,845,773,niños_9_12,alta
8,1,71,846,618,niños_9_12,alta
8,1,70,749,740,niños_9_12,alta
7,1,65,918,721,niños_9_12,alta
7,1,83,702,740,niños_9_12,alta
7,2,66,994,799,niños_9_12,alta
7,1,85,603,611,niños_9_12,alta
8,2,73,992,606,niños_9_12,alta
8,1,81,712,679,niños_9_12,alta
6,1,76,790,696,niños_9_12,alta
8,1,79,888,685,niños_9_12,alta
7,2,67,603,734,niños_9_12,alta
6,2,70,881,780,niños_9_12,alta
7,2,73,743,746,niños_9_12,alta
6,1,73,855,615,niños_9_12,alta
6,2,81,894,685,niños_9_12,alta
8,2,72,782,620,niños_9_12,alta
8,2,80,730,687,niños_9_12,alta
6,1,73,935,794,niños_9_12,alta
8,2,79,966,703,niños_9_12,alta
8,1,67,636,777,niños_9_12,alta
8,1,82,660,790,niños_9_12,alta
7,1,83,967,605,niños_9_12,alta
8,2,80,973,724,niños_9_12,alta
6,2,73,985,716,niños_9_12,alta
6,1,83,851,669,niños_9_12,alta
6,1,69,932,611,niños_9_12,alta
8,1,76,694,711,niños_9_12,alta
6,1,83,675,616,niños_9_12,alta
8,1,82,611,682,niños_9_12,alta
7,2,68,622,601,niños_9_12,alta
7,2,69,908,757,niños_9_12,alta
7,2,75,912,690,niños_9_12,alta
6,2,71,731,705,niños_9_12,alta
6,1,83,785,681,niños_9_12,alta
6,1,76,865,663,niños_9_12,alta
8,1,77,796,642,niños_9_12,alta
6,1,67,650,797,niños_9_12,alta
8,1,83,994,738,niños_9_12,alta
6,1,78,816,792,niños_9_12,alta
7,1,68,884,758,niños_9_12,alta
7,1,83,773,687,niños_9_12,alta
6,1,78,744,649,niños_9_12,alta
7,1,85,675,745,niños_9_12,alta
7,1,83,767,674,niños_9_12,alta
6,1,71,628,675,niños_9_12,alta
8,1,75,604,728,niños_9_12,alta
7,1,68,736,750,niños_9_12,alta
7,2,65,773,610,niños_9_12,alta
8,1,70,977,613,niños_9_12,alta
7,2,74,936,695,niños_9_12,alta
6,1,79,821,717,niños_9_12,alta
6,1,66,951,660,niños_9_12,alta
6,1,73,800,777,niños_9_12,alta
7,1,77,984,622,niños_9_12,alta
7,1,79,742,732,niños_9_12,alta
8,2,70,658,708,niños_9_12,alta
6,1,82,974,782,niños_9_12,alta
7,2,83,998,718,niños_9_12,alta
8,1,77,734,667,niños_9_12,alta
6,2,66,744,608,niños_9_12,alta
6,1,79,841,800,niños_9_12,alta
7,1,67,835,709,niños_9_12,alta
7,1,72,989,738,niños_9_12,alta
6,1,83,615,647,niños_9_12,alta
6,2,65,950,712,niños_9_12,alta
6,2,75,783,640,niños_9_12,alta
6,1,76,621,679,niños_9_12,alta
8,1,65,612,787,niños_9_12,alta
7,1,70,796,779,niños_9_12,alta
8,1,84,645,774,niños_9_12,alta
8,2,70,721,635,niños_9_12,alta
7,2,77,605,717,niños_9_12,alta
8,1,77,704,725,niños_9_12,alta
7,2,83,823,646,niños_9_12,alta
8,1,77,619,696,niños_9_12,alta
6,1,68,927,780,niños_9_12,alta
6,1,85,794,707,niños_9_12,alta
6,1,75,989,742,niños_9_12,alta
8,1,73,916,753,niños_9_12,alta
7,2,72,927,742,niños_9_12,alta
8,2,66,900,743,niños_9_12,alta
8,1,73,820,657,niños_9_12,alta
7,2,67,926,749,niños_9_12,alta
8,2,75,855,798,niños_9_12,alta
7,1,80,990,704,niños_9_12,alta
6,1,84,750,736,niños_9_12,alta
7,1,67,633,763,niños_9_12,alta
6,1,73,891,661,niños_9_12,alta
6,2,66,712,686,niños_9_12,alta
6,1,80,696,780,niños_9_12,alta
6,1,77,648,773,niños_9_12,alta
7,1,69,770,726,niños_9_12,alta
8,2,69,621,617,niños_9_12,alta
8,1,84,984,681,niños_9_12,alta
6,2,74,960,776,niños_9_12,alta
8,2,69,831,792,niños_9_12,alta
7,1,83,969,665,niños_9_12,alta
8,2,80,654,781,niños_9_12,alta
7,2,71,797,605,niños_9_12,alta
8,1,68,796,674,niños_9_12,alta
7,1,73,779,704,niños_9_12,alta
6,2,67,923,787,niños_9_12,alta
6,1,85,605,676,niños_9_12,alta
7,2,72,876,717,niños_9_12,alta
8,1,72,758,672,niños_9_12,alta
6,1,84,709,627,niños_9_12,alta
7,2,68,912,699,niños_9_12,alta
7,2,69,758,648,niños_9_12,alta
7,2,70,968,602,niños_9_12,alta
8,2,69,779,778,niños_9_12,alta
7,1,72,858,785,niños_9_12,alta
7,2,84,870,739,niños_9_12,alta
8,1,83,683,766,niños_9_12,alta
8,2,74,849,733,niños_9_12,alta
7,2,79,824,683,niños_9_12,alta
6,2,67,742,712,niños_9_12,alta
6,2,74,767,642,niños_9_12,alta
7,2,70,983,724,niños_9_12,alta
7,2,81,843,778,niños_9_12,alta
6,2,68,997,602,niños_9_12,alta
6,2,81,723,799,niños_9_12,alta
6,2,68,951,732,niños_9_12,alta
7,2,84,670,600,niños_9_12,alta
7,1,68,819,631,niños_9_12,alta
6,1,76,744,661,niños_9_12,alta
8,1,67,849,654,niños_9_12,alta
7,2,68,637,645,niños_9_12,alta
6,1,82,814,661,niños_9_12,alta
6,1,65,860,786,niños_9_12,alta
6,1,74,925,792,niños_9_12,alta
7,2,71,904,784,niños_9_12,alta
6,1,85,799,646,niños_9_12,alta
7,2,70,788,782,niños_9_12,alta
7,2,82,857,662,niños_9_12,alta
8,1,70,894,791,niños_9_12,alta
7,1,78,864,745,niños_9_12,alta
6,2,69,903,655,niños_9_12,alta
7,2,65,608,619,niños_9_12,alta
8,1,66,996,733,niños_9_12,alta
6,2,81,638,757,niños_9_12,alta
7,2,75,724,682,niños_9_12,alta
7,1,77,705,689,niños_9_12,alta
8,1,75,977,657,niños_9_12,alta
8,2,79,683,665,niños_9_12,alta
8,2,75,885,761,niños_9_12,alta
7,1,65,840,614,niños_9_12,alta
6,2,73,698,616,niños_9_12,alta
7,2,65,927,624,niños_9_12,alta
7,1,73,759,750,niños_9_12,alta
8,2,67,718,714,niños_9_12,alta
7,2,74,728,639,niños_9_12,alta
8,2,77,990,739,niños_9_12,alta
6,1,74,653,686,niños_9_12,alta
8,2,76,994,764,niños_9_12,alta
8,2,83,988,793,niños_9_12,alta
7,2,75,675,691,niños_9_12,alta
8,1,80,659,657,niños_9_12,alta
6,1,68,659,712,niños_9_12,alta
7,2,69,641,618,niños_9_12,alta
8,2,73,608,704,niños_9_12,alta
7,2,71,913,770,niños_9_12,alta
6,1,73,851,614,niños_9_12,alta
7,1,79,654,710,niños_9_12,alta
8,1,71,801,763,niños_9_12,alta
8,1,78,887,716,niños_9_12,alta
7,2,79,641,736,niños_9_12,alta
7,1,67,837,656,niños_9_12,alta
8,2,76,923,752,niños_9_12,alta
6,1,79,743,665,niños_9_12,alta
8,2,68,1000,612,niños_9_12,alta
8,1,81,685,722,niños_9_12,alta
7,2,83,929,652,niños_9_12,alta
6,2,82,683,800,niños_9_12,alta
6,1,84,835,634,niños_9_12,alta
8,2,66,745,628,niños_9_12,alta
8,2,78,749,754,niños_9_12,alta
6,2,83,705,735,niños_9_12,alta
6,2,66,602,652,niños_9_12,alta
6,1,72,941,680,niños_9_12,alta
8,1,83,769,734,niños_9_12,alta
7,1,83,831,762,niños_9_12,alta
8,2,79,605,758,niños_9_12,alta
8,2,76,797,638,niños_9_12,alta
6,2,84,882,735,niños_9_12,alta
7,1,81,817,744,niños_9_12,alta
7,2,68,824,782,niños_9_12,alta
8,1,73,696,653,niños_9_12,alta
8,1,68,724,798,niños_9_12,alta
7,1,77,876,611,niños_9_12,alta
8,1,78,971,713,niños_9_12,alta
7,1,75,737,633,niños_9_12,alta
6,1,84,853,675,niños_9_12,alta
8,2,83,990,799,niños_9_12,alta
8,2,69,661,746,niños_9_12,alta
6,2,78,848,754,niños_9_12,alta
7,1,69,690,776,niños_9_12,alta
6,2,85,867,794,niños_9_12,alta
6,1,82,957,648,niños_9_12,alta
8,2,70,926,647,niños_9_12,alta
6,1,77,890,656,niños_9_12,alta
7,2,75,927,636,niños_9_12,alta
7,2,69,997,794,niños_9_12,alta
7,1,71,934,612,niños_9_12,alta
6,1,73,756,670,niños_9_12,alta
8,2,69,621,689,niños_9_12,alta
6,2,77,939,651,niños_9_12,alta
8,1,75,656,701,niños_9_12,alta
7,2,74,935,667,niños_9_12,alta
6,2,65,849,729,niños_9_12,alta
8,2,85,649,663,niños_9_12,alta
7,1,72,635,617,niños_9_12,alta
8,2,80,863,776,niños_9_12,alta
7,2,72,766,690,niños_9_12,alta
8,2,76,815,788,niños_9_12,alta
6,2,81,947,766,niños_9_12,alta
6,1,79,866,701,niños_9_12,alta
8,2,73,829,603,niños_9_12,alta
6,1,68,922,770,niños_9_12,alta
7,2,66,857,758,niños_9_12,alta
6,1,85,604,637,niños_9_12,alta
7,1,67,972,686,niños_9_12,alta
7,1,75,797,633,niños_9_12,alta
6,2,78,931,677,niños_9_12,alta
6,1,70,704,714,niños_9_12,alta
7,2,81,698,781,niños_9_12,alta
8,2,73,864,747,niños_9_12,alta
6,1,81,846,782,niños_9_12,alta
7,1,80,683,683,niños_9_12,alta
7,2,68,949,711,niños_9_12,alta
6,1,65,962,616,niños_9_12,alta
6,2,83,966,637,niños_9_12,alta
6,2,73,876,693,niños_9_12,alta
8,1,80,669,669,niños_9_12,alta
7,1,73,866,604,niños_9_12,alta
8,1,81,939,732,niños_9_12,alta
8,2,84,768,600,niños_9_12,alta
6,2,78,686,664,niños_9_12,alta
6,1,84,860,722,niños_9_12,alta
6,2,80,948,636,niños_9_12,alta
8,1,82,690,755,niños_9_12,alta
6,1,83,741,758,niños_9_12,alta
7,1,67,735,621,niños_9_12,alta
7,2,74,670,744,niños_9_12,alta
7,2,67,688,628,niños_9_12,alta
6,2,66,645,757,niños_9_12,alta
8,2,81,692,646,niños_9_12,alta
6,2,75,791,614,niños_9_12,alta
8,2,74,689,720,niños_9_12,alta
7,1,71,791,706,niños_9_12,alta
6,2,65,701,648,niños_9_12,alta
6,1,79,719,628,niños_9_12,alta
7,2,70,712,796,niños_9_12,alta
6,1,74,777,733,niños_9_12,alta
7,1,81,748,786,niños_9_12,alta
7,1,68,856,705,niños_9_12,alta
6,2,83,851,785,niños_9_12,alta
6,2,80,993,769,niños_9_12,alta
8,2,84,726,608,niños_9_12,alta
8,2,67,828,600,niños_9_12,alta
6,2,80,827,687,niños_9_12,alta
7,1,78,915,774,niños_9_12,alta
8,1,65,690,617,niños_9_12,alta
7,2,78,629,724,niños_9_12,alta
7,1,71,818,708,niños_9_12,alta
8,2,82,958,785,niños_9_12,alta
6,2,66,803,750,niños_9_12,alta
8,2,76,913,695,niños_9_12,alta
6,2,66,882,766,niños_9_12,alta
6,2,82,615,748,niños_9_12,alta
8,2,85,941,627,niños_9_12,alta
6,2,70,956,625,niños_9_12,alta
6,1,67,663,709,niños_9_12,alta
7,1,73,624,757,niños_9_12,alta
6,2,78,780,710,niños_9_12,alta
8,1,74,906,706,niños_9_12,alta
7,2,65,820,624,niños_9_12,alta
6,1,65,957,721,niños_9_12,alta
8,2,84,645,684,niños_9_12,alta
7,1,76,739,732,niños_9_12,alta
6,2,85,744,624,niños_9_12,alta
6,2,69,987,729,niños_9_12,alta
8,2,76,716,741,niños_9_12,alta
7,2,70,604,739,niños_9_12,alta
8,1,78,746,777,niños_9_12,alta
8,2,77,877,707,niños_9_12,alta
8,1,70,869,602,niños_9_12,alta
8,2,67,863,622,niños_9_12,alta
6,1,70,755,769,niños_9_12,alta
7,2,79,602,716,niños_9_12,alta
6,1,69,971,605,niños_9_12,alta
6,2,68,647,630,niños_9_12,alta
8,2,76,883,671,niños_9_12,alta
7,1,83,756,675,niños_9_12,alta
8,1,78,891,726,niños_9_12,alta
8,2,80,767,642,niños_9_12,alta
6,2,83,907,612,niños_9_12,alta
6,1,66,915,704,niños_9_12,alta
6,2,68,822,721,niños_9_12,alta
8,2,77,881,728,niños_9_12,alta
6,1,80,900,681,niños_9_12,alta
8,1,77,734,689,niños_9_12,alta
8,1,81,903,675,niños_9_12,alta
6,2,80,919,752,niños_9_12,alta
6,1,76,911,604,niños_9_12,alta
6,2,70,887,605,niños_9_12,alta
6,2,81,956,685,niños_9_12,alta
6,1,70,924,636,niños_9_12,alta
7,2,76,955,697,niños_9_12,alta
7,1,85,675,613,niños_9_12,alta
7,1,69,762,725,niños_9_12,alta
7,2,68,782,651,niños_9_12,alta
8,2,85,898,730,niños_9_12,alta
7,1,80,653,645,niños_9_12,alta
8,2,81,726,672,niños_9_12,alta
6,1,75,808,614,niños_9_12,alta
7,2,76,783,726,niños_9_12,alta
6,2,72,632,611,niños_9_12,alta
8,2,76,913,730,niños_9_12,alta
8,1,71,702,792,niños_9_12,alta
8,1,65,751,675,niños_9_12,alta
7,2,80,997,782,niños_9_12,alta
7,1,65,734,722,niños_9_12,alta
7,1,69,817,761,niños_9_12,alta
6,1,81,935,636,niños_9_12,alta
7,2,77,951,735,niños_9_12,alta
7,2,74,633,689,niños_9_12,alta
7,2,66,912,725,niños_9_12,alta
8,1,81,610,748,niños_9_12,alta
6,1,81,611,692,niños_9_12,alta
7,2,66,828,621,niños_9_12,alta
6,2,68,783,701,niños_9_12,alta
6,1,77,847,717,niños_9_12,alta
7,1,67,712,683,niños_9_12,alta
6,2,70,965,602,niños_9_12,alta
7,2,76,774,630,niños_9_12,alta
6,1,75,935,751,niños_9_12,alta
8,2,82,744,608,niños_9_12,alta
8,2,65,768,744,niños_9_12,alta
6,1,74,718,769,niños_9_12,alta
7,2,77,812,725,niños_9_12,alta
6,1,85,892,749,niños_9_12,alta
6,2,71,695,762,niños_9_12,alta
6,2,70,631,663,niños_9_12,alta
7,1,72,640,739,niños_9_12,alta
7,1,84,794,755,niños_9_12,alta
8,2,77,616,642,niños_9_12,alta
8,1,85,993,697,niños_9_12,alta
7,1,81,691,729,niños_9_12,alta
7,2,85,810,689,niños_9_12,alta
8,2,78,877,745,niños_9_12,alta
6,1,75,718,736,niños_9_12,alta
8,1,72,617,775,niños_9_12,alta
8,1,74,685,795,niños_9_12,alta
6,2,79,744,783,niños_9_12,alta
8,1,85,723,659,niños_9_12,alta
8,1,85,901,738,niños_9_12,alta
8,2,85,857,744,niños_9_12,alta
7,2,71,911,657,niños_9_12,alta
8,2,85,808,707,niños_9_12,alta
8,2,76,954,676,niños_9_12,alta
8,2,82,636,652,niños_9_12,alta
6,1,66,819,632,niños_9_12,alta
7,2,79,930,724,niños_9_12,alta
8,2,72,681,681,niños_9_12,alta
6,1,78,985,704,niños_9_12,alta
8,1,71,745,631,niños_9_12,alta
8,1,70,815,630,niños_9_12,alta
7,2,84,794,788,niños_9_12,alta
7,1,66,793,737,niños_9_12,alta
8,2,74,896,800,niños_9_12,alta
6,1,83,930,625,niños_9_12,alta
8,2,66,644,617,niños_9_12,alta
6,2,69,987,679,niños_9_12,alta
7,1,77,763,602,niños_9_12,alta
7,1,74,739,688,niños_9_12,alta
8,1,79,810,693,niños_9_12,alta
7,1,68,772,683,niños_9_12,alta
8,2,67,649,673,niños_9_12,alta
6,2,76,899,770,niños_9_12,alta
6,2,72,671,626,niños_9_12,alta
6,1,74,655,611,niños_9_12,alta
8,1,83,726,782,niños_9_12,alta
7,1,76,873,624,niños_9_12,alta
8,2,71,640,770,niños_9_12,alta
6,1,75,834,732,niños_9_12,alta
7,2,71,642,712,niños_9_12,alta
7,2,84,740,621,niños_9_12,alta
6,1,69,959,720,niños_9_12,alta
7,1,76,602,724,niños_9_12,alta
6,2,65,850,773,niños_9_12,alta
7,2,83,708,752,niños_9_12,alta
8,1,71,702,735,niños_9_12,alta
7,2,66,891,665,niños_9_12,alta
6,2,85,980,792,niños_9_12,alta
6,1,76,669,693,niños_9_12,alta
8,2,68,996,623,niños_9_12,alta
8,2,73,816,646,niños_9_12,alta
6,1,67,655,617,niños_9_12,alta
6,2,74,681,780,niños_9_12,alta
7,2,85,943,714,niños_9_12,alta
7,2,73,733,638,niños_9_12,alta
6,2,72,685,713,niños_9_12,alta
6,1,68,606,671,niños_9_12,alta
8,1,73,892,690,niños_9_12,alta
8,1,83,666,660,niños_9_12,alta
7,2,67,949,754,niños_9_12,alta
8,2,77,837,639,niños_9_12,alta
7,2,84,944,642,niños_9_12,alta
8,1,80,750,711,niños_9_12,alta
6,1,77,982,700,niños_9_12,alta
8,2,84,962,633,niños_9_12,alta
8,2,65,926,770,niños_9_12,alta
6,2,81,947,752,niños_9_12,alta
6,1,78,884,744,niños_9_12,alta
8,2,67,880,662,niños_9_12,alta
7,2,66,756,768,niños_9_12,alta
8,1,73,611,740,niños_9_12,alta
7,2,82,830,683,niños_9_12,alta
7,2,76,969,797,niños_9_12,alta
6,2,83,651,794,niños_9_12,alta
6,2,75,988,670,niños_9_12,alta
6,2,65,644,729,niños_9_12,alta
8,2,68,746,790,niños_9_12,alta
7,1,77,829,634,niños_9_12,alta
8,1,81,842,654,niños_9_12,alta
6,1,78,698,704,niños_9_12,alta
8,1,77,819,650,niños_9_12,alta
8,2,76,913,681,niños_9_12,alta
7,2,83,929,784,niños_9_12,alta
6,2,77,722,724,niños_9_12,alta
6,2,67,974,675,niños_9_12,alta
7,2,72,633,611,niños_9_12,alta
7,2,81,655,782,niños_9_12,alta
7,2,81,934,621,niños_9_12,alta
6,2,66,744,638,niños_9_12,alta
7,1,82,788,675,niños_9_12,alta
8,1,82,996,697,niños_9_12,alta
7,1,67,628,769,niños_9_12,alta
8,1,66,681,654,niños_9_12,alta
6,1,79,788,636,niños_9_12,alta
7,1,65,662,676,niños_9_12,alta
7,2,70,892,735,niños_9_12,alta
7,1,71,698,685,niños_9_12,alta
8,1,73,672,635,niños_9_12,alta
7,2,71,640,725,niños_9_12,alta
8,2,84,726,714,niños_9_12,alta
6,1,71,643,717,niños_9_12,alta
8,2,76,749,636,niños_9_12,alta
6,1,73,970,676,niños_9_12,alta
7,2,65,627,705,niños_9_12,alta
6,1,78,969,714,niños_9_12,alta
7,2,74,799,629,niños_9_12,alta
7,1,82,946,712,niños_9_12,alta
6,1,84,733,688,niños_9_12,alta
6,2,68,737,653,niños_9_12,alta
7,1,65,838,707,niños_9_12,alta
6,1,79,795,778,niños_9_12,alta
8,2,68,635,677,niños_9_12,alta
8,2,70,633,716,niños_9_12,alta
8,2,66,896,798,niños_9_12,alta
8,1,77,688,791,niños_9_12,alta
8,1,72,644,796,niños_9_12,alta
6,2,74,721,794,niños_9_12,alta
6,2,81,818,687,niños_9_12,alta
6,1,71,829,656,niños_9_12,alta
7,1,83,794,632,niños_9_12,alta
7,1,74,940,637,niños_9_12,alta
7,1,67,638,618,niños_9_12,alta
8,2,85,799,736,niños_9_12,alta
8,2,70,994,774,niños_9_12,alta
6,2,66,924,699,niños_9_12,alta
6,2,69,815,676,niños_9_12,alta
8,2,70,936,688,niños_9_12,alta
8,1,71,901,702,niños_9_12,alta
8,2,72,796,696,niños_9_12,alta
8,2,77,924,660,niños_9_12,alta
7,1,79,662,797,niños_9_12,alta
7,1,83,632,755,niños_9_12,alta
8,2,81,888,719,niños_9_12,alta
6,2,81,764,778,niños_9_12,alta
7,2,71,837,730,niños_9_12,alta
6,2,83,907,668,niños_9_12,alta
7,1,66,775,772,niños_9_12,alta
6,1,76,813,737,niños_9_12,alta
8,2,75,862,645,niños_9_12,alta
6,1,70,699,793,niños_9_12,alta
6,2,75,750,757,niños_9_12,alta
7,1,70,871,606,niños_9_12,alta
6,2,78,723,715,niños_9_12,alta
6,2,70,654,685,niños_9_12,alta
8,2,81,630,632,niños_9_12,alta
7,2,65,754,649,niños_9_12,alta
6,1,78,977,638,niños_9_12,alta
6,2,79,702,799,niños_9_12,alta
8,1,79,866,762,niños_9_12,alta
8,2,79,788,661,niños_9_12,alta
7,2,81,730,782,niños_9_12,alta
7,2,67,612,603,niños_9_12,alta
6,2,79,886,755,niños_9_12,alta
6,2,74,660,702,niños_9_12,alta
7,2,75,898,688,niños_9_12,alta
8,1,84,735,600,niños_9_12,alta
8,2,68,806,603,niños_9_12,alta
6,2,66,913,738,niños_9_12,alta
7,1,74,741,706,niños_9_12,alta
6,2,77,605,613,niños_9_12,alta
6,2,80,886,704,niños_9_12,alta
7,2,81,870,689,niños_9_12,alta
7,1,81,734,671,niños_9_12,alta
6,1,72,865,676,niños_9_12,alta
8,2,84,751,620,niños_9_12,alta
7,1,67,952,650,niños_9_12,alta
6,1,72,983,753,niños_9_12,alta
8,1,81,817,757,niños_9_12,alta
8,1,77,623,795,niños_9_12,alta
7,1,75,651,800,niños_9_12,alta
6,1,75,976,639,niños_9_12,alta
8,1,67,649,799,niños_9_12,alta
8,2,69,923,707,niños_9_12,alta
6,2,80,809,741,niños_9_12,alta
6,2,82,658,617,niños_9_12,alta
8,1,79,616,720,niños_9_12,alta
7,2,66,711,755,niños_9_12,alta
8,2,75,749,795,niños_9_12,alta
7,2,69,964,614,niños_9_12,alta
7,2,65,628,674,niños_9_12,alta
7,1,67,649,704,niños_9_12,alta
8,1,81,959,735,niños_9_12,alta
7,1,68,807,617,niños_9_12,alta
6,2,73,682,676,niños_9_12,alta
7,1,68,739,699,niños_9_12,alta
8,2,71,729,763,niños_9_12,alta
6,2,75,695,678,niños_9_12,alta
8,2,75,616,715,niños_9_12,alta
7,1,81,612,637,niños_9_12,alta
7,2,72,994,665,niños_9_12,alta
7,2,77,891,612,niños_9_12,alta
7,2,70,841,640,niños_9_12,alta
7,1,78,790,721,niños_9_12,alta
6,2,66,823,729,niños_9_12,alta
7,2,70,971,744,niños_9_12,alta
8,1,82,722,655,niños_9_12,alta
6,1,76,825,762,niños_9_12,alta
7,2,80,743,777,niños_9_12,alta
8,2,69,968,752,niños_9_12,alta
8,1,68,900,644,niños_9_12,alta
6,2,85,744,698,niños_9_12,alta
6,2,74,638,638,niños_9_12,alta
6,1,77,638,646,niños_9_12,alta
6,1,65,800,777,niños_9_12,alta
8,1,77,877,786,niños_9_12,alta
7,1,68,860,644,niños_9_12,alta
6,2,68,950,600,niños_9_12,alta
8,2,70,961,769,niños_9_12,alta
7,2,84,903,696,niños_9_12,alta
7,1,75,990,690,niños_9_12,alta
6,1,81,661,749,niños_9_12,alta
7,2,74,673,774,niños_9_12,alta
8,2,67,797,773,niños_9_12,alta
8,2,80,716,727,niños_9_12,alta
8,1,84,881,797,niños_9_12,alta
8,2,85,859,752,niños_9_12,alta
6,1,81,619,768,niños_9_12,alta
7,2,74,944,647,niños_9_12,alta
7,2,72,947,619,niños_9_12,alta
6,1,70,725,670,niños_9_12,alta
7,2,84,853,614,niños_9_12,alta
8,1,80,847,623,niños_9_12,alta
6,2,72,650,606,niños_9_12,alta
8,1,85,856,697,niños_9_12,alta
6,2,68,980,600,niños_9_12,alta
7,2,77,911,762,niños_9_12,alta
6,1,77,684,667,niños_9_12,alta
6,1,72,921,697,niños_9_12,alta
6,2,72,639,710,niños_9_12,alta
8,2,66,879,746,niños_9_12,alta
8,2,80,877,683,niños_9_12,alta
7,1,65,744,661,niños_9_12,alta
8,1,79,896,601,niños_9_12,alta
8,2,71,884,769,niños_9_12,alta
7,1,74,979,632,niños_9_12,alta
7,1,82,960,613,niños_9_12,alta
6,1,75,988,664,niños_9_12,alta
6,2,74,754,704,niños_9_12,alta
7,2,70,949,610,niños_9_12,alta
6,1,70,673,782,niños_9_12,alta
6,1,67,828,651,niños_9_12,alta
6,1,82,610,737,niños_9_12,alta
6,1,83,856,608,niños_9_12,alta
7,1,82,961,618,niños_9_12,alta
6,2,80,748,623,niños_9_12,alta
7,2,82,628,649,niños_9_12,alta
8,2,80,650,675,niños_9_12,alta
6,2,68,641,755,niños_9_12,alta
6,1,78,804,684,niños_9_12,alta
6,1,80,663,733,niños_9_12,alta
7,2,66,720,668,niños_9_12,alta
6,1,66,646,764,niños_9_12,alta
6,1,82,963,800,niños_9_12,alta
8,2,66,994,640,niños_9_12,alta
8,2,82,679,675,niños_9_12,alta
6,2,85,659,738,niños_9_12,alta
8,2,82,626,616,niños_9_12,alta
7,1,81,963,699,niños_9_12,alta
8,2,85,716,630,niños_9_12,alta
8,1,77,979,791,niños_9_12,alta
6,2,69,797,741,niños_9_12,alta
7,2,78,794,757,niños_9_12,alta
6,1,83,764,790,niños_9_12,alta
8,2,80,732,621,niños_9_12,alta
6,1,81,603,638,niños_9_12,alta
6,1,66,807,702,niños_9_12,alta
7,2,80,784,682,niños_9_12,alta
7,1,85,763,705,niños_9_12,alta
7,2,65,846,704,niños_9_12,alta
7,1,75,831,642,niños_9_12,alta
8,1,70,920,759,niños_9_12,alta
6,2,78,916,775,niños_9_12,alta
8,2,72,917,705,niños_9_12,alta
6,2,76,842,712,niños_9_12,alta
8,1,75,757,624,niños_9_12,alta
6,2,80,700,631,niños_9_12,alta
7,1,70,658,642,niños_9_12,alta
7,2,70,661,723,niños_9_12,alta
6,2,75,708,746,niños_9_12,alta
7,2,83,606,791,niños_9_12,alta
8,2,72,605,737,niños_9_12,alta
6,1,76,960,763,niños_9_12,alta
8,1,72,978,656,niños_9_12,alta
7,1,73,691,677,niños_9_12,alta
7,2,85,923,741,niños_9_12,alta
8,2,78,771,604,niños_9_12,alta
7,2,77,875,703,niños_9_12,alta
6,1,67,800,621,niños_9_12,alta
6,1,83,669,757,niños_9_12,alta
6,1,70,914,706,niños_9_12,alta
8,2,68,934,684,niños_9_12,alta
8,1,69,693,797,niños_9_12,alta
6,1,81,645,647,niños_9_12,alta
7,2,84,865,695,niños_9_12,alta
8,1,85,901,646,niños_9_12,alta
7,2,65,792,733,niños_9_12,alta
6,1,67,614,685,niños_9_12,alta
8,1,80,667,643,niños_9_12,alta
6,2,72,959,781,niños_9_12,alta
8,2,74,894,732,niños_9_12,alta
6,1,78,696,660,niños_9_12,alta
6,1,69,705,600,niños_9_12,alta
7,1,73,672,686,niños_9_12,alta
7,1,70,880,698,niños_9_12,alta
6,1,66,697,794,niños_9_12,alta
6,1,69,730,613,niños_9_12,alta
7,1,65,961,706,niños_9_12,alta
7,2,73,720,736,niños_9_12,alta
7,2,70,669,657,niños_9_12,alta
8,2,74,922,611,niños_9_12,alta
6,1,82,851,624,niños_9_12,alta
8,1,75,867,613,niños_9_12,alta
8,2,70,913,727,niños_9_12,alta
8,2,76,635,627,niños_9_12,alta
7,1,67,606,729,niños_9_12,alta
8,1,72,817,709,niños_9_12,alta
8,2,67,674,766,niños_9_12,alta
6,2,80,675,799,niños_9_12,alta
8,2,65,737,731,niños_9_12,alta
7,2,84,731,674,niños_9_12,alta
8,1,77,698,623,niños_9_12,alta
6,1,71,907,749,niños_9_12,alta
7,2,85,621,757,niños_9_12,alta
8,2,68,733,797,niños_9_12,alta
8,2,65,842,782,niños_9_12,alta
8,1,85,750,669,niños_9_12,alta
8,2,71,835,716,niños_9_12,alta
7,1,78,959,606,niños_9_12,alta
7,1,79,730,676,niños_9_12,alta
7,1,77,651,665,niños_9_12,alta
8,2,71,729,773,niños_9_12,alta
7,2,84,881,617,niños_9_12,alta
8,1,84,835,620,niños_9_12,alta
6,1,69,756,745,niños_9_12,alta
8,2,65,943,791,niños_9_12,alta
7,2,85,794,755,niños_9_12,alta
6,1,67,607,672,niños_9_12,alta
6,2,74,999,600,niños_9_12,alta
8,2,68,890,690,niños_9_12,alta
7,1,80,837,634,niños_9_12,alta
7,2,67,658,659,niños_9_12,alta
7,1,85,905,761,niños_9_12,alta
7,1,78,797,786,niños_9_12,alta
8,1,76,976,681,niños_9_12,alta
8,1,83,997,677,niños_9_12,alta
6,1,71,936,720,niños_9_12,alta
7,2,82,986,714,niños_9_12,alta
8,2,85,921,617,niños_9_12,alta
8,2,73,714,651,niños_9_12,alta
6,1,68,829,655,niños_9_12,alta
7,1,72,673,674,niños_9_12,alta
7,2,68,704,781,niños_9_12,alta
8,1,66,716,799,niños_9_12,alta
6,2,78,962,764,niños_9_12,alta
7,2,81,730,693,niños_9_12,alta
6,1,68,922,650,niños_9_12,alta
8,2,85,939,646,niños_9_12,alta
7,1,76,807,656,niños_9_12,alta
8,1,70,967,782,niños_9_12,alta
8,2,84,818,724,niños_9_12,alta
8,2,67,716,712,niños_9_12,alta
8,2,80,834,623,niños_9_12,alta
6,1,76,902,687,niños_9_12,alta
8,1,82,802,671,niños_9_12,alta
6,1,80,666,614,niños_9_12,alta
6,1,75,616,632,niños_9_12,alta
8,2,82,990,738,niños_9_12,alta
8,1,82,758,614,niños_9_12,alta
8,2,79,992,759,niños_9_12,alta
7,1,74,618,673,niños_9_12,alta
8,1,70,735,715,niños_9_12,alta
8,2,79,711,780,niños_9_12,alta
6,1,77,952,641,niños_9_12,alta
6,1,79,903,767,niños_9_12,alta
8,2,66,807,632,niños_9_12,alta
7,2,65,786,693,niños_9_12,alta
7,2,65,960,691,niños_9_12,alta
8,1,75,892,706,niños_9_12,alta
6,1,82,682,759,niños_9_12,alta
7,2,79,714,601,niños_9_12,alta
6,2,79,866,783,niños_9_12,alta
7,1,77,920,645,niños_9_12,alta
7,1,84,762,746,niños_9_12,alta
6,2,80,814,741,niños_9_12,alta
6,1,81,747,682,niños_9_12,alta
7,2,67,808,739,niños_9_12,alta
8,1,69,786,709,niños_9_12,alta
7,1,79,644,724,niños_9_12,alta
7,1,75,704,681,niños_9_12,alta
8,1,76,645,671,niños_9_12,alta
8,1,79,710,625,niños_9_12,alta
7,2,80,884,786,niños_9_12,alta
7,2,66,739,662,niños_9_12,alta
7,1,70,920,631,niños_9_12,alta
6,1,77,612,655,niños_9_12,alta
7,1,66,641,622,niños_9_12,alta
6,1,67,818,682,niños_9_12,alta
8,1,68,851,763,niños_9_12,alta
8,1,72,774,704,niños_9_12,alta
7,1,78,668,654,niños_9_12,alta
6,1,68,789,629,niños_9_12,alta
6,1,74,942,663,niños_9_12,alta
6,1,65,634,641,niños_9_12,alta
8,2,79,825,706,niños_9_12,alta
8,2,66,982,676,niños_9_12,alta
7,1,78,811,794,niños_9_12,alta
6,1,75,696,613,niños_9_12,alta
7,1,78,710,620,niños_9_12,alta
6,1,70,652,637,niños_9_12,alta
7,2,79,842,672,niños_9_12,alta
8,1,72,886,726,niños_9_12,alta
6,2,82,610,746,niños_9_12,alta
8,1,83,935,614,niños_9_12,alta
6,2,85,923,691,niños_9_12,alta
8,1,71,679,755,niños_9_12,alta
6,1,84,729,601,niños_9_12,alta
8,1,85,790,714,niños_9_12,alta
7,1,69,755,782,niños_9_12,alta
8,1,73,817,618,niños_9_12,alta
6,1,77,853,689,niños_9_12,alta
7,1,85,853,674,niños_9_12,alta
6,1,80,886,699,niños_9_12,alta
8,1,74,809,752,niños_9_12,alta
8,2,75,658,728,niños_9_12,alta
6,2,85,935,732,niños_9_12,alta
7,1,79,949,674,niños_9_12,alta
6,2,70,720,689,niños_9_12,alta
7,1,67,648,713,niños_9_12,alta
8,1,65,837,651,niños_9_12,alta
7,1,77,903,666,niños_9_12,alta
8,2,79,889,684,niños_9_12,alta
8,2,84,977,724,niños_9_12,alta
6,2,84,733,760,niños_9_12,alta
8,1,67,817,670,niños_9_12,alta
8,2,83,941,654,niños_9_12,alta
8,1,75,830,753,niños_9_12,alta
8,2,68,910,645,niños_9_12,alta
7,2,72,633,788,niños_9_12,alta
8,2,69,644,704,niños_9_12,alta
7,2,66,811,626,niños_9_12,alta
8,1,80,635,702,niños_9_12,alta
7,2,67,902,667,niños_9_12,alta
7,2,72,962,789,niños_9_12,alta
7,1,82,982,729,niños_9_12,alta
6,1,66,810,725,niños_9_12,alta
7,1,69,985,653,niños_9_12,alta
8,2,83,639,772,niños_9_12,alta
8,2,70,938,713,niños_9_12,alta
7,1,81,702,766,niños_9_12,alta
7,1,68,927,757,niños_9_12,alta
7,2,73,812,717,niños_9_12,alta
7,1,84,851,746,niños_9_12,alta
6,2,70,919,763,niños_9_12,alta
6,1,84,853,626,niños_9_12,alta
6,2,85,622,782,niños_9_12,alta
7,2,69,783,771,niños_9_12,alta
8,2,84,669,612,niños_9_12,alta
6,2,67,721,700,niños_9_12,alta
7,1,77,1000,665,niños_9_12,alta
7,2,77,684,756,niños_9_12,alta
6,2,70,850,645,niños_9_12,alta
7,2,66,989,775,niños_9_12,alta
6,1,80,876,709,niños_9_12,alta
7,2,85,682,763,niños_9_12,alta
6,1,82,989,657,niños_9_12,alta
7,2,67,657,661,niños_9_12,alta
7,1,79,712,776,niños_9_12,alta
6,2,68,857,749,niños_9_12,alta
8,1,66,863,673,niños_9_12,alta
7,2,66,767,656,niños_9_12,alta
8,2,76,732,742,niños_9_12,alta
8,2,69,830,698,niños_9_12,alta
7,1,77,763,673,niños_9_12,alta
7,2,65,676,720,niños_9_12,alta
7,2,81,877,744,niños_9_12,alta
6,2,75,770,781,niños_9_12,alta
6,2,65,910,668,niños_9_12,alta
6,1,66,676,768,niños_9_12,alta
6,1,65,641,652,niños_9_12,alta
6,2,74,804,666,niños_9_12,alta
6,1,69,701,797,niños_9_12,alta
8,2,79,661,627,niños_9_12,alta
8,1,67,906,772,niños_9_12,alta
7,1,73,661,752,niños_9_12,alta
6,2,75,868,735,niños_9_12,alta
8,1,84,612,670,niños_9_12,alta
8,2,70,830,788,niños_9_12,alta
8,1,84,945,611,niños_9_12,alta
6,1,76,740,693,niños_9_12,alta
6,1,77,1000,605,niños_9_12,alta
7,2,69,807,738,niños_9_12,alta
7,1,65,842,604,niños_9_12,alta
6,1,82,859,754,niños_9_12,alta
6,1,76,926,621,niños_9_12,alta
6,1,76,815,709,niños_9_12,alta
6,1,82,830,791,niños_9_12,alta
8,1,75,785,652,niños_9_12,alta
8,1,84,932,675,niños_9_12,alta
7,2,72,661,789,niños_9_12,alta
7,2,78,620,658,niños_9_12,alta
7,2,68,747,647,niños_9_12,alta
7,1,65,897,712,niños_9_12,alta
7,1,66,649,724,niños_9_12,alta
8,2,85,780,710,niños_9_12,alta
8,1,65,959,740,niños_9_12,alta
7,1,81,862,644,niños_9_12,alta
7,2,84,737,774,niños_9_12,alta
8,2,81,618,737,niños_9_12,alta
8,2,71,729,680,niños_9_12,alta
6,1,78,838,780,niños_9_12,alta
7,2,83,792,658,niños_9_12,alta
6,2,74,683,767,niños_9_12,alta
8,1,73,737,688,niños_9_12,alta
6,1,81,776,614,niños_9_12,alta
6,1,82,651,662,niños_9_12,alta
8,1,76,931,639,niños_9_12,alta
7,2,69,687,625,niños_9_12,alta
6,2,71,950,626,niños_9_12,alta
7,2,84,969,633,niños_9_12,alta
7,1,81,728,736,niños_9_12,alta
8,1,78,845,685,niños_9_12,alta
7,2,70,713,786,niños_9_12,alta
6,1,65,758,784,niños_9_12,alta
6,2,75,867,691,niños_9_12,alta
6,1,69,831,630,niños_9_12,alta
8,2,72,975,644,niños_9_12,alta
8,2,81,662,632,niños_9_12,alta
7,1,83,883,600,niños_9_12,alta
7,1,67,813,747,niños_9_12,alta
6,2,81,908,748,niños_9_12,alta
6,1,68,814,651,niños_9_12,alta
7,1,68,631,793,niños_9_12,alta
7,2,66,869,759,niños_9_12,alta
6,2,66,646,728,niños_9_12,alta
7,1,75,817,694,niños_9_12,alta
8,1,80,983,636,niños_9_12,alta
8,1,70,772,652,niños_9_12,alta
8,1,84,957,764,niños_9_12,alta
8,1,73,679,749,niños_9_12,alta
6,1,65,927,710,niños_9_12,alta
7,2,83,996,750,niños_9_12,alta
8,2,75,678,707,niños_9_12,alta
6,2,72,685,732,niños_9_12,alta
8,2,83,992,721,niños_9_12,alta
6,1,84,930,714,niños_9_12,alta
8,1,83,875,711,niños_9_12,alta
8,1,68,750,740,niños_9_12,alta
7,2,82,843,643,niños_9_12,alta
7,1,68,690,655,niños_9_12,alta
7,1,78,896,683,niños_9_12,alta
7,1,79,887,763,niños_9_12,alta
8,1,73,675,769,niños_9_12,alta
6,2,72,843,676,niños_9_12,alta
7,2,74,690,716,niños_9_12,alta
6,2,75,685,786,niños_9_12,alta
8,1,72,879,669,niños_9_12,alta
8,1,74,906,614,niños_9_12,alta
6,1,74,996,793,niños_9_12,alta
7,2,78,696,757,niños_9_12,alta
8,1,73,944,663,niños_9_12,alta
7,1,77,831,685,niños_9_12,alta
8,1,67,880,664,niños_9_12,alta
8,2,74,761,682,niños_9_12,alta
6,2,71,994,711,niños_9_12,alta
7,1,82,772,640,niños_9_12,alta
6,2,68,917,645,niños_9_12,alta
7,1,67,652,714,niños_9_12,alta
7,1,67,627,685,niños_9_12,alta
7,1,84,800,796,niños_9_12,alta
6,2,81,899,667,niños_9_12,alta
6,1,67,707,724,niños_9_12,alta
8,1,81,679,668,niños_9_12,alta
7,1,68,805,745,niños_9_12,alta
7,1,83,984,777,niños_9_12,alta
8,1,80,808,732,niños_9_12,alta
8,2,67,668,768,niños_9_12,alta
8,1,65,695,680,niños_9_12,alta
8,2,82,935,657,niños_9_12,alta
8,2,83,661,715,niños_9_12,alta
7,2,75,707,766,niños_9_12,alta
7,2,73,603,613,niños_9_12,alta
6,1,81,746,711,niños_9_12,alta
6,2,71,778,615,niños_9_12,alta
6,1,70,899,726,niños_9_12,alta
8,1,83,747,645,niños_9_12,alta
6,2,71,711,619,niños_9_12,alta
6,2,70,952,791,niños_9_12,alta
6,1,69,932,691,niños_9_12,alta
7,2,72,600,799,niños_9_12,alta
6,2,78,740,769,niños_9_12,alta
8,2,75,796,731,niños_9_12,alta
8,1,65,675,783,niños_9_12,alta
6,2,84,777,743,niños_9_12,alta
8,1,80,841,733,niños_9_12,alta
7,2,77,636,796,niños_9_12,alta
6,2,71,931,677,niños_9_12,alta
8,1,65,938,794,niños_9_12,alta
7,2,69,696,615,niños_9_12,alta
7,1,83,721,781,niños_9_12,alta
6,2,85,636,798,niños_9_12,alta
8,2,75,765,800,niños_9_12,alta
8,1,74,704,671,niños_9_12,alta
8,1,78,832,676,niños_9_12,alta
7,2,68,925,695,niños_9_12,alta
8,1,82,987,713,niños_9_12,alta
6,2,67,994,636,niños_9_12,alta
7,1,77,779,767,niños_9_12,alta
6,1,79,834,722,niños_9_12,alta
8,1,71,643,705,niños_9_12,alta
6,2,76,609,752,niños_9_12,alta
8,1,68,630,716,niños_9_12,alta
6,1,68,650,707,niños_9_12,alta
6,1,77,721,672,niños_9_12,alta
8,1,66,929,623,niños_9_12,alta
7,1,74,934,658,niños_9_12,alta
8,2,76,791,617,niños_9_12,alta
6,1,78,645,762,niños_9_12,alta
7,1,84,902,648,niños_9_12,alta
6,1,71,964,638,niños_9_12,alta
6,1,79,884,658,niños_9_12,alta
6,2,85,993,713,niños_9_12,alta
7,1,81,744,655,niños_9_12,alta
6,1,77,919,726,niños_9_12,alta
8,1,84,746,773,niños_9_12,alta
7,1,85,750,712,niños_9_12,alta
8,2,68,731,629,niños_9_12,alta
7,2,67,980,715,niños_9_12,alta
8,2,81,955,623,niños_9_12,alta
7,2,83,809,735,niños_9_12,alta
8,2,73,787,650,niños_9_12,alta
7,2,77,753,761,niños_9_12,alta
6,1,77,812,610,niños_9_12,alta
7,2,70,919,610,niños_9_12,alta
6,2,74,802,602,niños_9_12,alta
6,2,76,729,750,niños_9_12,alta
8,1,81,805,780,niños_9_12,alta
7,2,73,612,730,niños_9_12,alta
8,1,80,777,679,niños_9_12,alta
8,2,82,901,679,niños_9_12,alta
6,2,83,937,783,niños_9_12,alta
7,1,68,880,640,niños_9_12,alta
7,2,69,939,789,niños_9_12,alta
6,1,82,872,731,niños_9_12,alta
6,1,82,998,685,niños_9_12,alta
6,2,70,800,673,niños_9_12,alta
6,2,65,734,663,niños_9_12,alta
8,1,84,846,678,niños_9_12,alta
8,2,84,695,648,niños_9_12,alta
8,1,85,848,715,niños_9_12,alta
8,1,83,945,671,niños_9_12,alta
7,2,79,660,659,niños_9_12,alta
6,1,84,877,639,niños_9_12,alta
6,1,70,942,739,niños_9_12,alta
6,2,74,823,734,niños_9_12,alta
6,1,73,603,618,niños_9_12,alta
6,1,82,884,638,niños_9_12,alta
8,2,84,865,770,niños_9_12,alta
7,1,74,899,734,niños_9_12,alta
8,2,75,698,658,niños_9_12,alta
7,2,73,809,614,niños_9_12,alta
6,2,76,810,605,niños_9_12,alta
7,1,72,660,631,niños_9_12,alta
8,2,66,723,613,niños_9_12,alta
8,1,72,633,704,niños_9_12,alta
7,1,67,662,663,niños_9_12,alta
7,1,70,602,662,niños_9_12,alta
8,2,78,954,790,niños_9_12,alta
6,1,77,942,633,niños_9_12,alta
6,2,80,827,614,niños_9_12,alta
8,1,85,955,743,niños_9_12,alta
6,1,70,889,669,niños_9_12,alta
8,2,66,616,792,niños_9_12,alta
7,1,76,953,661,niños_9_12,alta
8,2,84,770,771,niños_9_12,alta
6,2,79,615,651,niños_9_12,alta
8,1,67,637,637,niños_9_12,alta
7,1,80,675,744,niños_9_12,alta
8,1,85,852,653,niños_9_12,alta
8,1,81,932,707,niños_9_12,alta
7,2,69,720,748,niños_9_12,alta
8,1,79,614,713,niños_9_12,alta
8,1,71,990,734,niños_9_12,alta
8,1,67,912,730,niños_9_12,alta
8,1,73,798,767,niños_9_12,alta
6,1,77,850,783,niños_9_12,alta
8,2,79,731,697,niños_9_12,alta
8,1,75,993,692,niños_9_12,alta
6,1,70,960,753,niños_9_12,alta
6,2,73,855,719,niños_9_12,alta
7,1,71,999,742,niños_9_12,alta
7,2,71,888,797,niños_9_12,alta
8,1,72,702,674,niños_9_12,alta
8,1,72,636,703,niños_9_12,alta
8,1,75,849,614,niños_9_12,alta
8,1,67,693,792,niños_9_12,alta
7,1,66,842,625,niños_9_12,alta
8,1,85,1000,744,niños_9_12,alta
6,1,85,975,783,niños_9_12,alta
7,2,77,801,721,niños_9_12,alta
7,1,79,645,652,niños_9_12,alta
6,1,81,835,763,niños_9_12,alta
6,2,79,923,621,niños_9_12,alta
8,1,65,624,641,niños_9_12,alta
7,1,80,933,651,niños_9_12,alta
6,1,85,904,629,niños_9_12,alta
7,1,68,948,636,niños_9_12,alta
6,2,73,874,755,niños_9_12,alta
7,2,84,888,625,niños_9_12,alta
6,1,82,666,646,niños_9_12,alta
7,2,73,878,713,niños_9_12,alta
6,2,80,676,708,niños_9_12,alta
6,2,83,859,672,niños_9_12,alta
8,1,85,841,703,niños_9_12,alta
8,2,85,952,627,niños_9_12,alta
6,2,73,835,621,niños_9_12,alta
7,1,66,980,601,niños_9_12,alta
7,2,81,979,781,niños_9_12,alta
7,1,72,831,716,niños_9_12,alta
8,2,76,619,759,niños_9_12,alta
6,2,79,926,630,niños_9_12,alta
8,2,80,720,675,niños_9_12,alta
7,1,71,922,661,niños_9_12,alta
7,2,66,718,642,niños_9_12,alta
7,2,76,863,687,niños_9_12,alta
6,2,74,754,645,niños_9_12,alta
7,2,66,625,776,niños_9_12,alta
7,2,82,605,678,niños_9_12,alta
7,1,66,682,767,niños_9_12,alta
6,2,83,628,729,niños_9_12,alta
8,1,75,747,784,niños_9_12,alta
6,1,82,876,795,niños_9_12,alta
6,2,72,910,754,niños_9_12,alta
6,1,66,689,711,niños_9_12,alta
6,2,72,702,758,niños_9_12,alta
7,2,83,828,602,niños_9_12,alta
8,1,85,761,740,niños_9_12,alta
8,2,65,643,656,niños_9_12,alta
6,2,84,867,600,niños_9_12,alta
8,2,69,781,783,niños_9_12,alta
8,1,77,725,647,niños_9_12,alta
7,1,66,641,701,niños_9_12,alta
7,1,82,638,771,niños_9_12,alta
6,2,66,682,700,niños_9_12,alta
6,1,81,861,658,niños_9_12,alta
7,2,72,947,756,niños_9_12,alta
7,1,84,681,654,niños_9_12,alta
8,1,80,833,669,niños_9_12,alta
7,2,81,617,705,niños_9_12,alta
6,2,78,754,674,niños_9_12,alta
7,2,80,796,798,niños_9_12,alta
8,2,74,967,781,niños_9_12,alta
6,2,71,901,728,niños_9_12,alta
7,2,75,776,748,niños_9_12,alta
7,2,69,853,693,niños_9_12,alta
7,1,83,908,616,niños_9_12,alta
7,2,77,610,735,niños_9_12,alta
6,2,84,662,650,niños_9_12,alta
6,1,74,673,728,niños_9_12,alta
6,2,69,857,743,niños_9_12,alta
6,2,71,814,686,niños_9_12,alta
6,2,83,605,776,niños_9_12,alta
8,2,74,931,709,niños_9_12,alta
6,2,69,630,663,niños_9_12,alta
7,1,69,703,732,niños_9_12,alta
7,2,72,842,655,niños_9_12,alta
7,2,66,626,703,niños_9_12,alta
6,1,77,784,647,niños_9_12,alta
8,1,73,793,792,niños_9_12,alta
7,1,83,694,631,niños_9_12,alta
6,1,82,968,777,niños_9_12,alta
7,2,85,896,680,niños_9_12,alta
6,1,68,993,658,niños_9_12,alta
7,2,83,921,728,niños_9_12,alta
7,1,85,643,660,niños_9_12,alta
7,1,72,788,774,niños_9_12,alta
8,1,66,918,656,niños_9_12,alta
8,1,77,836,783,niños_9_12,alta
6,2,65,884,794,niños_9_12,alta
8,2,79,811,755,niños_9_12,alta
7,1,77,710,760,niños_9_12,alta
8,1,80,641,717,niños_9_12,alta
6,1,68,993,739,niños_9_12,alta
8,2,72,937,734,niños_9_12,alta
8,2,79,989,760,niños_9_12,alta
8,2,72,986,619,niños_9_12,alta
6,1,80,777,717,niños_9_12,alta
8,2,75,771,765,niños_9_12,alta
7,1,79,793,633,niños_9_12,alta
6,1,73,664,644,niños_9_12,alta
7,2,84,970,746,niños_9_12,alta
8,2,82,991,797,niños_9_12,alta
6,2,79,622,748,niños_9_12,alta
8,1,69,943,684,niños_9_12,alta
6,1,84,730,742,niños_9_12,alta
8,2,66,812,702,niños_9_12,alta
6,1,81,848,627,niños_9_12,alta
7,1,75,927,700,niños_9_12,alta
7,1,83,703,660,niños_9_12,alta
7,2,65,853,627,niños_9_12,alta
7,2,68,765,721,niños_9_12,alta
8,1,82,675,623,niños_9_12,alta
8,2,66,987,673,niños_9_12,alta
8,1,83,850,614,niños_9_12,alta
8,1,83,855,662,niños_9_12,alta
7,1,81,947,761,niños_9_12,alta
6,2,67,926,700,niños_9_12,alta
8,1,82,706,634,niños_9_12,alta
7,1,75,803,627,niños_9_12,alta
8,2,67,937,782,niños_9_12,alta
8,1,82,951,610,niños_9_12,alta
7,2,78,807,713,niños_9_12,alta
7,2,78,873,731,niños_9_12,alta
7,1,70,969,726,niños_9_12,alta
6,1,83,649,752,niños_9_12,alta
8,1,80,748,639,niños_9_12,alta
6,1,73,991,642,niños_9_12,alta
7,2,68,792,601,niños_9_12,alta
6,2,83,642,742,niños_9_12,alta
8,1,80,758,726,niños_9_12,alta
6,2,71,880,793,niños_9_12,alta
6,2,72,976,643,niños_9_12,alta
7,1,75,785,771,niños_9_12,alta
7,1,76,818,654,niños_9_12,alta
6,2,81,836,671,niños_9_12,alta
6,1,81,956,603,niños_9_12,alta
7,2,76,772,739,niños_9_12,alta
6,1,84,799,672,niños_9_12,alta
6,1,76,607,708,niños_9_12,alta
6,2,82,893,747,niños_9_12,alta
8,2,67,713,754,niños_9_12,alta
8,1,68,891,629,niños_9_12,alta
8,1,71,816,708,niños_9_12,alta
7,2,70,829,759,niños_9_12,alta
8,1,72,880,704,niños_9_12,alta
6,2,70,739,778,niños_9_12,alta
6,2,69,820,755,niños_9_12,alta
8,1,85,838,711,niños_9_12,alta
7,2,76,836,799,niños_9_12,alta
7,1,70,640,647,niños_9_12,alta
7,2,78,642,734,niños_9_12,alta
7,1,65,794,781,niños_9_12,alta
8,2,72,935,660,niños_9_12,alta
6,2,66,968,702,niños_9_12,alta
8,1,84,801,720,niños_9_12,alta
6,1,76,678,658,niños_9_12,alta
6,1,65,609,687,niños_9_12,alta
6,2,69,647,608,niños_9_12,alta
7,1,79,736,773,niños_9_12,alta
6,2,83,706,664,niños_9_12,alta
7,1,71,967,765,niños_9_12,alta
8,2,84,664,657,niños_9_12,alta
8,1,69,724,684,niños_9_12,alta
8,2,78,986,667,niños_9_12,alta
8,2,85,877,710,niños_9_12,alta
8,2,78,630,648,niños_9_12,alta
8,1,65,841,640,niños_9_12,alta
6,2,75,927,611,niños_9_12,alta
7,2,76,948,792,niños_9_12,alta
6,1,81,828,626,niños_9_12,alta
7,2,71,821,629,niños_9_12,alta
8,2,74,627,684,niños_9_12,alta
6,2,75,994,761,niños_9_12,alta
7,2,69,816,640,niños_9_12,alta
6,1,74,950,731,niños_9_12,alta
6,2,74,629,675,niños_9_12,alta
6,2,83,763,705,niños_9_12,alta
6,1,67,853,800,niños_9_12,alta
6,2,74,940,688,niños_9_12,alta
8,2,73,905,749,niños_9_12,alta
8,1,69,974,647,niños_9_12,alta
7,2,65,852,605,niños_9_12,alta
6,2,82,615,675,niños_9_12,alta
7,2,68,702,624,niños_9_12,alta
8,1,68,806,775,niños_9_12,alta
6,2,83,977,662,niños_9_12,alta
6,1,70,850,659,niños_9_12,alta
7,1,82,622,652,niños_9_12,alta
8,2,84,908,760,niños_9_12,alta
8,2,85,811,797,niños_9_12,alta
8,1,84,886,691,niños_9_12,alta
6,2,81,724,679,niños_9_12,alta
8,1,67,829,618,niños_9_12,alta
7,2,75,629,751,niños_9_12,alta
6,2,77,863,750,niños_9_12,alta
8,1,71,638,793,niños_9_12,alta
7,1,69,795,794,niños_9_12,alta
8,1,77,821,723,niños_9_12,alta
6,2,74,856,691,niños_9_12,alta
7,1,74,887,616,niños_9_12,alta
8,1,65,770,700,niños_9_12,alta
8,2,84,746,602,niños_9_12,alta
8,1,66,935,621,niños_9_12,alta
8,1,65,699,692,niños_9_12,alta
7,1,68,814,683,niños_9_12,alta
7,2,83,733,626,niños_9_12,alta
7,1,73,743,632,niños_9_12,alta
8,2,65,622,731,niños_9_12,alta
7,1,85,772,644,niños_9_12,alta
7,1,75,643,748,niños_9_12,alta
8,2,70,938,671,niños_9_12,alta
7,2,79,869,761,niños_9_12,alta
7,1,73,947,618,niños_9_12,alta
8,2,76,949,756,niños_9_12,alta
8,1,81,906,628,niños_9_12,alta
7,2,69,922,611,niños_9_12,alta
8,2,73,981,757,niños_9_12,alta
7,2,81,700,633,niños_9_12,alta
6,1,80,650,729,niños_9_12,alta
6,2,66,921,704,niños_9_12,alta
8,2,80,894,794,niños_9_12,alta
8,1,70,869,797,niños_9_12,alta
8,2,84,866,731,niños_9_12,alta
6,2,81,619,749,niños_9_12,alta
8,2,73,613,644,niños_9_12,alta
7,2,66,975,777,niños_9_12,alta
6,2,78,927,773,niños_9_12,alta
7,1,71,982,693,niños_9_12,alta
6,2,78,699,666,niños_9_12,alta
7,2,82,952,626,niños_9_12,alta
6,1,76,717,694,niños_9_12,alta
7,1,74,651,640,niños_9_12,alta
7,1,81,632,706,niños_9_12,alta
8,2,73,982,690,niños_9_12,alta
7,1,73,937,754,niños_9_12,alta
6,1,77,877,670,niños_9_12,alta
8,1,67,956,774,niños_9_12,alta
7,1,80,918,662,niños_9_12,alta
6,2,67,872,607,niños_9_12,alta
7,2,78,744,746,niños_9_12,alta
8,1,80,951,627,niños_9_12,alta
8,1,71,835,758,niños_9_12,alta
7,2,76,975,770,niños_9_12,alta
8,1,81,909,689,niños_9_12,alta
6,1,65,863,696,niños_9_12,alta
8,1,78,776,779,niños_9_12,alta
7,1,65,775,741,niños_9_12,alta
6,1,68,708,772,niños_9_12,alta
8,2,72,936,675,niños_9_12,alta
8,2,75,864,640,niños_9_12,alta
8,2,82,866,788,niños_9_12,alta
6,1,78,831,758,niños_9_12,alta
7,1,73,650,619,niños_9_12,alta
7,1,78,950,644,niños_9_12,alta
7,1,68,640,694,niños_9_12,alta
8,2,78,988,761,niños_9_12,alta
7,1,82,868,787,niños_9_12,alta
8,2,69,673,763,niños_9_12,alta
7,2,72,936,623,niños_9_12,alta
6,1,81,842,795,niños_9_12,alta
6,1,75,982,791,niños_9_12,alta
6,2,75,679,652,niños_9_12,alta
7,1,68,621,702,niños_9_12,alta
8,1,75,979,797,niños_9_12,alta
7,2,80,635,636,niños_9_12,alta
7,2,82,920,691,niños_9_12,alta
6,1,85,738,622,niños_9_12,alta
7,1,81,633,665,niños_9_12,alta
7,1,71,924,764,niños_9_12,alta
6,1,73,627,786,niños_9_12,alta
6,2,79,820,614,niños_9_12,alta
6,1,73,971,629,niños_9_12,alta
7,2,70,658,645,niños_9_12,alta
7,1,76,980,673,niños_9_12,alta
8,2,68,624,659,niños_9_12,alta
7,1,74,888,756,niños_9_12,alta
7,1,76,714,630,niños_9_12,alta
8,2,75,611,799,niños_9_12,alta
7,1,81,661,667,niños_9_12,alta
6,1,68,890,604,niños_9_12,alta
8,2,70,979,724,niños_9_12,alta
6,1,81,976,661,niños_9_12,alta
6,2,72,841,678,niños_9_12,alta
7,1,77,732,624,niños_9_12,alta
8,1,85,903,796,niños_9_12,alta
7,1,68,903,700,niños_9_12,alta
7,2,68,773,760,niños_9_12,alta
7,2,65,696,612,niños_9_12,alta
7,2,79,897,604,niños_9_12,alta
6,2,76,716,757,niños_9_12,alta
7,2,68,617,758,niños_9_12,alta
6,2,66,909,665,niños_9_12,alta
7,2,70,883,732,niños_9_12,alta
7,1,68,757,607,niños_9_12,alta
6,1,83,983,634,niños_9_12,alta
7,1,78,973,681,niños_9_12,alta
7,1,84,714,645,niños_9_12,alta
8,1,72,718,773,niños_9_12,alta
6,2,75,808,773,niños_9_12,alta
6,1,77,667,632,niños_9_12,alta
8,2,83,877,732,niños_9_12,alta
7,1,85,922,659,niños_9_12,alta
7,1,82,996,671,niños_9_12,alta
8,1,67,679,737,niños_9_12,alta
6,2,83,935,620,niños_9_12,alta
7,2,66,992,664,niños_9_12,alta
6,2,78,855,666,niños_9_12,alta
7,1,68,658,718,niños_9_12,alta
8,1,85,950,745,niños_9_12,alta
6,2,75,856,711,niños_9_12,alta
8,1,79,983,746,niños_9_12,alta
6,2,67,804,604,niños_9_12,alta
7,2,71,791,735,niños_9_12,alta
7,1,85,914,741,niños_9_12,alta
7,2,85,882,763,niños_9_12,alta
8,1,85,979,606,niños_9_12,alta
8,1,69,630,603,niños_9_12,alta
8,1,76,662,719,niños_9_12,alta
7,2,82,751,716,niños_9_12,alta
8,2,77,896,737,niños_9_12,alta
8,2,75,666,740,niños_9_12,alta
6,1,67,628,692,niños_9_12,alta
6,1,65,935,629,niños_9_12,alta
6,1,85,814,745,niños_9_12,alta
8,2,85,843,651,niños_9_12,alta
8,1,78,749,734,niños_9_12,alta
8,2,73,832,797,niños_9_12,alta
7,2,76,743,720,niños_9_12,alta
7,1,71,673,785,niños_9_12,alta
8,1,78,739,675,niños_9_12,alta
8,2,66,838,633,niños_9_12,alta
7,2,74,797,750,niños_9_12,alta
8,1,84,983,702,niños_9_12,alta
6,2,73,846,717,niños_9_12,alta
8,2,73,833,683,niños_9_12,alta
6,1,84,961,769,niños_9_12,alta
8,1,85,806,669,niños_9_12,alta
6,2,70,918,794,niños_9_12,alta
8,2,76,940,772,niños_9_12,alta
8,1,79,831,611,niños_9_12,alta
8,1,76,610,697,niños_9_12,alta
8,1,76,698,637,niños_9_12,alta
6,2,77,846,600,niños_9_12,alta
7,2,74,992,796,niños_9_12,alta
8,1,85,921,617,niños_9_12,alta
6,1,66,859,690,niños_9_12,alta
8,2,78,753,617,niños_9_12,alta
7,1,79,675,675,niños_9_12,alta
7,1,70,866,769,niños_9_12,alta
7,2,80,863,728,niños_9_12,alta
6,2,79,941,621,niños_9_12,alta
6,1,73,842,657,niños_9_12,alta
8,2,82,660,673,niños_9_12,alta
7,2,76,936,792,niños_9_12,alta
7,1,67,663,730,niños_9_12,alta
7,2,73,798,760,niños_9_12,alta
8,1,73,617,772,niños_9_12,alta
6,1,84,605,780,niños_9_12,alta
8,1,67,664,789,niños_9_12,alta
8,2,69,601,668,niños_9_12,alta
8,2,71,872,779,niños_9_12,alta
8,2,71,962,791,niños_9_12,alta
6,2,81,984,692,niños_9_12,alta
6,1,81,751,698,niños_9_12,alta
6,1,79,813,781,niños_9_12,alta
6,1,69,844,752,niños_9_12,alta
6,2,70,796,659,niños_9_12,alta
7,2,67,708,760,niños_9_12,alta
6,1,83,787,701,niños_9_12,alta
8,2,65,871,643,niños_9_12,alta
8,1,71,717,619,niños_9_12,alta
7,1,74,757,675,niños_9_12,alta
8,1,72,739,702,niños_9_12,alta
6,1,76,732,732,niños_9_12,alta
8,1,70,893,735,niños_9_12,alta
7,1,79,767,739,niños_9_12,alta
6,2,79,860,703,niños_9_12,alta
7,2,72,924,669,niños_9_12,alta
8,1,78,772,792,niños_9_12,alta
6,2,82,797,693,niños_9_12,alta
8,1,81,647,733,niños_9_12,alta
6,1,66,992,647,niños_9_12,alta
7,1,66,932,652,niños_9_12,alta
8,1,77,869,605,niños_9_12,alta
7,1,71,701,655,niños_9_12,alta
6,2,65,828,636,niños_9_12,alta
7,1,84,745,747,niños_9_12,alta
6,2,78,763,616,niños_9_12,alta
8,2,69,992,657,niños_9_12,alta
7,2,77,723,762,niños_9_12,alta
6,1,81,854,653,niños_9_12,alta
7,1,67,857,643,niños_9_12,alta
7,1,72,985,673,niños_9_12,alta
7,2,76,832,751,niños_9_12,alta
7,1,74,815,686,niños_9_12,alta
8,1,84,704,669,niños_9_12,alta
7,1,81,778,688,niños_9_12,alta
6,1,76,747,711,niños_9_12,alta
7,1,81,787,639,niños_9_12,alta
6,2,78,749,678,niños_9_12,alta
7,2,71,605,743,niños_9_12,alta
7,2,84,847,631,niños_9_12,alta
7,1,78,935,723,niños_9_12,alta
8,2,65,661,647,niños_9_12,alta
6,1,79,867,665,niños_9_12,alta
7,2,67,793,653,niños_9_12,alta
6,2,69,859,769,niños_9_12,alta
6,2,73,870,757,niños_9_12,alta
8,1,80,625,745,niños_9_12,alta
8,1,72,837,600,niños_9_12,alta
6,2,68,774,643,niños_9_12,alta
7,2,77,703,714,niños_9_12,alta
8,1,65,782,630,niños_9_12,alta
6,1,66,695,708,niños_9_12,alta
6,1,83,877,702,niños_9_12,alta
8,2,80,946,740,niños_9_12,alta
6,1,78,678,737,niños_9_12,alta
8,2,80,994,687,niños_9_12,alta
6,2,69,725,634,niños_9_12,alta
6,2,77,995,780,niños_9_12,alta
8,2,77,673,618,niños_9_12,alta
7,1,77,906,630,niños_9_12,alta
6,1,73,851,744,niños_9_12,alta
6,2,83,686,718,niños_9_12,alta
6,1,67,908,603,niños_9_12,alta
8,2,84,907,713,niños_9_12,alta
8,2,76,701,619,niños_9_12,alta
8,2,82,939,783,niños_9_12,alta
8,2,77,808,795,niños_9_12,alta
6,1,72,806,684,niños_9_12,alta
8,1,69,685,713,niños_9_12,alta
8,1,80,754,624,niños_9_12,alta
7,1,71,693,799,niños_9_12,alta
8,1,70,972,666,niños_9_12,alta
6,1,85,638,631,niños_9_12,alta
6,1,73,923,691,niños_9_12,alta
7,1,70,713,737,niños_9_12,alta
8,1,66,833,784,niños_9_12,alta
6,2,73,826,679,niños_9_12,alta
6,1,83,665,715,niños_9_12,alta
7,2,80,889,777,niños_9_12,alta
6,2,65,704,671,niños_9_12,alta
8,2,79,777,716,niños_9_12,alta
7,2,68,833,714,niños_9_12,alta
8,1,84,799,701,niños_9_12,alta
7,2,81,650,651,niños_9_12,alta
7,2,82,915,709,niños_9_12,alta
6,1,73,735,623,niños_9_12,alta
8,2,78,601,658,niños_9_12,alta
7,1,82,821,747,niños_9_12,alta
7,2,84,987,649,niños_9_12,alta
7,1,76,657,681,niños_9_12,alta
8,2,81,684,730,niños_9_12,alta
8,1,77,983,704,niños_9_12,alta
6,1,79,726,656,niños_9_12,alta
8,1,84,693,607,niños_9_12,alta
6,2,68,744,641,niños_9_12,alta
6,2,68,950,626,niños_9_12,alta
7,1,80,948,656,niños_9_12,alta
6,1,72,770,749,niños_9_12,alta
6,2,65,884,708,niños_9_12,alta
7,1,67,866,611,niños_9_12,alta
8,1,70,766,682,niños_9_12,alta
6,1,75,604,742,niños_9_12,alta
7,1,81,707,645,niños_9_12,alta
7,2,72,746,641,niños_9_12,alta
6,2,77,914,620,niños_9_12,alta
8,1,69,639,694,niños_9_12,alta
7,2,76,938,795,niños_9_12,alta
7,1,78,926,661,niños_9_12,alta
6,2,71,835,775,niños_9_12,alta
8,1,78,871,712,niños_9_12,alta
7,2,71,882,653,niños_9_12,alta
7,1,68,704,757,niños_9_12,alta
8,2,77,936,781,niños_9_12,alta
6,1,70,619,706,niños_9_12,alta
6,1,79,868,668,niños_9_12,alta
7,1,74,652,715,niños_9_12,alta
6,2,74,695,778,niños_9_12,alta
8,1,85,700,781,niños_9_12,alta
6,1,66,610,738,niños_9_12,alta
8,1,74,719,607,niños_9_12,alta
6,1,73,794,649,niños_9_12,alta
8,1,65,756,685,niños_9_12,alta
7,2,67,616,667,niños_9_12,alta
6,1,72,841,755,niños_9_12,alta
7,1,82,754,760,niños_9_12,alta
8,1,71,858,658,niños_9_12,alta
6,1,76,714,785,niños_9_12,alta
8,1,72,766,709,niños_9_12,alta
8,1,83,872,616,niños_9_12,alta
6,2,83,668,761,niños_9_12,alta
8,1,85,788,682,niños_9_12,alta
7,1,69,887,728,niños_9_12,alta
6,1,68,965,688,niños_9_12,alta
6,2,81,652,699,niños_9_12,alta
6,2,79,741,718,niños_9_12,alta
8,2,79,993,691,niños_9_12,alta
7,2,81,734,789,niños_9_12,alta
6,1,69,745,702,niños_9_12,alta
7,2,67,984,624,niños_9_12,alta
6,2,77,748,724,niños_9_12,alta
6,1,65,979,714,niños_9_12,alta
8,2,72,690,680,niños_9_12,alta
7,1,79,780,764,niños_9_12,alta
6,2,74,663,771,niños_9_12,alta
6,1,69,677,647,niños_9_12,alta
8,2,69,951,701,niños_9_12,alta
8,2,70,893,755,niños_9_12,alta
7,1,70,939,747,niños_9_12,alta
8,1,66,732,750,niños_9_12,alta
7,2,77,653,704,niños_9_12,alta
8,1,65,612,654,niños_9_12,alta
7,1,79,699,774,niños_9_12,alta
8,1,85,687,670,niños_9_12,alta
8,2,81,736,688,niños_9_12,alta
8,2,81,915,683,niños_9_12,alta
7,2,80,915,748,niños_9_12,alta
7,1,84,800,745,niños_9_12,alta
6,2,85,703,743,niños_9_12,alta
8,1,69,928,606,niños_9_12,alta
7,2,71,665,683,niños_9_12,alta
6,1,83,651,650,niños_9_12,alta
8,1,77,913,649,niños_9_12,alta
6,1,65,942,705,niños_9_12,alta
8,1,69,789,798,niños_9_12,alta
6,1,82,666,749,niños_9_12,alta
7,1,76,973,679,niños_9_12,alta
8,2,69,897,681,niños_9_12,alta
8,2,76,738,631,niños_9_12,alta
6,1,79,983,737,niños_9_12,alta
8,2,80,892,661,niños_9_12,alta
6,2,83,654,606,niños_9_12,alta
8,1,65,934,729,niños_9_12,alta
7,2,76,700,610,niños_9_12,alta
8,1,69,774,666,niños_9_12,alta
7,1,69,722,743,niños_9_12,alta
8,2,69,687,692,niños_9_12,alta
8,1,68,673,624,niños_9_12,alta
6,2,74,950,670,niños_9_12,alta
6,1,71,744,747,niños_9_12,alta
6,2,66,900,647,niños_9_12,alta
6,1,66,851,600,niños_9_12,alta
6,1,67,618,750,niños_9_12,alta
6,2,76,831,783,niños_9_12,alta
6,2,80,833,625,niños_9_12,alta
7,2,84,858,625,niños_9_12,alta
7,1,83,745,693,niños_9_12,alta
7,1,79,880,737,niños_9_12,alta
6,2,74,845,757,niños_9_12,alta
6,1,80,757,635,niños_9_12,alta
7,1,79,989,723,niños_9_12,alta
7,2,65,674,654,niños_9_12,alta
7,2,80,711,791,niños_9_12,alta
8,2,85,711,708,niños_9_12,alta
8,2,76,971,712,niños_9_12,alta
8,1,82,846,661,niños_9_12,alta
7,2,72,918,609,niños_9_12,alta
7,2,65,853,725,niños_9_12,alta
7,2,67,631,659,niños_9_12,alta
7,1,70,883,649,niños_9_12,alta
8,1,84,805,720,niños_9_12,alta
7,1,68,705,787,niños_9_12,alta
7,2,71,665,718,niños_9_12,alta
7,2,69,946,666,niños_9_12,alta
7,1,65,990,741,niños_9_12,alta
8,1,70,741,764,niños_9_12,alta
6,2,77,687,746,niños_9_12,alta
8,1,83,712,739,niños_9_12,alta
8,1,81,954,693,niños_9_12,alta
8,2,82,895,672,niños_9_12,alta
8,1,67,749,633,niños_9_12,alta
8,2,83,802,630,niños_9_12,alta
6,2,80,843,673,niños_9_12,alta
8,1,79,674,624,niños_9_12,alta
7,1,81,949,601,niños_9_12,alta
7,2,79,955,696,niños_9_12,alta
6,2,76,676,756,niños_9_12,alta
8,2,85,770,634,niños_9_12,alta
7,2,67,718,658,niños_9_12,alta
8,2,72,796,776,niños_9_12,alta
7,2,85,774,615,niños_9_12,alta
6,1,65,846,741,niños_9_12,alta
8,2,78,707,611,niños_9_12,alta
7,1,78,813,767,niños_9_12,alta
7,1,73,959,632,niños_9_12,alta
6,2,85,693,731,niños_9_12,alta
6,2,71,700,618,niños_9_12,alta
8,1,82,994,638,niños_9_12,alta
6,2,75,732,681,niños_9_12,alta
8,1,80,648,794,niños_9_12,alta
8,2,73,883,700,niños_9_12,alta
8,2,74,896,763,niños_9_12,alta
7,1,83,615,747,niños_9_12,alta
6,2,73,891,780,niños_9_12,alta
8,2,75,686,727,niños_9_12,alta
8,1,75,837,782,niños_9_12,alta
6,2,74,914,655,niños_9_12,alta
8,2,82,729,633,niños_9_12,alta
6,1,84,792,739,niños_9_12,alta
6,2,84,618,691,niños_9_12,alta
6,1,72,687,681,niños_9_12,alta
8,2,70,958,797,niños_9_12,alta
7,1,67,997,675,niños_9_12,alta
7,2,73,946,641,niños_9_12,alta
7,1,65,866,793,niños_9_12,alta
6,1,69,670,637,niños_9_12,alta
7,1,79,785,690,niños_9_12,alta
7,1,78,849,612,niños_9_12,alta
7,1,67,870,762,niños_9_12,alta
6,2,74,660,755,niños_9_12,alta
7,2,71,692,752,niños_9_12,alta
8,2,80,605,674,niños_9_12,alta
6,2,69,808,701,niños_9_12,alta
7,1,71,819,780,niños_9_12,alta
6,1,73,911,647,niños_9_12,alta
6,1,76,633,732,niños_9_12,alta
6,2,81,756,676,niños_9_12,alta
6,2,85,818,682,niños_9_12,alta
6,2,80,987,612,niños_9_12,alta
6,1,71,703,683,niños_9_12,alta
6,2,74,915,786,niños_9_12,alta
7,1,71,819,613,niños_9_12,alta
6,1,74,913,705,niños_9_12,alta
6,1,79,908,695,niños_9_12,alta
8,2,81,767,730,niños_9_12,alta
8,2,75,843,610,niños_9_12,alta
7,1,72,867,771,niños_9_12,alta
8,1,79,895,799,niños_9_12,alta
6,2,69,988,654,niños_9_12,alta
8,1,71,793,774,niños_9_12,alta
8,2,85,988,642,niños_9_12,alta
7,2,81,620,730,niños_9_12,alta
7,1,82,771,702,niños_9_12,alta
8,1,79,946,733,niños_9_12,alta
6,1,83,977,792,niños_9_12,alta
8,2,72,812,774,niños_9_12,alta
8,2,80,783,718,niños_9_12,alta
7,2,80,689,754,niños_9_12,alta
8,1,69,1000,724,niños_9_12,alta
8,1,77,891,617,niños_9_12,alta
7,1,74,676,648,niños_9_12,alta
7,2,85,895,761,niños_9_12,alta
8,1,80,798,784,niños_9_12,alta
6,2,72,923,770,niños_9_12,alta
7,1,81,859,792,niños_9_12,alta
8,2,73,786,680,niños_9_12,alta
6,2,67,680,760,niños_9_12,alta
8,1,75,872,755,niños_9_12,alta
7,2,81,630,735,niños_9_12,alta
6,1,70,738,648,niños_9_12,alta
8,1,71,856,706,niños_9_12,alta
7,1,70,854,653,niños_9_12,alta
7,1,77,729,695,niños_9_12,alta
8,1,69,837,686,niños_9_12,alta
7,1,76,814,755,niños_9_12,alta
8,1,82,954,632,niños_9_12,alta
8,1,77,677,780,niños_9_12,alta
8,1,84,917,747,niños_9_12,alta
8,1,82,959,744,niños_9_12,alta
8,2,73,633,609,niños_9_12,alta
7,2,66,697,784,niños_9_12,alta
8,2,69,914,707,niños_9_12,alta
8,1,80,744,641,niños_9_12,alta
7,1,81,688,764,niños_9_12,alta
7,2,70,761,766,niños_9_12,alta
6,1,70,731,647,niños_9_12,alta
6,2,66,816,732,niños_9_12,alta
7,1,68,787,629,niños_9_12,alta
6,2,71,670,745,niños_9_12,alta
6,2,82,999,649,niños_9_12,alta
8,1,69,988,720,niños_9_12,alta
7,2,67,816,714,niños_9_12,alta
8,1,67,729,770,niños_9_12,alta
7,2,65,907,694,niños_9_12,alta
7,1,85,655,735,niños_9_12,alta
6,2,85,602,625,niños_9_12,alta
8,1,84,697,658,niños_9_12,alta
6,1,78,974,755,niños_9_12,alta
8,1,77,991,705,niños_9_12,alta
8,2,74,777,603,niños_9_12,alta
7,2,78,823,775,niños_9_12,alta
6,2,65,745,749,niños_9_12,alta
7,1,80,973,671,niños_9_12,alta
6,1,65,887,714,niños_9_12,alta
6,1,71,840,628,niños_9_12,alta
7,2,72,911,682,niños_9_12,alta
8,2,70,943,752,niños_9_12,alta
8,2,67,883,643,niños_9_12,alta
6,2,69,694,712,niños_9_12,alta
7,1,73,911,749,niños_9_12,alta
6,2,75,990,674,niños_9_12,alta
7,1,72,602,665,niños_9_12,alta
7,2,81,912,659,niños_9_12,alta
8,1,84,681,640,niños_9_12,alta
7,1,69,803,632,niños_9_12,alta
8,1,75,679,670,niños_9_12,alta
7,2,82,882,662,niños_9_12,alta
6,1,81,839,769,niños_9_12,alta
7,1,66,776,737,niños_9_12,alta
6,1,73,973,707,niños_9_12,alta
6,2,83,995,713,niños_9_12,alta
7,1,67,937,646,niños_9_12,alta
7,1,74,855,623,niños_9_12,alta
7,2,69,688,686,niños_9_12,alta
7,2,78,732,664,niños_9_12,alta
7,1,83,889,697,niños_9_12,alta
7,1,71,811,751,niños_9_12,alta
7,1,84,819,696,niños_9_12,alta
7,2,81,785,745,niños_9_12,alta
8,2,67,760,681,niños_9_12,alta
6,1,73,678,640,niños_9_12,alta
8,1,65,772,751,niños_9_12,alta
8,2,76,855,668,niños_9_12,alta
6,2,80,892,656,niños_9_12,alta
8,2,83,712,795,niños_9_12,alta
8,1,69,939,665,niños_9_12,alta
7,2,79,753,658,niños_9_12,alta
6,2,65,876,796,niños_9_12,alta
6,2,84,788,675,niños_9_12,alta
7,2,65,729,698,niños_9_12,alta
7,1,73,616,783,niños_9_12,alta
8,1,72,974,633,niños_9_12,alta
6,2,82,868,749,niños_9_12,alta
7,1,74,836,771,niños_9_12,alta
7,2,82,980,795,niños_9_12,alta
8,1,78,700,746,niños_9_12,alta
8,2,69,833,623,niños_9_12,alta
8,2,82,602,774,niños_9_12,alta
7,1,65,735,783,niños_9_12,alta
6,2,74,698,641,niños_9_12,alta
6,1,72,657,670,niños_9_12,alta
7,1,85,910,745,niños_9_12,alta
6,2,81,649,755,niños_9_12,alta
8,2,85,832,646,niños_9_12,alta
6,2,77,855,732,niños_9_12,alta
8,2,79,895,649,niños_9_12,alta
8,2,77,869,662,niños_9_12,alta
8,2,83,950,712,niños_9_12,alta
7,2,76,930,786,niños_9_12,alta
8,2,69,947,760,niños_9_12,alta
6,2,75,745,641,niños_9_12,alta
8,1,75,676,735,niños_9_12,alta
7,2,81,762,751,niños_9_12,alta
7,1,78,757,641,niños_9_12,alta
7,2,69,772,674,niños_9_12,alta
6,1,78,615,601,niños_9_12,alta
7,1,76,657,787,niños_9_12,alta
7,1,78,932,661,niños_9_12,alta
7,2,80,644,607,niños_9_12,alta
7,2,80,837,713,niños_9_12,alta
8,1,73,755,762,niños_9_12,alta
7,2,79,787,694,niños_9_12,alta
8,2,82,711,763,niños_9_12,alta
8,1,78,817,716,niños_9_12,alta
8,2,66,840,665,niños_9_12,alta
6,1,73,756,758,niños_9_12,alta
8,2,69,953,794,niños_9_12,alta
8,2,83,648,779,niños_9_12,alta
6,1,82,717,632,niños_9_12,alta
7,1,71,737,637,niños_9_12,alta
6,2,74,676,673,niños_9_12,alta
6,1,71,917,717,niños_9_12,alta
6,1,83,908,750,niños_9_12,alta
6,1,67,976,698,niños_9_12,alta
6,1,69,847,783,niños_9_12,alta
7,1,83,824,783,niños_9_12,alta
6,1,68,860,756,niños_9_12,alta
7,1,82,902,675,niños_9_12,alta
6,1,68,990,685,niños_9_12,alta
7,2,66,716,799,niños_9_12,alta
7,1,71,925,773,niños_9_12,alta
7,1,70,636,798,niños_9_12,alta
6,2,82,694,627,niños_9_12,alta
6,2,65,941,700,niños_9_12,alta
8,1,74,818,661,niños_9_12,alta
7,1,78,624,628,niños_9_12,alta
6,2,69,625,787,niños_9_12,alta
7,2,73,826,641,niños_9_12,alta
6,1,75,708,614,niños_9_12,alta
6,1,85,608,650,niños_9_12,alta
8,1,71,644,716,niños_9_12,alta
6,1,66,896,794,niños_9_12,alta
6,2,79,915,716,niños_9_12,alta
6,2,79,804,789,niños_9_12,alta
6,2,70,768,745,niños_9_12,alta
6,1,75,946,691,niños_9_12,alta
7,1,71,866,752,niños_9_12,alta
8,1,78,979,759,niños_9_12,alta
8,1,83,856,655,niños_9_12,alta
8,1,82,840,634,niños_9_12,alta
7,1,74,796,796,niños_9_12,alta
7,2,74,615,653,niños_9_12,alta
8,1,83,688,722,niños_9_12,alta
7,2,69,701,664,niños_9_12,alta
6,2,80,637,697,niños_9_12,alta
8,2,80,805,712,niños_9_12,alta
8,1,74,754,714,niños_9_12,alta
6,1,76,849,798,niños_9_12,alta
7,1,69,810,760,niños_9_12,alta
8,2,84,815,711,niños_9_12,alta
7,1,79,660,732,niños_9_12,alta
8,1,66,665,773,niños_9_12,alta
8,1,69,1000,684,niños_9_12,alta
7,2,68,683,769,niños_9_12,alta
7,1,66,935,738,niños_9_12,alta
6,2,75,857,673,niños_9_12,alta
8,2,76,969,769,niños_9_12,alta
8,2,85,863,709,niños_9_12,alta
7,2,77,901,612,niños_9_12,alta
8,1,67,782,647,niños_9_12,alta
7,1,68,817,634,niños_9_12,alta
8,2,66,705,656,niños_9_12,alta
6,1,69,947,734,niños_9_12,alta
6,1,84,826,715,niños_9_12,alta
8,1,71,850,763,niños_9_12,alta
6,2,78,789,615,niños_9_12,alta
7,2,73,637,785,niños_9_12,alta
6,2,76,763,779,niños_9_12,alta
7,2,75,928,716,niños_9_12,alta
7,1,78,626,738,niños_9_12,alta
6,1,77,705,758,niños_9_12,alta
6,2,80,796,701,niños_9_12,alta
7,1,75,655,646,niños_9_12,alta
6,1,79,697,760,niños_9_12,alta
8,2,82,973,686,niños_9_12,alta
6,2,73,672,696,niños_9_12,alta
7,1,72,806,688,niños_9_12,alta
7,2,68,938,696,niños_9_12,alta
8,2,75,685,676,niños_9_12,alta
8,2,70,776,735,niños_9_12,alta
8,1,78,895,782,niños_9_12,alta
7,2,85,938,743,niños_9_12,alta
8,1,84,674,735,niños_9_12,alta
6,1,67,610,722,niños_9_12,alta
6,2,76,605,793,niños_9_12,alta
7,2,75,641,652,niños_9_12,alta
8,1,65,704,771,niños_9_12,alta
8,2,84,926,794,niños_9_12,alta
8,2,67,976,748,niños_9_12,alta
6,2,67,689,783,niños_9_12,alta
8,1,82,855,799,niños_9_12,alta
6,1,73,630,710,niños_9_12,alta
7,2,71,987,651,niños_9_12,alta
8,2,70,875,637,niños_9_12,alta
7,2,71,772,751,niños_9_12,alta
6,1,67,717,669,niños_9_12,alta
8,2,66,670,732,niños_9_12,alta
6,2,71,819,613,niños_9_12,alta
7,2,72,908,758,niños_9_12,alta
6,2,73,614,764,niños_9_12,alta
6,2,73,930,686,niños_9_12,alta
7,1,84,885,653,niños_9_12,alta
8,2,75,962,632,niños_9_12,alta
6,2,69,925,660,niños_9_12,alta
8,1,71,696,612,niños_9_12,alta
8,2,79,741,712,niños_9_12,alta
6,1,73,748,636,niños_9_12,alta
7,2,80,803,775,niños_9_12,alta
8,1,82,735,789,niños_9_12,alta
8,2,76,753,642,niños_9_12,alta
6,2,67,612,750,niños_9_12,alta
8,2,83,744,665,niños_9_12,alta
8,1,70,777,735,niños_9_12,alta
8,2,81,794,658,niños_9_12,alta
6,2,73,826,715,niños_9_12,alta
6,2,66,984,607,niños_9_12,alta
7,2,67,633,603,niños_9_12,alta
7,1,69,791,755,niños_9_12,alta
8,1,80,752,775,niños_9_12,alta
6,1,84,939,699,niños_9_12,alta
8,1,84,642,607,niños_9_12,alta
7,1,84,862,666,niños_9_12,alta
7,1,70,883,689,niños_9_12,alta
8,2,78,661,643,niños_9_12,alta
8,2,66,805,709,niños_9_12,alta
7,1,68,862,779,niños_9_12,alta
6,2,74,661,765,niños_9_12,alta
8,1,69,824,689,niños_9_12,alta
6,2,78,934,740,niños_9_12,alta
8,2,73,880,659,niños_9_12,alta
7,2,82,703,714,niños_9_12,alta
8,2,71,848,794,niños_9_12,alta
7,2,84,611,700,niños_9_12,alta
7,1,65,613,611,niños_9_12,alta
8,2,83,988,602,niños_9_12,alta
8,2,68,743,790,niños_9_12,alta
6,1,85,623,744,niños_9_12,alta
8,1,76,637,708,niños_9_12,alta
6,2,81,735,631,niños_9_12,alta
6,2,70,840,682,niños_9_12,alta
3,4,47,987,485,jovenes_13_17,baja
4,4,48,1093,303,jovenes_13_17,baja
5,4,58,1092,356,jovenes_13_17,baja
5,5,47,943,422,jovenes_13_17,baja
3,4,43,1069,307,jovenes_13_17,baja
3,4,48,1153,357,jovenes_13_17,baja
4,4,54,973,328,jovenes_13_17,baja
3,4,43,948,330,jovenes_13_17,baja
3,4,58,1173,452,jovenes_13_17,baja
5,4,56,1162,399,jovenes_13_17,baja
4,4,55,948,463,jovenes_13_17,baja
5,4,48,964,319,jovenes_13_17,baja
4,5,41,1146,346,jovenes_13_17,baja
3,4,49,1077,473,jovenes_13_17,baja
5,4,47,1116,463,jovenes_13_17,baja
5,4,47,1174,330,jovenes_13_17,baja
5,4,57,1002,333,jovenes_13_17,baja
4,4,41,1131,442,jovenes_13_17,baja
3,4,52,1091,447,jovenes_13_17,baja
5,5,40,1066,429,jovenes_13_17,baja
3,4,48,1053,438,jovenes_13_17,baja
5,4,54,1115,369,jovenes_13_17,baja
3,4,47,951,416,jovenes_13_17,baja
3,4,48,938,427,jovenes_13_17,baja
3,5,40,998,472,jovenes_13_17,baja
3,4,43,1114,346,jovenes_13_17,baja
3,4,52,1031,389,jovenes_13_17,baja
4,5,52,1084,342,jovenes_13_17,baja
4,4,47,1187,342,jovenes_13_17,baja
5,4,50,1073,367,jovenes_13_17,baja
4,4,50,1143,315,jovenes_13_17,baja
5,4,57,1082,486,jovenes_13_17,baja
3,5,55,951,393,jovenes_13_17,baja
3,4,57,1046,348,jovenes_13_17,baja
5,5,53,1082,407,jovenes_13_17,baja
5,4,49,1046,394,jovenes_13_17,baja
4,5,41,1096,348,jovenes_13_17,baja
5,4,51,1179,350,jovenes_13_17,baja
4,4,48,1093,461,jovenes_13_17,baja
5,5,49,958,370,jovenes_13_17,baja
3,4,40,1051,433,jovenes_13_17,baja
5,4,49,1046,431,jovenes_13_17,baja
4,4,51,955,383,jovenes_13_17,baja
4,5,45,1009,376,jovenes_13_17,baja
3,5,55,1158,364,jovenes_13_17,baja
5,4,47,946,431,jovenes_13_17,baja
5,5,57,936,384,jovenes_13_17,baja
3,5,56,1108,432,jovenes_13_17,baja
3,4,43,1034,419,jovenes_13_17,baja
4,5,56,945,432,jovenes_13_17,baja
3,4,58,1197,401,jovenes_13_17,baja
4,5,53,1038,494,jovenes_13_17,baja
3,5,41,988,430,jovenes_13_17,baja
4,4,49,1059,457,jovenes_13_17,baja
3,5,43,1129,342,jovenes_13_17,baja
3,5,56,1137,308,jovenes_13_17,baja
3,4,55,984,347,jovenes_13_17,baja
4,4,57,1102,335,jovenes_13_17,baja
5,4,51,1045,497,jovenes_13_17,baja
5,5,46,1059,407,jovenes_13_17,baja
3,4,58,1139,425,jovenes_13_17,baja
5,4,49,972,331,jovenes_13_17,baja
5,4,44,1030,375,jovenes_13_17,baja
3,4,53,946,396,jovenes_13_17,baja
5,5,45,959,363,jovenes_13_17,baja
3,5,51,1051,494,jovenes_13_17,baja
5,4,45,971,422,jovenes_13_17,baja
3,4,40,1173,339,jovenes_13_17,baja
3,5,44,1135,382,jovenes_13_17,baja
4,4,52,985,382,jovenes_13_17,baja
5,5,45,1138,371,jovenes_13_17,baja
4,4,57,1078,318,jovenes_13_17,baja
4,5,44,940,410,jovenes_13_17,baja
5,4,49,1086,455,jovenes_13_17,baja
4,5,44,1108,386,jovenes_13_17,baja
5,5,52,1160,395,jovenes_13_17,baja
3,4,54,1052,365,jovenes_13_17,baja
3,4,46,1025,410,jovenes_13_17,baja
3,5,40,1147,467,jovenes_13_17,baja
3,5,51,1149,376,jovenes_13_17,baja
3,4,40,1067,366,jovenes_13_17,baja
5,4,58,1068,430,jovenes_13_17,baja
3,5,52,1130,478,jovenes_13_17,baja
3,5,43,989,386,jovenes_13_17,baja
3,4,55,1121,406,jovenes_13_17,baja
5,5,40,1145,483,jovenes_13_17,baja
5,5,54,1183,391,jovenes_13_17,baja
3,4,54,972,440,jovenes_13_17,baja
3,4,55,1188,320,jovenes_13_17,baja
4,4,44,1049,377,jovenes_13_17,baja
5,4,58,998,340,jovenes_13_17,baja
5,5,51,982,300,jovenes_13_17,baja
4,5,41,1126,475,jovenes_13_17,baja
5,4,50,1121,306,jovenes_13_17,baja
5,4,41,983,483,jovenes_13_17,baja
4,4,49,993,429,jovenes_13_17,baja
3,5,51,985,326,jovenes_13_17,baja
3,5,56,1067,401,jovenes_13_17,baja
5,5,51,967,379,jovenes_13_17,baja
4,5,57,964,491,jovenes_13_17,baja
5,5,42,1168,319,jovenes_13_17,baja
3,4,41,1189,469,jovenes_13_17,baja
3,4,46,1139,351,jovenes_13_17,baja
5,5,42,994,323,jovenes_13_17,baja
4,4,56,972,462,jovenes_13_17,baja
4,4,46,997,487,jovenes_13_17,baja
5,4,47,959,478,jovenes_13_17,baja
3,4,52,1006,308,jovenes_13_17,baja
5,5,41,1087,375,jovenes_13_17,baja
5,5,44,1170,384,jovenes_13_17,baja
4,4,49,1149,304,jovenes_13_17,baja
5,4,49,1153,333,jovenes_13_17,baja
3,4,52,956,409,jovenes_13_17,baja
4,4,58,987,453,jovenes_13_17,baja
3,4,40,1081,330,jovenes_13_17,baja
5,5,48,1062,418,jovenes_13_17,baja
5,4,48,1079,324,jovenes_13_17,baja
3,5,51,1128,342,jovenes_13_17,baja
3,4,47,1117,458,jovenes_13_17,baja
4,4,46,997,380,jovenes_13_17,baja
4,4,44,1085,301,jovenes_13_17,baja
4,4,41,1095,453,jovenes_13_17,baja
4,5,41,1072,500,jovenes_13_17,baja
4,4,52,1181,457,jovenes_13_17,baja
5,5,56,1114,315,jovenes_13_17,baja
5,4,53,980,320,jovenes_13_17,baja
4,4,40,954,351,jovenes_13_17,baja
5,4,44,1122,365,jovenes_13_17,baja
3,5,53,999,378,jovenes_13_17,baja
5,4,48,1150,336,jovenes_13_17,baja
3,5,49,1001,468,jovenes_13_17,baja
5,5,49,1168,334,jovenes_13_17,baja
4,5,52,998,354,jovenes_13_17,baja
5,5,41,976,355,jovenes_13_17,baja
4,5,47,1015,368,jovenes_13_17,baja
4,4,40,1021,356,jovenes_13_17,baja
4,4,53,1047,403,jovenes_13_17,baja
5,4,42,979,314,jovenes_13_17,baja
4,5,55,988,456,jovenes_13_17,baja
3,5,48,940,358,jovenes_13_17,baja
4,5,45,1141,384,jovenes_13_17,baja
3,5,46,951,356,jovenes_13_17,baja
5,4,50,979,463,jovenes_13_17,baja
4,4,41,1124,499,jovenes_13_17,baja
3,5,52,964,382,jovenes_13_17,baja
3,5,58,986,336,jovenes_13_17,baja
5,5,45,1198,438,jovenes_13_17,baja
4,5,58,1174,446,jovenes_13_17,baja
5,4,52,1070,417,jovenes_13_17,baja
5,4,51,1142,399,jovenes_13_17,baja
4,4,47,1168,366,jovenes_13_17,baja
4,5,46,1172,357,jovenes_13_17,baja
5,5,45,1111,332,jovenes_13_17,baja
5,5,48,1142,433,jovenes_13_17,baja
3,5,53,958,358,jovenes_13_17,baja
5,4,53,937,427,jovenes_13_17,baja
5,4,40,1127,319,jovenes_13_17,baja
5,4,43,1186,484,jovenes_13_17,baja
4,4,48,1033,347,jovenes_13_17,baja
3,4,55,1136,433,jovenes_13_17,baja
5,5,47,1170,372,jovenes_13_17,baja
4,5,58,1127,495,jovenes_13_17,baja
4,5,44,1058,399,jovenes_13_17,baja
5,5,50,1168,447,jovenes_13_17,baja
4,5,51,1086,410,jovenes_13_17,baja
5,5,52,992,319,jovenes_13_17,baja
5,4,56,1014,302,jovenes_13_17,baja
4,5,58,1102,492,jovenes_13_17,baja
4,5,52,938,302,jovenes_13_17,baja
3,5,46,1013,450,jovenes_13_17,baja
3,4,46,1038,475,jovenes_13_17,baja
5,5,46,1034,415,jovenes_13_17,baja
5,4,46,990,420,jovenes_13_17,baja
5,5,58,1146,440,jovenes_13_17,baja
3,5,51,1048,486,jovenes_13_17,baja
4,5,49,934,340,jovenes_13_17,baja
5,5,46,984,483,jovenes_13_17,baja
3,4,54,954,330,jovenes_13_17,baja
3,5,45,1066,347,jovenes_13_17,baja
3,4,42,1020,360,jovenes_13_17,baja
5,5,44,1005,402,jovenes_13_17,baja
3,5,54,1015,492,jovenes_13_17,baja
4,5,41,1070,490,jovenes_13_17,baja
4,4,45,1120,430,jovenes_13_17,baja
3,5,51,1169,493,jovenes_13_17,baja
4,4,49,1096,444,jovenes_13_17,baja
3,5,58,993,430,jovenes_13_17,baja
4,4,58,965,380,jovenes_13_17,baja
5,4,51,1146,473,jovenes_13_17,baja
4,5,49,941,382,jovenes_13_17,baja
3,4,48,1087,435,jovenes_13_17,baja
4,4,58,960,448,jovenes_13_17,baja
3,5,40,1084,425,jovenes_13_17,baja
5,5,52,1034,479,jovenes_13_17,baja
4,4,40,1126,331,jovenes_13_17,baja
5,4,58,985,344,jovenes_13_17,baja
3,5,54,1025,375,jovenes_13_17,baja
3,5,52,966,390,jovenes_13_17,baja
5,5,48,1176,334,jovenes_13_17,baja
3,5,41,1197,320,jovenes_13_17,baja
5,5,45,975,365,jovenes_13_17,baja
3,5,51,1056,425,jovenes_13_17,baja
4,4,42,1053,399,jovenes_13_17,baja
5,5,43,994,316,jovenes_13_17,baja
3,5,55,1171,413,jovenes_13_17,baja
4,5,46,1108,327,jovenes_13_17,baja
5,4,49,1057,460,jovenes_13_17,baja
4,5,58,1097,439,jovenes_13_17,baja
3,5,42,937,434,jovenes_13_17,baja
3,4,50,1190,451,jovenes_13_17,baja
4,4,53,1084,483,jovenes_13_17,baja
5,4,43,1176,481,jovenes_13_17,baja
4,5,56,1032,374,jovenes_13_17,baja
5,5,48,994,423,jovenes_13_17,baja
3,5,56,1031,316,jovenes_13_17,baja
3,5,42,1074,329,jovenes_13_17,baja
3,4,51,1148,473,jovenes_13_17,baja
5,4,46,1019,364,jovenes_13_17,baja
4,5,43,1099,499,jovenes_13_17,baja
3,4,43,1053,439,jovenes_13_17,baja
3,4,52,1122,476,jovenes_13_17,baja
4,4,58,1011,500,jovenes_13_17,baja
4,5,51,1200,322,jovenes_13_17,baja
5,5,43,1113,481,jovenes_13_17,baja
4,4,53,1138,462,jovenes_13_17,baja
3,5,58,1085,369,jovenes_13_17,baja
3,5,53,972,362,jovenes_13_17,baja
3,4,53,982,316,jovenes_13_17,baja
4,4,57,1014,349,jovenes_13_17,baja
5,5,45,1040,390,jovenes_13_17,baja
5,4,49,967,403,jovenes_13_17,baja
5,5,56,1018,355,jovenes_13_17,baja
5,5,57,1088,355,jovenes_13_17,baja
3,5,53,1051,371,jovenes_13_17,baja
3,4,50,1077,347,jovenes_13_17,baja
3,5,53,1035,361,jovenes_13_17,baja
5,5,56,950,342,jovenes_13_17,baja
5,4,40,1119,494,jovenes_13_17,baja
3,4,46,952,489,jovenes_13_17,baja
5,4,51,980,340,jovenes_13_17,baja
3,4,44,1034,485,jovenes_13_17,baja
4,5,51,1142,302,jovenes_13_17,baja
5,5,40,1186,400,jovenes_13_17,baja
4,5,51,1045,495,jovenes_13_17,baja
5,5,50,1134,311,jovenes_13_17,baja
4,4,57,1057,395,jovenes_13_17,baja
3,4,46,1020,308,jovenes_13_17,baja
4,4,53,1105,362,jovenes_13_17,baja
3,5,41,1157,313,jovenes_13_17,baja
4,5,42,1166,314,jovenes_13_17,baja
5,4,44,1100,336,jovenes_13_17,baja
4,5,52,1162,390,jovenes_13_17,baja
3,5,42,1068,331,jovenes_13_17,baja
3,5,42,1036,476,jovenes_13_17,baja
4,5,53,1000,438,jovenes_13_17,baja
4,4,43,1063,329,jovenes_13_17,baja
5,4,43,1039,398,jovenes_13_17,baja
5,5,41,978,434,jovenes_13_17,baja
4,4,48,1043,379,jovenes_13_17,baja
3,5,57,1136,401,jovenes_13_17,baja
3,4,58,1171,418,jovenes_13_17,baja
3,4,56,1055,312,jovenes_13_17,baja
3,4,50,1145,491,jovenes_13_17,baja
3,4,58,1042,328,jovenes_13_17,baja
3,5,56,1164,343,jovenes_13_17,baja
4,5,51,1068,411,jovenes_13_17,baja
4,4,46,1174,396,jovenes_13_17,baja
4,5,56,1124,472,jovenes_13_17,baja
4,5,58,1047,497,jovenes_13_17,baja
4,4,49,1016,452,jovenes_13_17,baja
3,5,58,1144,379,jovenes_13_17,baja
3,4,55,1129,471,jovenes_13_17,baja
5,4,57,1118,493,jovenes_13_17,baja
4,5,45,1006,417,jovenes_13_17,baja
5,5,56,1075,367,jovenes_13_17,baja
5,5,49,985,463,jovenes_13_17,baja
5,4,49,1033,367,jovenes_13_17,baja
3,4,52,975,424,jovenes_13_17,baja
4,4,56,952,313,jovenes_13_17,baja
3,5,49,1058,468,jovenes_13_17,baja
4,5,42,1101,394,jovenes_13_17,baja
3,4,42,1035,319,jovenes_13_17,baja
4,5,40,1118,406,jovenes_13_17,baja
4,4,46,1125,326,jovenes_13_17,baja
5,4,54,956,459,jovenes_13_17,baja
5,5,47,1102,405,jovenes_13_17,baja
5,5,51,1151,346,jovenes_13_17,baja
4,4,53,1008,330,jovenes_13_17,baja
3,4,48,966,342,jovenes_13_17,baja
4,4,46,975,452,jovenes_13_17,baja
3,5,50,953,486,jovenes_13_17,baja
5,4,45,1035,312,jovenes_13_17,baja
4,5,44,1138,493,jovenes_13_17,baja
5,5,48,1145,306,jovenes_13_17,baja
5,4,50,1138,471,jovenes_13_17,baja
5,4,41,960,330,jovenes_13_17,baja
4,4,44,1055,449,jovenes_13_17,baja
4,5,49,1195,366,jovenes_13_17,baja
4,5,44,1180,367,jovenes_13_17,baja
3,5,47,1146,456,jovenes_13_17,baja
5,4,53,1022,300,jovenes_13_17,baja
3,5,56,1181,302,jovenes_13_17,baja
4,4,49,1042,375,jovenes_13_17,baja
4,4,50,1002,347,jovenes_13_17,baja
4,5,49,1048,390,jovenes_13_17,baja
3,4,51,1072,394,jovenes_13_17,baja
5,5,50,1056,421,jovenes_13_17,baja
4,5,58,1142,423,jovenes_13_17,baja
5,5,41,983,479,jovenes_13_17,baja
3,5,57,995,358,jovenes_13_17,baja
5,5,55,1122,393,jovenes_13_17,baja
4,4,54,1107,440,jovenes_13_17,baja
5,4,46,1198,378,jovenes_13_17,baja
5,5,41,1164,312,jovenes_13_17,baja
3,4,47,1066,468,jovenes_13_17,baja
5,4,53,1075,401,jovenes_13_17,baja
5,5,57,1195,497,jovenes_13_17,baja
5,4,57,1101,327,jovenes_13_17,baja
5,4,41,1038,354,jovenes_13_17,baja
4,4,57,1179,355,jovenes_13_17,baja
4,4,52,1126,459,jovenes_13_17,baja
3,4,49,992,372,jovenes_13_17,baja
3,4,47,1031,498,jovenes_13_17,baja
5,5,40,1168,389,jovenes_13_17,baja
3,5,44,976,401,jovenes_13_17,baja
4,4,57,1172,483,jovenes_13_17,baja
5,5,50,997,483,jovenes_13_17,baja
3,4,47,1078,475,jovenes_13_17,baja
3,5,51,1057,465,jovenes_13_17,baja
4,5,55,1108,454,jovenes_13_17,baja
3,4,49,1099,403,jovenes_13_17,baja
4,4,52,1037,364,jovenes_13_17,baja
3,4,48,1096,422,jovenes_13_17,baja
3,4,52,1010,348,jovenes_13_17,baja
5,4,45,1179,424,jovenes_13_17,baja
3,5,40,1132,408,jovenes_13_17,baja
3,4,45,1129,492,jovenes_13_17,baja
5,4,43,961,457,jovenes_13_17,baja
3,4,48,970,484,jovenes_13_17,baja
5,5,51,956,330,jovenes_13_17,baja
3,4,43,1189,309,jovenes_13_17,baja
4,5,46,1116,455,jovenes_13_17,baja
3,5,54,1028,419,jovenes_13_17,baja
3,5,57,1196,301,jovenes_13_17,baja
3,4,56,1155,404,jovenes_13_17,baja
3,5,52,936,368,jovenes_13_17,baja
4,4,53,1083,482,jovenes_13_17,baja
3,5,48,1192,382,jovenes_13_17,baja
3,5,42,1121,323,jovenes_13_17,baja
5,4,57,1006,452,jovenes_13_17,baja
4,5,41,1031,399,jovenes_13_17,baja
5,4,57,1193,432,jovenes_13_17,baja
3,5,44,1084,332,jovenes_13_17,baja
5,5,44,1095,400,jovenes_13_17,baja
4,4,56,987,422,jovenes_13_17,baja
3,4,44,1172,475,jovenes_13_17,baja
4,4,41,1156,450,jovenes_13_17,baja
3,5,41,983,351,jovenes_13_17,baja
3,5,55,1144,396,jovenes_13_17,baja
3,5,56,1128,484,jovenes_13_17,baja
3,4,41,1053,418,jovenes_13_17,baja
3,4,51,955,396,jovenes_13_17,baja
3,4,41,1184,421,jovenes_13_17,baja
3,5,57,982,450,jovenes_13_17,baja
5,4,57,1059,355,jovenes_13_17,baja
3,5,44,1065,415,jovenes_13_17,baja
4,4,50,1168,489,jovenes_13_17,baja
5,4,58,1143,377,jovenes_13_17,baja
5,5,41,1108,454,jovenes_13_17,baja
4,5,48,1181,384,jovenes_13_17,baja
5,4,53,1086,478,jovenes_13_17,baja
3,4,48,944,421,jovenes_13_17,baja
4,5,52,1147,385,jovenes_13_17,baja
5,5,55,1187,326,jovenes_13_17,baja
3,5,49,951,486,jovenes_13_17,baja
5,5,50,1143,458,jovenes_13_17,baja
3,5,47,1170,476,jovenes_13_17,baja
5,4,58,1038,443,jovenes_13_17,baja
5,4,57,944,340,jovenes_13_17,baja
3,4,52,972,346,jovenes_13_17,baja
5,4,53,936,465,jovenes_13_17,baja
5,5,43,1131,387,jovenes_13_17,baja
3,5,58,946,354,jovenes_13_17,baja
5,5,50,981,354,jovenes_13_17,baja
3,4,42,1149,305,jovenes_13_17,baja
4,4,53,1123,408,jovenes_13_17,baja
4,4,42,945,307,jovenes_13_17,baja
4,5,57,1025,369,jovenes_13_17,baja
4,5,45,972,459,jovenes_13_17,baja
4,5,46,1099,484,jovenes_13_17,baja
5,5,53,1171,472,jovenes_13_17,baja
5,5,41,963,391,jovenes_13_17,baja
4,5,51,1094,402,jovenes_13_17,baja
4,5,41,1012,473,jovenes_13_17,baja
3,5,41,1081,434,jovenes_13_17,baja
5,4,48,940,414,jovenes_13_17,baja
5,4,46,1001,368,jovenes_13_17,baja
5,5,42,1032,420,jovenes_13_17,baja
4,4,41,1080,429,jovenes_13_17,baja
4,5,57,1195,418,jovenes_13_17,baja
3,5,54,1176,350,jovenes_13_17,baja
3,4,41,981,485,jovenes_13_17,baja
4,4,48,1191,424,jovenes_13_17,baja
4,4,49,995,348,jovenes_13_17,baja
5,4,46,1167,337,jovenes_13_17,baja
3,5,43,1139,471,jovenes_13_17,baja
5,5,53,996,367,jovenes_13_17,baja
5,4,56,1168,433,jovenes_13_17,baja
4,4,53,999,313,jovenes_13_17,baja
5,5,56,1100,353,jovenes_13_17,baja
5,5,46,1082,449,jovenes_13_17,baja
4,5,55,1082,348,jovenes_13_17,baja
5,4,40,1192,423,jovenes_13_17,baja
4,4,51,1055,420,jovenes_13_17,baja
3,4,41,954,419,jovenes_13_17,baja
5,5,49,1031,462,jovenes_13_17,baja
3,4,55,1142,370,jovenes_13_17,baja
3,4,50,1004,424,jovenes_13_17,baja
4,4,47,1166,464,jovenes_13_17,baja
3,5,57,1145,458,jovenes_13_17,baja
5,5,52,994,352,jovenes_13_17,baja
3,4,52,953,378,jovenes_13_17,baja
5,4,45,1146,396,jovenes_13_17,baja
4,4,56,1142,491,jovenes_13_17,baja
4,5,51,1053,431,jovenes_13_17,baja
3,4,57,1017,309,jovenes_13_17,baja
5,5,42,1134,414,jovenes_13_17,baja
4,4,51,1122,306,jovenes_13_17,baja
3,4,50,940,478,jovenes_13_17,baja
5,4,51,1165,409,jovenes_13_17,baja
5,4,49,1012,408,jovenes_13_17,baja
5,5,57,1106,494,jovenes_13_17,baja
5,4,56,1062,338,jovenes_13_17,baja
3,5,49,1136,482,jovenes_13_17,baja
5,4,41,1184,448,jovenes_13_17,baja
5,4,57,1020,466,jovenes_13_17,baja
3,4,57,1153,308,jovenes_13_17,baja
5,5,53,1180,303,jovenes_13_17,baja
5,5,53,968,479,jovenes_13_17,baja
3,4,53,1197,349,jovenes_13_17,baja
3,4,41,1038,487,jovenes_13_17,baja
4,5,52,1062,432,jovenes_13_17,baja
5,4,47,1119,302,jovenes_13_17,baja
4,5,54,941,338,jovenes_13_17,baja
4,5,52,1193,367,jovenes_13_17,baja
3,4,43,1082,499,jovenes_13_17,baja
5,4,44,1036,441,jovenes_13_17,baja
4,5,42,966,369,jovenes_13_17,baja
3,5,50,1123,459,jovenes_13_17,baja
4,4,54,1145,335,jovenes_13_17,baja
4,5,51,1180,355,jovenes_13_17,baja
3,4,54,1021,485,jovenes_13_17,baja
3,4,40,1055,488,jovenes_13_17,baja
4,4,41,992,320,jovenes_13_17,baja
5,5,49,939,421,jovenes_13_17,baja
5,4,53,959,335,jovenes_13_17,baja
5,4,47,1132,434,jovenes_13_17,baja
3,4,50,1062,400,jovenes_13_17,baja
4,5,41,1166,339,jovenes_13_17,baja
5,5,44,1105,331,jovenes_13_17,baja
4,4,54,973,341,jovenes_13_17,baja
5,4,50,945,357,jovenes_13_17,baja
5,5,55,1095,453,jovenes_13_17,baja
3,5,53,1150,416,jovenes_13_17,baja
3,5,40,1038,409,jovenes_13_17,baja
3,4,42,960,463,jovenes_13_17,baja
3,4,41,1138,362,jovenes_13_17,baja
4,4,44,1177,387,jovenes_13_17,baja
3,5,44,990,498,jovenes_13_17,baja
5,5,45,1152,375,jovenes_13_17,baja
5,4,52,954,417,jovenes_13_17,baja
4,4,41,969,403,jovenes_13_17,baja
4,5,47,1065,458,jovenes_13_17,baja
4,5,47,1110,412,jovenes_13_17,baja
3,5,42,1187,444,jovenes_13_17,baja
5,4,48,1082,384,jovenes_13_17,baja
4,4,47,1025,340,jovenes_13_17,baja
4,4,44,1009,425,jovenes_13_17,baja
3,5,51,949,306,jovenes_13_17,baja
5,5,51,1173,429,jovenes_13_17,baja
5,4,52,1094,346,jovenes_13_17,baja
5,4,56,984,460,jovenes_13_17,baja
4,4,52,1170,322,jovenes_13_17,baja
3,5,44,1089,394,jovenes_13_17,baja
4,4,54,1159,427,jovenes_13_17,baja
5,5,58,956,311,jovenes_13_17,baja
4,5,48,989,311,jovenes_13_17,baja
5,5,58,1051,448,jovenes_13_17,baja
4,4,47,982,448,jovenes_13_17,baja
3,5,52,998,474,jovenes_13_17,baja
3,5,57,1141,432,jovenes_13_17,baja
3,4,56,1056,386,jovenes_13_17,baja
3,5,49,1035,356,jovenes_13_17,baja
4,4,43,960,422,jovenes_13_17,baja
4,5,47,972,348,jovenes_13_17,baja
3,4,55,950,425,jovenes_13_17,baja
4,5,49,1200,441,jovenes_13_17,baja
3,4,41,980,367,jovenes_13_17,baja
3,5,55,971,347,jovenes_13_17,baja
4,5,55,1186,386,jovenes_13_17,baja
5,5,55,1024,382,jovenes_13_17,baja
3,5,40,1002,346,jovenes_13_17,baja
3,5,45,1037,333,jovenes_13_17,baja
3,5,53,987,347,jovenes_13_17,baja
4,5,45,1135,367,jovenes_13_17,baja
5,5,41,1134,459,jovenes_13_17,baja
5,4,53,1198,431,jovenes_13_17,baja
3,5,49,939,309,jovenes_13_17,baja
4,4,40,1143,315,jovenes_13_17,baja
5,5,42,983,497,jovenes_13_17,baja
5,5,44,1058,433,jovenes_13_17,baja
4,4,52,999,481,jovenes_13_17,baja
4,4,45,1163,406,jovenes_13_17,baja
3,5,46,1119,322,jovenes_13_17,baja
5,4,47,998,369,jovenes_13_17,baja
3,5,40,1082,433,jovenes_13_17,baja
3,5,40,1079,370,jovenes_13_17,baja
4,5,56,994,500,jovenes_13_17,baja
3,5,42,1057,415,jovenes_13_17,baja
4,4,55,1175,486,jovenes_13_17,baja
5,4,55,1064,302,jovenes_13_17,baja
4,4,52,1165,389,jovenes_13_17,baja
5,5,47,939,477,jovenes_13_17,baja
5,5,40,977,409,jovenes_13_17,baja
3,4,58,974,477,jovenes_13_17,baja
4,4,57,1051,458,jovenes_13_17,baja
3,5,40,1003,394,jovenes_13_17,baja
3,4,53,1007,443,jovenes_13_17,baja
4,4,47,1197,470,jovenes_13_17,baja
5,5,56,976,303,jovenes_13_17,baja
5,4,47,1019,452,jovenes_13_17,baja
5,5,46,1183,305,jovenes_13_17,baja
4,4,44,1123,390,jovenes_13_17,baja
5,4,47,957,309,jovenes_13_17,baja
4,4,50,957,373,jovenes_13_17,baja
5,4,57,1137,351,jovenes_13_17,baja
3,4,47,1103,408,jovenes_13_17,baja
4,5,51,1198,438,jovenes_13_17,baja
4,5,49,968,363,jovenes_13_17,baja
3,5,45,1168,380,jovenes_13_17,baja
5,5,51,1023,300,jovenes_13_17,baja
5,4,55,1089,342,jovenes_13_17,baja
5,5,48,959,495,jovenes_13_17,baja
4,4,50,951,429,jovenes_13_17,baja
3,4,54,1180,439,jovenes_13_17,baja
4,5,46,1075,309,jovenes_13_17,baja
3,5,53,963,385,jovenes_13_17,baja
4,5,41,991,425,jovenes_13_17,baja
5,5,58,1012,441,jovenes_13_17,baja
5,4,52,1035,334,jovenes_13_17,baja
4,5,48,1006,442,jovenes_13_17,baja
5,5,57,999,341,jovenes_13_17,baja
4,5,50,1057,395,jovenes_13_17,baja
5,5,42,1174,433,jovenes_13_17,baja
3,5,48,1154,379,jovenes_13_17,baja
4,5,51,1148,469,jovenes_13_17,baja
3,4,57,1029,314,jovenes_13_17,baja
4,4,51,1138,469,jovenes_13_17,baja
5,5,48,966,452,jovenes_13_17,baja
4,5,42,966,424,jovenes_13_17,baja
4,4,57,1164,471,jovenes_13_17,baja
3,4,52,1121,466,jovenes_13_17,baja
4,4,55,1076,310,jovenes_13_17,baja
4,5,53,1093,475,jovenes_13_17,baja
3,5,51,1021,305,jovenes_13_17,baja
3,4,48,1031,452,jovenes_13_17,baja
3,5,47,1047,402,jovenes_13_17,baja
4,5,53,1184,480,jovenes_13_17,baja
3,4,44,1046,494,jovenes_13_17,baja
5,4,42,1109,441,jovenes_13_17,baja
3,5,46,1200,363,jovenes_13_17,baja
5,5,55,968,341,jovenes_13_17,baja
4,5,52,985,346,jovenes_13_17,baja
5,5,47,1193,316,jovenes_13_17,baja
3,5,50,1013,309,jovenes_13_17,baja
3,4,50,1030,331,jovenes_13_17,baja
3,5,48,1101,423,jovenes_13_17,baja
5,5,47,999,343,jovenes_13_17,baja
4,5,47,1064,386,jovenes_13_17,baja
5,4,45,1125,399,jovenes_13_17,baja
3,5,49,1081,339,jovenes_13_17,baja
4,5,43,1059,437,jovenes_13_17,baja
4,5,41,1027,311,jovenes_13_17,baja
5,4,55,985,329,jovenes_13_17,baja
3,5,48,1152,401,jovenes_13_17,baja
5,5,52,979,468,jovenes_13_17,baja
4,5,52,1192,496,jovenes_13_17,baja
5,5,49,1170,327,jovenes_13_17,baja
3,5,54,1099,358,jovenes_13_17,baja
5,4,42,1145,500,jovenes_13_17,baja
5,4,46,1133,320,jovenes_13_17,baja
5,5,57,953,301,jovenes_13_17,baja
3,5,52,971,457,jovenes_13_17,baja
3,4,40,955,453,jovenes_13_17,baja
5,5,58,967,397,jovenes_13_17,baja
3,5,45,1155,402,jovenes_13_17,baja
3,5,45,975,376,jovenes_13_17,baja
3,4,47,1095,385,jovenes_13_17,baja
3,4,48,1005,361,jovenes_13_17,baja
5,4,44,1044,488,jovenes_13_17,baja
4,5,41,1043,495,jovenes_13_17,baja
3,4,54,961,379,jovenes_13_17,baja
4,4,48,1057,314,jovenes_13_17,baja
5,5,47,1086,451,jovenes_13_17,baja
3,5,41,1119,437,jovenes_13_17,baja
4,4,41,975,490,jovenes_13_17,baja
3,4,45,1011,352,jovenes_13_17,baja
4,5,51,1094,471,jovenes_13_17,baja
3,5,57,1138,312,jovenes_13_17,baja
4,5,57,976,380,jovenes_13_17,baja
3,4,49,976,368,jovenes_13_17,baja
3,5,48,1189,466,jovenes_13_17,baja
4,5,55,1054,414,jovenes_13_17,baja
3,4,58,1016,446,jovenes_13_17,baja
5,5,46,1072,432,jovenes_13_17,baja
4,5,53,1056,378,jovenes_13_17,baja
3,4,44,1195,327,jovenes_13_17,baja
4,5,58,1138,485,jovenes_13_17,baja
5,4,41,1036,326,jovenes_13_17,baja
3,5,54,981,348,jovenes_13_17,baja
3,5,41,1008,447,jovenes_13_17,baja
5,4,45,992,457,jovenes_13_17,baja
3,5,56,1031,389,jovenes_13_17,baja
5,4,43,937,476,jovenes_13_17,baja
3,4,40,1134,468,jovenes_13_17,baja
5,4,56,1159,329,jovenes_13_17,baja
5,5,55,953,478,jovenes_13_17,baja
3,4,44,1048,431,jovenes_13_17,baja
4,4,43,1027,416,jovenes_13_17,baja
4,5,44,1024,339,jovenes_13_17,baja
4,5,47,1093,348,jovenes_13_17,baja
5,5,57,1018,396,jovenes_13_17,baja
5,4,43,1041,396,jovenes_13_17,baja
3,5,52,945,488,jovenes_13_17,baja
4,5,55,964,416,jovenes_13_17,baja
5,4,58,995,301,jovenes_13_17,baja
5,4,40,1141,432,jovenes_13_17,baja
3,4,58,1079,440,jovenes_13_17,baja
3,4,47,1128,468,jovenes_13_17,baja
5,5,43,988,474,jovenes_13_17,baja
3,4,56,1155,302,jovenes_13_17,baja
4,5,46,1007,430,jovenes_13_17,baja
4,4,45,1132,377,jovenes_13_17,baja
3,4,58,1105,425,jovenes_13_17,baja
4,4,54,1030,399,jovenes_13_17,baja
3,5,57,1137,426,jovenes_13_17,baja
5,5,51,1145,383,jovenes_13_17,baja
3,4,42,984,317,jovenes_13_17,baja
3,4,50,1002,380,jovenes_13_17,baja
4,4,46,1133,383,jovenes_13_17,baja
3,5,54,1124,431,jovenes_13_17,baja
5,4,51,971,343,jovenes_13_17,baja
3,5,46,954,392,jovenes_13_17,baja
4,4,50,1080,467,jovenes_13_17,baja
5,5,40,1020,377,jovenes_13_17,baja
4,4,49,1187,329,jovenes_13_17,baja
5,4,53,1065,409,jovenes_13_17,baja
5,4,51,1082,393,jovenes_13_17,baja
5,5,40,1071,371,jovenes_13_17,baja
5,4,56,1118,358,jovenes_13_17,baja
3,4,57,1182,306,jovenes_13_17,baja
5,5,54,949,366,jovenes_13_17,baja
4,4,54,1099,372,jovenes_13_17,baja
3,4,57,966,362,jovenes_13_17,baja
5,4,44,1146,319,jovenes_13_17,baja
5,4,53,1047,449,jovenes_13_17,baja
3,5,55,1067,492,jovenes_13_17,baja
5,4,41,1064,426,jovenes_13_17,baja
3,4,40,1033,488,jovenes_13_17,baja
4,4,47,975,484,jovenes_13_17,baja
5,4,57,1194,315,jovenes_13_17,baja
4,4,56,1096,441,jovenes_13_17,baja
4,4,48,1025,333,jovenes_13_17,baja
4,4,43,1050,436,jovenes_13_17,baja
5,4,45,1132,466,jovenes_13_17,baja
4,5,43,1196,364,jovenes_13_17,baja
5,5,42,990,484,jovenes_13_17,baja
4,4,46,1117,439,jovenes_13_17,baja
3,5,43,1086,490,jovenes_13_17,baja
3,4,48,1119,448,jovenes_13_17,baja
5,5,55,1130,396,jovenes_13_17,baja
3,5,41,1146,420,jovenes_13_17,baja
5,5,45,1073,479,jovenes_13_17,baja
3,5,41,1044,352,jovenes_13_17,baja
4,5,52,1008,494,jovenes_13_17,baja
5,4,53,1015,379,jovenes_13_17,baja
5,4,55,1178,442,jovenes_13_17,baja
3,5,52,970,358,jovenes_13_17,baja
5,5,54,985,392,jovenes_13_17,baja
5,4,44,1141,364,jovenes_13_17,baja
5,5,42,943,414,jovenes_13_17,baja
3,4,49,1182,355,jovenes_13_17,baja
4,4,52,939,404,jovenes_13_17,baja
5,4,48,1033,458,jovenes_13_17,baja
5,4,46,1051,306,jovenes_13_17,baja
3,4,45,1119,417,jovenes_13_17,baja
5,5,40,970,486,jovenes_13_17,baja
4,5,48,960,410,jovenes_13_17,baja
4,5,41,936,448,jovenes_13_17,baja
5,5,41,1126,421,jovenes_13_17,baja
4,4,57,1038,367,jovenes_13_17,baja
3,4,58,1116,392,jovenes_13_17,baja
5,5,41,964,341,jovenes_13_17,baja
3,4,55,1194,341,jovenes_13_17,baja
5,5,56,1095,495,jovenes_13_17,baja
5,5,42,1088,345,jovenes_13_17,baja
5,4,58,1194,316,jovenes_13_17,baja
4,5,55,1090,331,jovenes_13_17,baja
5,4,47,1170,333,jovenes_13_17,baja
3,4,46,1172,325,jovenes_13_17,baja
5,5,47,1093,336,jovenes_13_17,baja
3,5,52,1053,424,jovenes_13_17,baja
4,5,45,945,330,jovenes_13_17,baja
4,5,48,1197,323,jovenes_13_17,baja
5,5,52,1046,335,jovenes_13_17,baja
3,5,55,1192,430,jovenes_13_17,baja
4,4,53,1000,321,jovenes_13_17,baja
3,5,48,1092,394,jovenes_13_17,baja
3,5,54,998,358,jovenes_13_17,baja
5,5,43,1145,377,jovenes_13_17,baja
3,5,43,1151,336,jovenes_13_17,baja
4,5,46,1166,467,jovenes_13_17,baja
5,5,46,956,384,jovenes_13_17,baja
5,5,55,979,481,jovenes_13_17,baja
3,5,54,970,413,jovenes_13_17,baja
3,5,58,991,412,jovenes_13_17,baja
5,4,51,1196,411,jovenes_13_17,baja
3,4,58,1041,344,jovenes_13_17,baja
4,5,47,983,442,jovenes_13_17,baja
3,5,44,1053,392,jovenes_13_17,baja
5,5,46,1001,402,jovenes_13_17,baja
4,4,55,1090,432,jovenes_13_17,baja
3,4,47,1148,371,jovenes_13_17,baja
5,4,55,1067,444,jovenes_13_17,baja
3,4,49,1031,465,jovenes_13_17,baja
4,4,40,1074,380,jovenes_13_17,baja
3,5,40,1151,362,jovenes_13_17,baja
3,5,51,1071,422,jovenes_13_17,baja
3,4,42,1173,426,jovenes_13_17,baja
5,5,45,1086,494,jovenes_13_17,baja
3,5,54,975,432,jovenes_13_17,baja
5,4,48,1186,372,jovenes_13_17,baja
5,4,48,1190,322,jovenes_13_17,baja
5,5,47,967,470,jovenes_13_17,baja
3,4,47,1143,373,jovenes_13_17,baja
4,5,57,1188,325,jovenes_13_17,baja
3,5,40,1059,303,jovenes_13_17,baja
3,5,41,1190,391,jovenes_13_17,baja
4,4,47,943,426,jovenes_13_17,baja
5,4,44,960,356,jovenes_13_17,baja
4,4,57,1004,488,jovenes_13_17,baja
3,4,45,965,447,jovenes_13_17,baja
5,4,52,1137,325,jovenes_13_17,baja
5,5,58,1053,371,jovenes_13_17,baja
3,5,58,962,417,jovenes_13_17,baja
5,4,40,1116,427,jovenes_13_17,baja
5,5,47,1045,464,jovenes_13_17,baja
5,5,56,1186,431,jovenes_13_17,baja
4,5,56,941,302,jovenes_13_17,baja
4,4,48,1106,332,jovenes_13_17,baja
3,5,53,1177,400,jovenes_13_17,baja
5,5,46,1100,436,jovenes_13_17,baja
5,5,50,958,387,jovenes_13_17,baja
5,5,41,983,389,jovenes_13_17,baja
4,4,43,995,334,jovenes_13_17,baja
3,4,51,1186,448,jovenes_13_17,baja
5,4,54,969,468,jovenes_13_17,baja
5,4,55,1047,405,jovenes_13_17,baja
3,4,58,1037,478,jovenes_13_17,baja
3,4,40,1139,386,jovenes_13_17,baja
3,5,47,1182,450,jovenes_13_17,baja
4,5,55,1168,490,jovenes_13_17,baja
4,4,41,1162,464,jovenes_13_17,baja
3,5,45,1010,474,jovenes_13_17,baja
5,5,46,1011,301,jovenes_13_17,baja
3,4,43,1093,471,jovenes_13_17,baja
5,4,44,1044,394,jovenes_13_17,baja
4,4,58,1067,366,jovenes_13_17,baja
4,5,47,1129,444,jovenes_13_17,baja
4,4,53,1168,313,jovenes_13_17,baja
4,5,50,1122,406,jovenes_13_17,baja
4,4,44,1196,405,jovenes_13_17,baja
5,5,57,1075,495,jovenes_13_17,baja
5,4,48,1028,495,jovenes_13_17,baja
5,5,41,1078,385,jovenes_13_17,baja
4,4,52,1122,384,jovenes_13_17,baja
4,5,58,1091,342,jovenes_13_17,baja
3,5,48,955,373,jovenes_13_17,baja
3,4,44,1199,330,jovenes_13_17,baja
3,4,40,1065,359,jovenes_13_17,baja
4,4,53,996,347,jovenes_13_17,baja
4,5,55,1082,323,jovenes_13_17,baja
3,4,51,1080,427,jovenes_13_17,baja
4,5,48,1118,455,jovenes_13_17,baja
5,5,49,1129,438,jovenes_13_17,baja
4,4,42,978,353,jovenes_13_17,baja
3,4,45,1153,387,jovenes_13_17,baja
5,4,40,1065,312,jovenes_13_17,baja
3,5,54,1013,410,jovenes_13_17,baja
4,4,42,1056,435,jovenes_13_17,baja
3,5,48,991,475,jovenes_13_17,baja
3,4,57,1200,428,jovenes_13_17,baja
3,5,50,997,333,jovenes_13_17,baja
3,5,44,1011,310,jovenes_13_17,baja
5,5,49,940,333,jovenes_13_17,baja
3,4,58,960,403,jovenes_13_17,baja
5,5,55,1076,385,jovenes_13_17,baja
4,4,46,986,316,jovenes_13_17,baja
4,4,46,1093,445,jovenes_13_17,baja
4,4,56,1031,491,jovenes_13_17,baja
5,5,53,1081,491,jovenes_13_17,baja
4,4,40,1090,490,jovenes_13_17,baja
3,5,45,1176,484,jovenes_13_17,baja
4,4,53,1059,350,jovenes_13_17,baja
5,5,44,994,351,jovenes_13_17,baja
5,4,47,1088,318,jovenes_13_17,baja
4,4,55,970,317,jovenes_13_17,baja
4,5,58,989,494,jovenes_13_17,baja
4,5,56,1170,429,jovenes_13_17,baja
3,4,41,1092,326,jovenes_13_17,baja
3,5,55,980,396,jovenes_13_17,baja
4,4,47,1115,449,jovenes_13_17,baja
4,5,55,1182,462,jovenes_13_17,baja
3,4,55,1098,453,jovenes_13_17,baja
4,5,55,1121,438,jovenes_13_17,baja
4,4,57,1151,477,jovenes_13_17,baja
5,5,58,1013,331,jovenes_13_17,baja
4,5,42,1014,330,jovenes_13_17,baja
4,4,52,1171,346,jovenes_13_17,baja
5,4,57,1084,347,jovenes_13_17,baja
5,5,52,1186,385,jovenes_13_17,baja
5,5,43,1151,414,jovenes_13_17,baja
5,5,40,1038,353,jovenes_13_17,baja
4,4,49,972,377,jovenes_13_17,baja
3,5,56,1152,366,jovenes_13_17,baja
5,5,52,1092,426,jovenes_13_17,baja
4,5,55,967,410,jovenes_13_17,baja
5,4,54,1071,470,jovenes_13_17,baja
3,5,56,1182,361,jovenes_13_17,baja
3,4,52,1112,499,jovenes_13_17,baja
5,5,58,1084,445,jovenes_13_17,baja
3,5,47,977,497,jovenes_13_17,baja
4,5,54,1123,450,jovenes_13_17,baja
5,5,55,1130,344,jovenes_13_17,baja
4,5,49,1134,401,jovenes_13_17,baja
4,4,50,937,311,jovenes_13_17,baja
5,4,40,1010,452,jovenes_13_17,baja
4,4,49,1117,483,jovenes_13_17,baja
3,5,47,1013,491,jovenes_13_17,baja
3,5,47,967,473,jovenes_13_17,baja
5,5,57,1134,393,jovenes_13_17,baja
4,5,49,993,413,jovenes_13_17,baja
3,4,58,945,480,jovenes_13_17,baja
4,5,46,1200,310,jovenes_13_17,baja
5,5,43,1157,333,jovenes_13_17,baja
5,5,56,1166,471,jovenes_13_17,baja
4,5,52,1114,378,jovenes_13_17,baja
4,4,48,1177,422,jovenes_13_17,baja
4,4,57,1135,408,jovenes_13_17,baja
4,5,55,965,393,jovenes_13_17,baja
3,4,40,962,338,jovenes_13_17,baja
4,4,44,1129,333,jovenes_13_17,baja
5,4,44,1187,349,jovenes_13_17,baja
4,4,44,1049,456,jovenes_13_17,baja
3,5,55,1177,435,jovenes_13_17,baja
4,4,43,1059,379,jovenes_13_17,baja
5,5,45,1047,486,jovenes_13_17,baja
4,4,57,1036,469,jovenes_13_17,baja
5,5,47,1116,382,jovenes_13_17,baja
4,5,57,1153,496,jovenes_13_17,baja
5,4,48,1154,391,jovenes_13_17,baja
5,5,55,1099,445,jovenes_13_17,baja
5,4,41,1055,441,jovenes_13_17,baja
3,5,55,943,499,jovenes_13_17,baja
5,5,49,1045,447,jovenes_13_17,baja
5,4,43,974,300,jovenes_13_17,baja
3,4,44,1082,422,jovenes_13_17,baja
4,5,44,1150,432,jovenes_13_17,baja
4,5,57,1081,434,jovenes_13_17,baja
3,4,56,1116,355,jovenes_13_17,baja
3,4,44,1148,486,jovenes_13_17,baja
3,5,50,1110,354,jovenes_13_17,baja
5,4,53,988,316,jovenes_13_17,baja
4,5,49,1130,315,jovenes_13_17,baja
4,5,45,1103,456,jovenes_13_17,baja
4,4,48,944,313,jovenes_13_17,baja
4,5,49,936,497,jovenes_13_17,baja
4,4,46,1029,442,jovenes_13_17,baja
3,4,47,951,444,jovenes_13_17,baja
5,5,40,957,301,jovenes_13_17,baja
5,5,48,1200,361,jovenes_13_17,baja
3,5,47,1032,346,jovenes_13_17,baja
3,4,41,934,348,jovenes_13_17,baja
3,4,51,1121,356,jovenes_13_17,baja
4,4,46,1040,439,jovenes_13_17,baja
5,4,45,1190,454,jovenes_13_17,baja
3,4,48,964,418,jovenes_13_17,baja
3,5,40,1142,475,jovenes_13_17,baja
3,4,52,974,386,jovenes_13_17,baja
5,5,51,1115,488,jovenes_13_17,baja
4,4,46,1003,324,jovenes_13_17,baja
4,4,54,1092,337,jovenes_13_17,baja
5,4,52,1115,467,jovenes_13_17,baja
4,5,48,1199,455,jovenes_13_17,baja
5,4,46,1140,491,jovenes_13_17,baja
4,4,53,966,347,jovenes_13_17,baja
5,4,43,1060,335,jovenes_13_17,baja
3,4,52,1184,307,jovenes_13_17,baja
5,4,47,1053,392,jovenes_13_17,baja
4,5,54,940,318,jovenes_13_17,baja
5,4,43,1143,345,jovenes_13_17,baja
5,5,48,1048,361,jovenes_13_17,baja
4,4,51,962,435,jovenes_13_17,baja
5,5,51,1120,500,jovenes_13_17,baja
5,4,53,967,310,jovenes_13_17,baja
3,4,53,1036,423,jovenes_13_17,baja
5,5,54,948,474,jovenes_13_17,baja
5,4,55,977,442,jovenes_13_17,baja
4,4,45,1156,343,jovenes_13_17,baja
5,5,47,1068,476,jovenes_13_17,baja
5,5,57,1071,375,jovenes_13_17,baja
4,5,51,1088,353,jovenes_13_17,baja
4,4,55,1041,417,jovenes_13_17,baja
4,5,42,1087,451,jovenes_13_17,baja
5,4,53,1068,326,jovenes_13_17,baja
3,4,58,1140,311,jovenes_13_17,baja
5,5,50,1010,317,jovenes_13_17,baja
5,4,58,968,458,jovenes_13_17,baja
5,5,46,1008,383,jovenes_13_17,baja
3,4,40,958,450,jovenes_13_17,baja
5,5,53,1164,490,jovenes_13_17,baja
5,5,48,1163,342,jovenes_13_17,baja
4,4,42,946,383,jovenes_13_17,baja
4,5,52,988,394,jovenes_13_17,baja
5,5,53,1000,354,jovenes_13_17,baja
3,4,42,963,499,jovenes_13_17,baja
5,5,48,1139,465,jovenes_13_17,baja
3,5,46,1123,351,jovenes_13_17,baja
5,4,48,959,390,jovenes_13_17,baja
4,4,40,1127,380,jovenes_13_17,baja
3,4,57,1180,418,jovenes_13_17,baja
5,5,47,1135,473,jovenes_13_17,baja
5,4,47,1051,332,jovenes_13_17,baja
5,5,48,1193,500,jovenes_13_17,baja
4,4,58,1103,417,jovenes_13_17,baja
4,4,58,1180,367,jovenes_13_17,baja
4,5,58,1197,320,jovenes_13_17,baja
3,4,53,1115,371,jovenes_13_17,baja
3,5,44,1060,353,jovenes_13_17,baja
5,4,49,1074,404,jovenes_13_17,baja
5,4,53,1047,428,jovenes_13_17,baja
4,5,51,1131,320,jovenes_13_17,baja
5,4,43,1028,488,jovenes_13_17,baja
5,5,47,1181,466,jovenes_13_17,baja
5,5,48,1016,364,jovenes_13_17,baja
4,4,48,1086,351,jovenes_13_17,baja
4,4,40,983,388,jovenes_13_17,baja
4,5,46,1053,308,jovenes_13_17,baja
4,5,43,1055,485,jovenes_13_17,baja
3,4,48,1045,379,jovenes_13_17,baja
3,5,47,1180,455,jovenes_13_17,baja
4,5,45,1184,467,jovenes_13_17,baja
4,4,51,1196,389,jovenes_13_17,baja
4,5,42,1193,319,jovenes_13_17,baja
5,4,54,970,430,jovenes_13_17,baja
4,5,52,1086,495,jovenes_13_17,baja
3,5,47,1156,377,jovenes_13_17,baja
3,4,50,986,350,jovenes_13_17,baja
4,4,41,1129,405,jovenes_13_17,baja
5,4,43,1183,453,jovenes_13_17,baja
5,5,48,944,436,jovenes_13_17,baja
4,5,42,1157,354,jovenes_13_17,baja
5,5,57,1089,308,jovenes_13_17,baja
4,4,52,1074,317,jovenes_13_17,baja
4,4,41,1150,479,jovenes_13_17,baja
5,4,52,995,378,jovenes_13_17,baja
5,4,40,1029,368,jovenes_13_17,baja
3,4,50,1057,328,jovenes_13_17,baja
5,5,45,1043,408,jovenes_13_17,baja
5,5,48,1180,471,jovenes_13_17,baja
4,5,40,1037,373,jovenes_13_17,baja
5,5,53,1022,350,jovenes_13_17,baja
4,5,45,1007,437,jovenes_13_17,baja
3,5,53,1177,394,jovenes_13_17,baja
5,5,55,1101,317,jovenes_13_17,baja
3,5,58,1130,369,jovenes_13_17,baja
5,5,55,1049,459,jovenes_13_17,baja
3,4,40,1081,374,jovenes_13_17,baja
5,5,54,1139,358,jovenes_13_17,baja
5,4,56,1039,362,jovenes_13_17,baja
4,5,57,1195,496,jovenes_13_17,baja
5,4,47,956,450,jovenes_13_17,baja
3,5,45,1063,359,jovenes_13_17,baja
5,5,49,1051,366,jovenes_13_17,baja
4,5,52,1145,385,jovenes_13_17,baja
5,5,52,1126,342,jovenes_13_17,baja
4,5,54,960,449,jovenes_13_17,baja
4,5,47,1007,356,jovenes_13_17,baja
4,4,57,1158,312,jovenes_13_17,baja
5,4,52,1159,408,jovenes_13_17,baja
5,5,52,1024,444,jovenes_13_17,baja
3,4,49,1167,476,jovenes_13_17,baja
4,4,50,943,439,jovenes_13_17,baja
4,5,50,1029,479,jovenes_13_17,baja
5,5,55,1023,311,jovenes_13_17,baja
5,4,48,1049,433,jovenes_13_17,baja
3,4,50,1118,493,jovenes_13_17,baja
5,5,55,1092,312,jovenes_13_17,baja
5,5,43,1125,496,jovenes_13_17,baja
5,5,54,1079,423,jovenes_13_17,baja
4,5,58,997,485,jovenes_13_17,baja
5,4,54,1045,457,jovenes_13_17,baja
5,5,40,1192,352,jovenes_13_17,baja
4,4,51,1015,469,jovenes_13_17,baja
5,5,54,1095,323,jovenes_13_17,baja
5,5,43,1167,345,jovenes_13_17,baja
5,4,43,966,357,jovenes_13_17,baja
3,5,41,1035,395,jovenes_13_17,baja
5,4,58,1125,357,jovenes_13_17,baja
5,5,51,1077,376,jovenes_13_17,baja
3,5,47,1054,478,jovenes_13_17,baja
5,4,56,1010,458,jovenes_13_17,baja
3,5,51,978,312,jovenes_13_17,baja
3,4,45,980,433,jovenes_13_17,baja
3,4,47,1166,464,jovenes_13_17,baja
3,4,56,956,435,jovenes_13_17,baja
5,5,48,955,419,jovenes_13_17,baja
3,5,45,1075,348,jovenes_13_17,baja
4,4,42,1130,455,jovenes_13_17,baja
4,5,47,1191,438,jovenes_13_17,baja
4,5,49,1192,398,jovenes_13_17,baja
5,5,49,940,494,jovenes_13_17,baja
4,4,48,956,397,jovenes_13_17,baja
4,5,45,1127,455,jovenes_13_17,baja
4,5,40,1111,336,jovenes_13_17,baja
3,4,56,1006,423,jovenes_13_17,baja
5,5,56,950,330,jovenes_13_17,baja
3,5,46,1071,438,jovenes_13_17,baja
5,5,42,1197,423,jovenes_13_17,baja
4,4,57,960,414,jovenes_13_17,baja
3,4,51,945,465,jovenes_13_17,baja
4,4,57,1061,363,jovenes_13_17,baja
4,5,44,1048,424,jovenes_13_17,baja
5,4,50,970,446,jovenes_13_17,baja
5,5,41,1102,478,jovenes_13_17,baja
3,5,40,984,405,jovenes_13_17,baja
3,4,51,1179,422,jovenes_13_17,baja
3,4,46,1058,391,jovenes_13_17,baja
4,5,53,1123,452,jovenes_13_17,baja
3,5,57,1089,372,jovenes_13_17,baja
4,4,52,1025,344,jovenes_13_17,baja
3,4,48,940,312,jovenes_13_17,baja
4,4,52,1044,387,jovenes_13_17,baja
5,5,52,987,431,jovenes_13_17,baja
4,5,58,1031,378,jovenes_13_17,baja
3,4,45,1162,478,jovenes_13_17,baja
4,4,49,1059,355,jovenes_13_17,baja
5,4,52,1141,397,jovenes_13_17,baja
3,4,45,1067,435,jovenes_13_17,baja
4,5,42,1070,435,jovenes_13_17,baja
4,5,42,951,413,jovenes_13_17,baja
5,5,46,1176,439,jovenes_13_17,baja
4,4,48,937,429,jovenes_13_17,baja
5,5,46,1040,456,jovenes_13_17,baja
3,4,58,987,384,jovenes_13_17,baja
4,4,58,1037,485,jovenes_13_17,baja
5,4,54,1152,424,jovenes_13_17,baja
3,5,41,1166,482,jovenes_13_17,baja
4,5,42,949,493,jovenes_13_17,baja
3,4,43,1173,498,jovenes_13_17,baja
5,4,58,1103,323,jovenes_13_17,baja
5,5,46,994,389,jovenes_13_17,baja
5,4,58,1014,303,jovenes_13_17,baja
5,5,50,1110,350,jovenes_13_17,baja
3,4,52,1037,306,jovenes_13_17,baja
4,4,51,1124,500,jovenes_13_17,baja
5,4,57,936,325,jovenes_13_17,baja
3,5,57,1092,431,jovenes_13_17,baja
4,5,52,1128,467,jovenes_13_17,baja
4,5,56,1154,363,jovenes_13_17,baja
4,5,47,1002,457,jovenes_13_17,baja
4,4,42,1104,465,jovenes_13_17,baja
5,5,52,1199,355,jovenes_13_17,baja
5,4,48,973,466,jovenes_13_17,baja
5,5,42,1141,425,jovenes_13_17,baja
5,4,51,954,362,jovenes_13_17,baja
3,5,58,942,461,jovenes_13_17,baja
5,4,45,1059,313,jovenes_13_17,baja
4,5,50,1008,465,jovenes_13_17,baja
4,4,53,1150,341,jovenes_13_17,baja
5,5,55,1104,441,jovenes_13_17,baja
5,4,49,1042,393,jovenes_13_17,baja
4,4,47,938,433,jovenes_13_17,baja
5,5,43,1007,416,jovenes_13_17,baja
5,5,55,1088,304,jovenes_13_17,baja
4,4,53,1170,492,jovenes_13_17,baja
4,4,52,1143,381,jovenes_13_17,baja
5,4,52,1039,332,jovenes_13_17,baja
5,5,51,993,309,jovenes_13_17,baja
4,5,58,1163,380,jovenes_13_17,baja
4,4,57,1087,492,jovenes_13_17,baja
3,5,53,1038,347,jovenes_13_17,baja
5,4,55,1031,461,jovenes_13_17,baja
3,4,53,1174,428,jovenes_13_17,baja
4,5,54,958,415,jovenes_13_17,baja
3,5,51,1182,407,jovenes_13_17,baja
3,4,48,1002,500,jovenes_13_17,baja
5,5,46,1103,326,jovenes_13_17,baja
4,4,54,1134,343,jovenes_13_17,baja
3,5,42,1123,374,jovenes_13_17,baja
3,4,45,1148,308,jovenes_13_17,baja
3,4,50,1150,403,jovenes_13_17,baja
4,4,53,940,318,jovenes_13_17,baja
4,4,55,1106,310,jovenes_13_17,baja
4,5,45,1135,474,jovenes_13_17,baja
4,5,40,1039,423,jovenes_13_17,baja
4,4,53,1107,461,jovenes_13_17,baja
3,4,52,972,477,jovenes_13_17,baja
3,4,47,1061,499,jovenes_13_17,baja
3,5,40,1115,398,jovenes_13_17,baja
5,4,56,1051,367,jovenes_13_17,baja
5,5,58,1136,432,jovenes_13_17,baja
3,4,41,1194,322,jovenes_13_17,baja
5,5,46,1125,329,jovenes_13_17,baja
3,5,41,1056,472,jovenes_13_17,baja
3,5,54,1120,473,jovenes_13_17,baja
5,5,56,975,354,jovenes_13_17,baja
5,4,58,1063,326,jovenes_13_17,baja
3,5,55,977,444,jovenes_13_17,baja
5,4,48,1035,428,jovenes_13_17,baja
4,5,48,1031,459,jovenes_13_17,baja
3,4,54,1059,300,jovenes_13_17,baja
3,4,50,1156,303,jovenes_13_17,baja
3,4,40,1024,485,jovenes_13_17,baja
4,4,57,1035,486,jovenes_13_17,baja
4,5,50,1112,419,jovenes_13_17,baja
4,4,52,1003,338,jovenes_13_17,baja
3,4,45,1022,488,jovenes_13_17,baja
5,4,50,1038,447,jovenes_13_17,baja
3,4,49,939,350,jovenes_13_17,baja
4,4,42,1177,401,jovenes_13_17,baja
5,4,40,1058,354,jovenes_13_17,baja
5,4,53,942,461,jovenes_13_17,baja
4,5,49,1083,335,jovenes_13_17,baja
5,5,41,1196,340,jovenes_13_17,baja
4,4,54,1187,397,jovenes_13_17,baja
4,5,54,1152,346,jovenes_13_17,baja
5,4,49,1090,406,jovenes_13_17,baja
5,5,41,1018,490,jovenes_13_17,baja
3,5,47,1103,475,jovenes_13_17,baja
3,4,50,1083,360,jovenes_13_17,baja
3,5,57,960,373,jovenes_13_17,baja
5,4,52,1165,352,jovenes_13_17,baja
3,5,49,1186,482,jovenes_13_17,baja
3,5,53,1172,300,jovenes_13_17,baja
5,4,48,1011,419,jovenes_13_17,baja
4,5,56,1200,451,jovenes_13_17,baja
3,4,40,1177,325,jovenes_13_17,baja
5,5,42,939,352,jovenes_13_17,baja
4,4,46,1037,466,jovenes_13_17,baja
4,4,42,1137,443,jovenes_13_17,baja
3,4,45,988,346,jovenes_13_17,baja
4,4,49,1116,340,jovenes_13_17,baja
4,4,50,945,479,jovenes_13_17,baja
5,5,46,990,478,jovenes_13_17,baja
3,5,56,1191,461,jovenes_13_17,baja
5,5,56,982,401,jovenes_13_17,baja
3,4,52,1068,446,jovenes_13_17,baja
5,5,48,967,469,jovenes_13_17,baja
3,4,45,1176,459,jovenes_13_17,baja
4,4,54,1094,300,jovenes_13_17,baja
3,5,55,1169,393,jovenes_13_17,baja
5,4,53,1162,492,jovenes_13_17,baja
3,4,52,1171,392,jovenes_13_17,baja
3,5,55,1024,496,jovenes_13_17,baja
5,4,48,1037,354,jovenes_13_17,baja
4,5,44,1081,465,jovenes_13_17,baja
3,4,57,1110,468,jovenes_13_17,baja
3,5,52,946,322,jovenes_13_17,baja
3,5,54,1107,360,jovenes_13_17,baja
4,5,48,945,415,jovenes_13_17,baja
3,4,45,995,321,jovenes_13_17,baja
4,5,52,1080,447,jovenes_13_17,baja
5,5,49,1087,408,jovenes_13_17,baja
4,5,55,1182,348,jovenes_13_17,baja
5,4,42,985,470,jovenes_13_17,baja
4,4,46,1144,476,jovenes_13_17,baja
3,5,42,1098,307,jovenes_13_17,baja
3,4,56,1103,454,jovenes_13_17,baja
5,4,51,1033,426,jovenes_13_17,baja
3,4,49,1131,327,jovenes_13_17,baja
3,4,50,1099,306,jovenes_13_17,baja
3,5,51,1089,455,jovenes_13_17,baja
3,4,54,949,399,jovenes_13_17,baja
5,4,50,1001,467,jovenes_13_17,baja
4,5,49,997,315,jovenes_13_17,baja
5,4,40,1045,429,jovenes_13_17,baja
4,4,40,1150,456,jovenes_13_17,baja
3,5,47,1060,497,jovenes_13_17,baja
3,5,41,1189,389,jovenes_13_17,baja
4,4,43,1044,413,jovenes_13_17,baja
5,5,53,1133,358,jovenes_13_17,baja
3,4,46,1024,412,jovenes_13_17,baja
3,4,44,1193,497,jovenes_13_17,baja
3,5,48,1097,341,jovenes_13_17,baja
4,5,50,1127,485,jovenes_13_17,baja
5,5,53,1012,457,jovenes_13_17,baja
5,5,44,1091,316,jovenes_13_17,baja
3,4,49,978,493,jovenes_13_17,baja
4,4,51,1058,430,jovenes_13_17,baja
4,5,44,941,318,jovenes_13_17,baja
5,5,57,1138,362,jovenes_13_17,baja
5,5,41,1059,471,jovenes_13_17,baja
4,4,52,1116,319,jovenes_13_17,baja
5,5,48,1176,328,jovenes_13_17,baja
4,5,54,990,353,jovenes_13_17,baja
4,4,47,1119,355,jovenes_13_17,baja
4,4,46,1197,400,jovenes_13_17,baja
3,5,54,935,330,jovenes_13_17,baja
4,5,42,1006,369,jovenes_13_17,baja
5,5,52,1045,339,jovenes_13_17,baja
4,5,54,964,372,jovenes_13_17,baja
4,4,43,1069,438,jovenes_13_17,baja
3,4,46,1003,385,jovenes_13_17,baja
5,5,55,1107,368,jovenes_13_17,baja
4,4,50,1110,338,jovenes_13_17,baja
4,5,48,1097,310,jovenes_13_17,baja
3,5,53,1065,487,jovenes_13_17,baja
4,4,45,1147,416,jovenes_13_17,baja
3,5,54,982,410,jovenes_13_17,baja
3,5,40,1019,359,jovenes_13_17,baja
5,4,47,1183,345,jovenes_13_17,baja
5,4,42,969,348,jovenes_13_17,baja
4,4,53,1167,307,jovenes_13_17,baja
5,5,46,994,358,jovenes_13_17,baja
4,4,46,1178,347,jovenes_13_17,baja
5,4,55,969,486,jovenes_13_17,baja
4,5,48,1045,319,jovenes_13_17,baja
3,5,52,1108,408,jovenes_13_17,baja
5,4,43,1123,398,jovenes_13_17,baja
5,5,54,993,485,jovenes_13_17,baja
3,4,58,1103,447,jovenes_13_17,baja
3,4,57,954,453,jovenes_13_17,baja
4,4,47,999,358,jovenes_13_17,baja
3,5,45,1005,340,jovenes_13_17,baja
3,4,57,983,463,jovenes_13_17,baja
5,5,45,1040,319,jovenes_13_17,baja
5,5,55,968,314,jovenes_13_17,baja
3,5,52,1001,304,jovenes_13_17,baja
4,4,48,958,436,jovenes_13_17,baja
3,4,57,943,438,jovenes_13_17,baja
4,4,55,1172,403,jovenes_13_17,baja
3,5,47,1178,319,jovenes_13_17,baja
5,5,47,1097,319,jovenes_13_17,baja
4,5,47,1058,447,jovenes_13_17,baja
3,4,55,948,374,jovenes_13_17,baja
3,5,42,1147,416,jovenes_13_17,baja
4,4,54,1182,428,jovenes_13_17,baja
5,5,51,935,328,jovenes_13_17,baja
5,4,55,1106,486,jovenes_13_17,baja
3,5,54,1145,361,jovenes_13_17,baja
5,4,58,1037,333,jovenes_13_17,baja
3,4,44,1091,383,jovenes_13_17,baja
4,5,42,1050,360,jovenes_13_17,baja
3,4,41,1142,468,jovenes_13_17,baja
5,5,44,1169,374,jovenes_13_17,baja
4,5,52,1008,478,jovenes_13_17,baja
3,5,45,1034,468,jovenes_13_17,baja
5,4,44,975,400,jovenes_13_17,baja
3,4,56,1008,326,jovenes_13_17,baja
5,5,53,1107,366,jovenes_13_17,baja
5,5,56,1006,357,jovenes_13_17,baja
3,4,42,1061,421,jovenes_13_17,baja
5,4,57,946,445,jovenes_13_17,baja
5,5,57,1144,489,jovenes_13_17,baja
4,4,47,1145,341,jovenes_13_17,baja
3,4,43,1174,484,jovenes_13_17,baja
5,4,57,1022,379,jovenes_13_17,baja
3,5,52,953,355,jovenes_13_17,baja
4,5,43,1000,350,jovenes_13_17,baja
5,4,41,997,500,jovenes_13_17,baja
3,5,40,977,497,jovenes_13_17,baja
3,4,42,1146,430,jovenes_13_17,baja
4,5,53,959,454,jovenes_13_17,baja
4,5,40,1155,404,jovenes_13_17,baja
4,4,41,1083,382,jovenes_13_17,baja
4,5,52,1093,376,jovenes_13_17,baja
3,5,50,1050,494,jovenes_13_17,baja
4,5,57,1161,468,jovenes_13_17,baja
3,5,51,1011,395,jovenes_13_17,baja
3,5,52,1098,404,jovenes_13_17,baja
4,5,52,1114,446,jovenes_13_17,baja
5,5,53,1026,356,jovenes_13_17,baja
5,5,55,1128,454,jovenes_13_17,baja
3,5,57,981,337,jovenes_13_17,baja
4,4,41,971,353,jovenes_13_17,baja
3,4,48,1069,409,jovenes_13_17,baja
5,4,49,1199,450,jovenes_13_17,baja
4,5,40,956,478,jovenes_13_17,baja
5,4,49,1112,406,jovenes_13_17,baja
5,4,51,1016,422,jovenes_13_17,baja
3,5,52,1152,417,jovenes_13_17,baja
3,5,58,1097,459,jovenes_13_17,baja
5,5,46,948,429,jovenes_13_17,baja
5,5,50,955,497,jovenes_13_17,baja
3,5,48,945,438,jovenes_13_17,baja
5,4,48,941,420,jovenes_13_17,baja
4,5,50,1122,478,jovenes_13_17,baja
3,5,48,965,437,jovenes_13_17,baja
4,5,41,1033,454,jovenes_13_17,baja
5,4,51,1162,456,jovenes_13_17,baja
3,5,54,940,418,jovenes_13_17,baja
4,5,53,1155,438,jovenes_13_17,baja
5,5,47,1112,327,jovenes_13_17,baja
4,4,51,975,465,jovenes_13_17,baja
5,4,43,978,410,jovenes_13_17,baja
5,5,53,1001,420,jovenes_13_17,baja
3,5,47,1074,447,jovenes_13_17,baja
4,4,52,1169,387,jovenes_13_17,baja
5,4,56,1015,351,jovenes_13_17,baja
5,4,48,1133,496,jovenes_13_17,baja
3,5,50,1168,447,jovenes_13_17,baja
3,5,45,1113,417,jovenes_13_17,baja
3,4,42,1016,422,jovenes_13_17,baja
3,5,53,1101,475,jovenes_13_17,baja
4,4,58,941,330,jovenes_13_17,baja
4,5,49,950,394,jovenes_13_17,baja
4,5,56,1006,450,jovenes_13_17,baja
3,4,54,1004,479,jovenes_13_17,baja
3,4,47,1125,483,jovenes_13_17,baja
4,5,46,1087,317,jovenes_13_17,baja
3,4,46,1032,304,jovenes_13_17,baja
4,5,58,1007,319,jovenes_13_17,baja
5,4,43,1134,442,jovenes_13_17,baja
4,5,56,1046,463,jovenes_13_17,baja
4,4,46,1006,386,jovenes_13_17,baja
5,4,42,1059,371,jovenes_13_17,baja
5,4,42,1163,417,jovenes_13_17,baja
4,4,41,946,461,jovenes_13_17,baja
3,5,57,1057,436,jovenes_13_17,baja
3,5,42,1004,466,jovenes_13_17,baja
3,4,45,1170,414,jovenes_13_17,baja
3,4,46,1107,450,jovenes_13_17,baja
4,4,48,1055,329,jovenes_13_17,baja
4,5,58,1036,340,jovenes_13_17,baja
5,5,57,1000,440,jovenes_13_17,baja
3,5,44,962,344,jovenes_13_17,baja
3,5,49,1106,435,jovenes_13_17,baja
4,4,58,1154,474,jovenes_13_17,baja
5,5,58,997,355,jovenes_13_17,baja
4,4,57,1071,372,jovenes_13_17,baja
4,5,48,1067,370,jovenes_13_17,baja
3,5,51,1046,317,jovenes_13_17,baja
3,4,56,962,324,jovenes_13_17,baja
5,4,52,1169,418,jovenes_13_17,baja
4,5,55,1079,407,jovenes_13_17,baja
4,4,50,1031,341,jovenes_13_17,baja
3,5,50,1055,399,jovenes_13_17,baja
4,5,55,980,310,jovenes_13_17,baja
4,5,49,1087,412,jovenes_13_17,baja
3,4,49,939,394,jovenes_13_17,baja
3,5,58,1096,398,jovenes_13_17,baja
4,5,58,1086,414,jovenes_13_17,baja
4,4,58,1171,392,jovenes_13_17,baja
4,5,58,982,352,jovenes_13_17,baja
4,5,52,1104,302,jovenes_13_17,baja
3,5,42,985,495,jovenes_13_17,baja
4,5,49,1186,414,jovenes_13_17,baja
4,4,53,938,385,jovenes_13_17,baja
4,4,55,1080,381,jovenes_13_17,baja
5,5,56,1093,327,jovenes_13_17,baja
4,5,46,1063,456,jovenes_13_17,baja
5,5,42,990,324,jovenes_13_17,baja
4,4,52,974,497,jovenes_13_17,baja
3,4,47,973,479,jovenes_13_17,baja
5,4,58,1019,396,jovenes_13_17,baja
4,4,41,1150,500,jovenes_13_17,baja
4,5,56,961,361,jovenes_13_17,baja
5,5,50,1175,498,jovenes_13_17,baja
4,4,55,998,485,jovenes_13_17,baja
3,4,57,980,453,jovenes_13_17,baja
3,4,53,1172,308,jovenes_13_17,baja
4,5,55,944,470,jovenes_13_17,baja
3,5,42,964,448,jovenes_13_17,baja
4,5,45,1005,496,jovenes_13_17,baja
3,5,48,937,498,jovenes_13_17,baja
4,5,48,1081,386,jovenes_13_17,baja
3,4,57,1199,398,jovenes_13_17,baja
4,5,41,1192,356,jovenes_13_17,baja
3,5,55,1179,440,jovenes_13_17,baja
4,5,47,1130,471,jovenes_13_17,baja
5,5,49,973,370,jovenes_13_17,baja
5,4,50,1102,495,jovenes_13_17,baja
5,4,44,1120,485,jovenes_13_17,baja
5,5,46,1177,366,jovenes_13_17,baja
3,5,49,1103,419,jovenes_13_17,baja
3,4,55,1092,367,jovenes_13_17,baja
5,5,41,1108,322,jovenes_13_17,baja
5,4,54,1065,478,jovenes_13_17,baja
5,5,44,1120,451,jovenes_13_17,baja
4,5,41,1025,355,jovenes_13_17,baja
5,5,52,949,412,jovenes_13_17,baja
4,4,43,1039,359,jovenes_13_17,baja
3,4,57,1171,334,jovenes_13_17,baja
5,4,51,1198,450,jovenes_13_17,baja
4,4,51,1006,332,jovenes_13_17,baja
5,4,43,1016,465,jovenes_13_17,baja
4,4,48,996,424,jovenes_13_17,baja
3,4,53,938,330,jovenes_13_17,baja
3,5,44,994,383,jovenes_13_17,baja
3,4,51,1134,488,jovenes_13_17,baja
3,4,41,1003,391,jovenes_13_17,baja
5,4,49,1013,481,jovenes_13_17,baja
5,5,57,1148,440,jovenes_13_17,baja
3,4,45,1116,424,jovenes_13_17,baja
4,4,45,1161,420,jovenes_13_17,baja
5,5,51,1109,485,jovenes_13_17,baja
3,4,57,997,309,jovenes_13_17,baja
4,4,47,1019,339,jovenes_13_17,baja
3,5,57,1072,320,jovenes_13_17,baja
5,4,56,1142,347,jovenes_13_17,baja
4,5,52,969,497,jovenes_13_17,baja
4,5,50,1095,386,jovenes_13_17,baja
3,4,46,936,351,jovenes_13_17,baja
3,4,56,1152,391,jovenes_13_17,baja
5,4,40,1055,386,jovenes_13_17,baja
4,4,41,1146,386,jovenes_13_17,baja
5,5,42,1178,482,jovenes_13_17,baja
3,4,56,1008,339,jovenes_13_17,baja
5,4,42,1042,431,jovenes_13_17,baja
5,5,57,1033,316,jovenes_13_17,baja
5,5,43,1137,320,jovenes_13_17,baja
3,4,58,973,339,jovenes_13_17,baja
4,5,44,1091,495,jovenes_13_17,baja
4,5,55,1198,398,jovenes_13_17,baja
5,5,40,1137,306,jovenes_13_17,baja
5,4,44,939,403,jovenes_13_17,baja
4,4,57,1126,500,jovenes_13_17,baja
5,5,56,1021,318,jovenes_13_17,baja
3,5,56,1185,498,jovenes_13_17,baja
4,5,58,982,384,jovenes_13_17,baja
3,4,46,1059,447,jovenes_13_17,baja
4,5,42,1105,307,jovenes_13_17,baja
4,5,55,1092,429,jovenes_13_17,baja
4,5,44,1077,384,jovenes_13_17,baja
4,5,55,1071,456,jovenes_13_17,baja
3,4,57,1060,471,jovenes_13_17,baja
3,4,42,940,430,jovenes_13_17,baja
3,5,40,936,415,jovenes_13_17,baja
5,5,45,953,446,jovenes_13_17,baja
3,5,48,1066,457,jovenes_13_17,baja
4,4,45,1191,436,jovenes_13_17,baja
4,5,46,1075,461,jovenes_13_17,baja
5,5,57,1181,383,jovenes_13_17,baja
4,4,49,1122,443,jovenes_13_17,baja
3,4,54,934,335,jovenes_13_17,baja
3,5,48,1184,476,jovenes_13_17,baja
3,5,55,1139,345,jovenes_13_17,baja
3,4,53,1190,387,jovenes_13_17,baja
5,4,46,1010,300,jovenes_13_17,baja
4,5,49,1165,404,jovenes_13_17,baja
5,5,58,1036,484,jovenes_13_17,baja
5,5,40,1053,436,jovenes_13_17,baja
4,5,42,939,480,jovenes_13_17,baja
5,5,58,1125,336,jovenes_13_17,baja
3,5,55,935,496,jovenes_13_17,baja
3,4,42,1030,389,jovenes_13_17,baja
4,4,57,1034,403,jovenes_13_17,baja
4,5,56,947,342,jovenes_13_17,baja
5,5,43,936,495,jovenes_13_17,baja
3,4,57,1026,431,jovenes_13_17,baja
4,4,42,998,324,jovenes_13_17,baja
3,5,49,1108,328,jovenes_13_17,baja
4,5,56,1003,333,jovenes_13_17,baja
3,5,56,1118,362,jovenes_13_17,baja
5,4,40,1082,359,jovenes_13_17,baja
5,5,46,1051,429,jovenes_13_17,baja
4,4,40,1158,428,jovenes_13_17,baja
4,5,51,1127,308,jovenes_13_17,baja
5,5,46,1030,384,jovenes_13_17,baja
3,4,54,1070,357,jovenes_13_17,baja
5,5,47,1144,437,jovenes_13_17,baja
5,4,44,1183,340,jovenes_13_17,baja
5,5,41,1104,448,jovenes_13_17,baja
5,5,49,1094,341,jovenes_13_17,baja
5,4,47,1187,406,jovenes_13_17,baja
4,5,57,1116,449,jovenes_13_17,baja
3,5,55,1057,462,jovenes_13_17,baja
4,5,54,1184,335,jovenes_13_17,baja
5,4,44,1198,398,jovenes_13_17,baja
4,5,52,1087,443,jovenes_13_17,baja
3,5,46,1014,419,jovenes_13_17,baja
4,5,48,1083,362,jovenes_13_17,baja
5,4,42,1191,384,jovenes_13_17,baja
5,4,44,1069,406,jovenes_13_17,baja
5,4,43,935,328,jovenes_13_17,baja
5,5,52,1031,475,jovenes_13_17,baja
5,4,43,939,380,jovenes_13_17,baja
4,5,49,1094,361,jovenes_13_17,baja
3,5,54,1168,418,jovenes_13_17,baja
3,4,58,1014,496,jovenes_13_17,baja
5,4,40,1015,405,jovenes_13_17,baja
5,4,56,1011,318,jovenes_13_17,baja
3,5,48,1050,395,jovenes_13_17,baja
5,5,50,1035,484,jovenes_13_17,baja
3,5,47,1178,342,jovenes_13_17,baja
5,4,42,1199,324,jovenes_13_17,baja
5,5,53,992,448,jovenes_13_17,baja
4,4,48,969,369,jovenes_13_17,baja
4,5,40,1182,300,jovenes_13_17,baja
5,4,41,1091,350,jovenes_13_17,baja
3,5,40,954,446,jovenes_13_17,baja
5,5,41,1130,333,jovenes_13_17,baja
3,4,41,1064,467,jovenes_13_17,baja
3,5,51,1091,485,jovenes_13_17,baja
5,5,52,1038,421,jovenes_13_17,baja
4,5,49,1113,492,jovenes_13_17,baja
4,5,58,1062,408,jovenes_13_17,baja
5,5,44,1081,372,jovenes_13_17,baja
5,4,56,1073,311,jovenes_13_17,baja
4,5,48,1181,466,jovenes_13_17,baja
3,4,42,942,442,jovenes_13_17,baja
4,4,53,1195,319,jovenes_13_17,baja
4,4,52,1154,364,jovenes_13_17,baja
5,5,44,936,339,jovenes_13_17,baja
3,5,40,1098,496,jovenes_13_17,baja
5,4,50,1059,372,jovenes_13_17,baja
3,5,40,997,443,jovenes_13_17,baja
4,5,51,951,429,jovenes_13_17,baja
4,5,44,1006,350,jovenes_13_17,baja
4,5,47,1068,302,jovenes_13_17,baja
5,5,47,1076,302,jovenes_13_17,baja
4,5,50,1027,463,jovenes_13_17,baja
4,5,55,1039,421,jovenes_13_17,baja
3,4,58,1099,432,jovenes_13_17,baja
5,4,53,1050,327,jovenes_13_17,baja
5,4,46,1088,464,jovenes_13_17,baja
4,5,47,967,302,jovenes_13_17,baja
3,4,58,967,357,jovenes_13_17,baja
4,4,58,1169,417,jovenes_13_17,baja
4,5,43,1191,480,jovenes_13_17,baja
3,4,49,941,309,jovenes_13_17,baja
3,4,49,983,388,jovenes_13_17,baja
3,5,49,1064,326,jovenes_13_17,baja
5,4,50,965,455,jovenes_13_17,baja
5,5,47,1174,438,jovenes_13_17,baja
5,5,58,987,322,jovenes_13_17,baja
3,5,52,1069,320,jovenes_13_17,baja
3,5,46,1152,335,jovenes_13_17,baja
4,4,58,1005,384,jovenes_13_17,baja
5,4,50,1012,313,jovenes_13_17,baja
3,5,41,942,380,jovenes_13_17,baja
4,4,55,1085,461,jovenes_13_17,baja
4,4,51,958,312,jovenes_13_17,baja
5,4,48,991,488,jovenes_13_17,baja
4,4,56,994,327,jovenes_13_17,baja
3,4,56,1142,318,jovenes_13_17,baja
3,5,44,953,434,jovenes_13_17,baja
3,4,57,994,469,jovenes_13_17,baja
4,5,54,1091,300,jovenes_13_17,baja
3,4,58,1097,497,jovenes_13_17,baja
5,4,56,1151,345,jovenes_13_17,baja
3,4,45,1081,483,jovenes_13_17,baja
5,4,45,1095,466,jovenes_13_17,baja
4,5,46,936,337,jovenes_13_17,baja
4,4,41,1173,305,jovenes_13_17,baja
4,5,43,1065,328,jovenes_13_17,baja
5,4,55,1178,421,jovenes_13_17,baja
4,5,50,1132,317,jovenes_13_17,baja
3,4,55,938,482,jovenes_13_17,baja
5,4,41,1048,468,jovenes_13_17,baja
3,5,45,1173,333,jovenes_13_17,baja
3,4,44,1115,372,jovenes_13_17,baja
3,5,41,1054,438,jovenes_13_17,baja
3,4,44,1015,341,jovenes_13_17,baja
4,5,56,1200,369,jovenes_13_17,baja
4,5,55,942,343,jovenes_13_17,baja
4,4,51,1041,485,jovenes_13_17,baja
4,4,50,1153,380,jovenes_13_17,baja
5,5,58,1040,347,jovenes_13_17,baja
5,4,52,1094,389,jovenes_13_17,baja
4,4,54,1045,479,jovenes_13_17,baja
3,5,41,989,320,jovenes_13_17,baja
3,5,42,1130,416,jovenes_13_17,baja
3,4,48,1105,463,jovenes_13_17,baja
4,4,58,1200,433,jovenes_13_17,baja
3,4,49,1189,427,jovenes_13_17,baja
5,5,40,1079,364,jovenes_13_17,baja
4,4,52,1009,478,jovenes_13_17,baja
5,5,50,1117,306,jovenes_13_17,baja
5,5,47,1045,461,jovenes_13_17,baja
3,4,55,1193,472,jovenes_13_17,baja
4,5,49,1006,359,jovenes_13_17,baja
3,4,47,1071,441,jovenes_13_17,baja
5,5,40,1187,405,jovenes_13_17,baja
5,4,41,998,358,jovenes_13_17,baja
3,4,51,1026,307,jovenes_13_17,baja
3,4,56,1041,402,jovenes_13_17,baja
5,4,57,1148,319,jovenes_13_17,baja
4,5,48,1132,488,jovenes_13_17,baja
4,5,51,1176,398,jovenes_13_17,baja
4,4,56,1127,460,jovenes_13_17,baja
4,4,40,1161,350,jovenes_13_17,baja
4,5,47,1042,405,jovenes_13_17,baja
5,5,47,1017,455,jovenes_13_17,baja
3,5,55,1053,416,jovenes_13_17,baja
3,5,51,1019,494,jovenes_13_17,baja
4,4,41,991,330,jovenes_13_17,baja
3,5,41,999,361,jovenes_13_17,baja
3,5,40,1161,396,jovenes_13_17,baja
4,4,49,979,432,jovenes_13_17,baja
3,5,46,1111,495,jovenes_13_17,baja
4,4,53,1129,322,jovenes_13_17,baja
4,5,52,960,314,jovenes_13_17,baja
4,4,58,964,316,jovenes_13_17,baja
4,5,42,1180,301,jovenes_13_17,baja
4,4,53,938,359,jovenes_13_17,baja
3,4,55,1074,342,jovenes_13_17,baja
3,4,57,1179,444,jovenes_13_17,baja
3,5,55,1161,431,jovenes_13_17,baja
4,4,41,980,419,jovenes_13_17,baja
4,5,49,1154,457,jovenes_13_17,baja
3,4,43,952,485,jovenes_13_17,baja
5,4,56,1069,430,jovenes_13_17,baja
3,4,53,1032,322,jovenes_13_17,baja
3,5,42,1054,373,jovenes_13_17,baja
4,4,48,1149,410,jovenes_13_17,baja
4,4,44,1055,474,jovenes_13_17,baja
3,4,53,1123,447,jovenes_13_17,baja
4,5,42,958,398,jovenes_13_17,baja
4,5,46,1176,300,jovenes_13_17,baja
4,5,50,1129,473,jovenes_13_17,baja
4,4,43,1007,304,jovenes_13_17,baja
3,4,55,1126,408,jovenes_13_17,baja
3,4,51,1027,366,jovenes_13_17,baja
4,5,57,1151,392,jovenes_13_17,baja
3,4,53,971,387,jovenes_13_17,baja
3,4,56,1085,493,jovenes_13_17,baja
3,4,58,1166,447,jovenes_13_17,baja
4,4,55,1082,359,jovenes_13_17,baja
3,5,50,1198,438,jovenes_13_17,baja
4,4,54,1193,391,jovenes_13_17,baja
5,4,58,1038,482,jovenes_13_17,baja
4,5,49,1128,468,jovenes_13_17,baja
3,4,47,992,354,jovenes_13_17,baja
5,5,40,1144,416,jovenes_13_17,baja
4,4,47,1067,490,jovenes_13_17,baja
4,5,51,945,313,jovenes_13_17,baja
4,4,57,1061,307,jovenes_13_17,baja
4,5,49,1065,487,jovenes_13_17,baja
4,5,57,1151,491,jovenes_13_17,baja
4,5,57,1097,499,jovenes_13_17,baja
3,5,45,1193,424,jovenes_13_17,baja
5,5,41,1189,310,jovenes_13_17,baja
5,5,57,1192,316,jovenes_13_17,baja
4,5,44,1169,402,jovenes_13_17,baja
5,5,51,956,428,jovenes_13_17,baja
4,5,47,1108,446,jovenes_13_17,baja
4,4,54,1056,481,jovenes_13_17,baja
4,4,47,1085,443,jovenes_13_17,baja
5,4,53,1076,399,jovenes_13_17,baja
3,5,44,1031,345,jovenes_13_17,baja
3,4,57,1063,329,jovenes_13_17,baja
4,4,54,984,364,jovenes_13_17,baja
5,4,42,1165,302,jovenes_13_17,baja
3,5,46,956,377,jovenes_13_17,baja
4,4,43,969,372,jovenes_13_17,baja
4,5,44,942,475,jovenes_13_17,baja
3,5,54,1041,469,jovenes_13_17,baja
3,5,42,1096,373,jovenes_13_17,baja
4,4,51,1065,431,jovenes_13_17,baja
5,4,51,1049,370,jovenes_13_17,baja
3,4,47,1184,452,jovenes_13_17,baja
4,4,58,955,319,jovenes_13_17,baja
5,5,52,972,349,jovenes_13_17,baja
4,5,51,1181,408,jovenes_13_17,baja
5,5,55,1088,301,jovenes_13_17,baja
3,4,45,1070,404,jovenes_13_17,baja
5,5,57,1103,429,jovenes_13_17,baja
3,5,51,1051,427,jovenes_13_17,baja
3,4,56,998,416,jovenes_13_17,baja
3,4,42,1110,419,jovenes_13_17,baja
3,4,51,1115,475,jovenes_13_17,baja
4,4,47,1149,419,jovenes_13_17,baja
5,4,43,1031,390,jovenes_13_17,baja
3,4,48,1136,448,jovenes_13_17,baja
4,4,48,967,361,jovenes_13_17,baja
5,5,42,938,500,jovenes_13_17,baja
3,4,55,1120,308,jovenes_13_17,baja
4,4,50,1102,352,jovenes_13_17,baja
5,5,45,938,476,jovenes_13_17,baja
3,4,42,1052,484,jovenes_13_17,baja
3,4,48,992,491,jovenes_13_17,baja
4,4,58,1197,415,jovenes_13_17,baja
3,4,52,1103,310,jovenes_13_17,baja
3,4,48,986,307,jovenes_13_17,baja
4,4,56,979,371,jovenes_13_17,baja
3,5,52,983,380,jovenes_13_17,baja
4,5,43,954,309,jovenes_13_17,baja
4,5,55,1071,479,jovenes_13_17,baja
5,4,52,1053,383,jovenes_13_17,baja
3,4,47,1139,351,jovenes_13_17,baja
4,5,48,1123,483,jovenes_13_17,baja
5,4,47,1013,442,jovenes_13_17,baja
4,5,56,995,463,jovenes_13_17,baja
5,5,48,1181,446,jovenes_13_17,baja
3,4,51,935,459,jovenes_13_17,baja
5,5,50,1086,432,jovenes_13_17,baja
3,4,50,993,367,jovenes_13_17,baja
4,5,46,1195,493,jovenes_13_17,baja
4,5,50,1173,387,jovenes_13_17,baja
3,4,47,996,459,jovenes_13_17,baja
4,4,44,1063,363,jovenes_13_17,baja
3,5,49,1092,423,jovenes_13_17,baja
3,5,56,939,323,jovenes_13_17,baja
3,4,54,942,396,jovenes_13_17,baja
3,5,42,987,463,jovenes_13_17,baja
4,4,42,1136,392,jovenes_13_17,baja
3,5,52,1104,389,jovenes_13_17,baja
5,5,40,1187,463,jovenes_13_17,baja
5,4,55,1159,305,jovenes_13_17,baja
5,4,40,991,468,jovenes_13_17,baja
3,4,47,969,397,jovenes_13_17,baja
3,4,45,1069,466,jovenes_13_17,baja
5,5,40,995,366,jovenes_13_17,baja
5,5,44,1066,349,jovenes_13_17,baja
5,4,58,1039,357,jovenes_13_17,baja
4,4,49,1132,452,jovenes_13_17,baja
5,5,58,1170,413,jovenes_13_17,baja
3,5,58,1020,421,jovenes_13_17,baja
3,5,57,1147,332,jovenes_13_17,baja
3,4,42,1042,487,jovenes_13_17,baja
5,5,52,1043,341,jovenes_13_17,baja
5,4,53,942,304,jovenes_13_17,baja
3,4,51,972,452,jovenes_13_17,baja
5,4,50,1143,367,jovenes_13_17,baja
5,4,48,1056,469,jovenes_13_17,baja
3,4,57,1085,347,jovenes_13_17,baja
5,5,52,1110,460,jovenes_13_17,baja
3,4,56,1054,304,jovenes_13_17,baja
3,4,46,1045,383,jovenes_13_17,baja
4,4,41,1085,392,jovenes_13_17,baja
5,5,46,997,305,jovenes_13_17,baja
5,4,43,1124,500,jovenes_13_17,baja
5,4,52,1046,343,jovenes_13_17,baja
4,5,45,980,418,jovenes_13_17,baja
4,5,40,1043,337,jovenes_13_17,baja
5,5,42,1195,390,jovenes_13_17,baja
4,4,47,993,416,jovenes_13_17,baja
3,5,42,1097,423,jovenes_13_17,baja
3,4,52,1108,453,jovenes_13_17,baja
3,4,41,1014,488,jovenes_13_17,baja
3,4,55,1131,374,jovenes_13_17,baja
5,5,45,1095,431,jovenes_13_17,baja
5,5,53,992,376,jovenes_13_17,baja
3,5,52,980,300,jovenes_13_17,baja
5,5,43,1113,424,jovenes_13_17,baja
5,4,44,978,381,jovenes_13_17,baja
5,5,49,1009,477,jovenes_13_17,baja
3,4,54,1174,452,jovenes_13_17,baja
4,4,53,1043,410,jovenes_13_17,baja
3,5,49,1128,450,jovenes_13_17,baja
3,5,51,963,383,jovenes_13_17,baja
5,4,44,1181,461,jovenes_13_17,baja
5,5,54,1081,464,jovenes_13_17,baja
4,4,45,1079,339,jovenes_13_17,baja
3,4,55,1015,413,jovenes_13_17,baja
4,4,40,1155,448,jovenes_13_17,baja
3,4,53,959,346,jovenes_13_17,baja
3,4,53,1034,435,jovenes_13_17,baja
3,5,57,954,479,jovenes_13_17,baja
5,5,50,1075,460,jovenes_13_17,baja
4,4,45,967,354,jovenes_13_17,baja
4,5,53,944,333,jovenes_13_17,baja
5,4,49,995,451,jovenes_13_17,baja
3,5,49,1122,348,jovenes_13_17,baja
5,4,53,1163,372,jovenes_13_17,baja
3,5,45,1138,364,jovenes_13_17,baja
3,5,42,1179,354,jovenes_13_17,baja
5,4,56,1076,398,jovenes_13_17,baja
3,5,58,1099,345,jovenes_13_17,baja
3,4,41,1049,307,jovenes_13_17,baja
3,5,47,1194,442,jovenes_13_17,baja
4,5,50,1070,499,jovenes_13_17,baja
4,5,51,1033,472,jovenes_13_17,baja
4,5,55,1110,341,jovenes_13_17,baja
5,5,56,982,479,jovenes_13_17,baja
4,4,43,1192,444,jovenes_13_17,baja
5,5,40,1096,489,jovenes_13_17,baja
5,4,48,1157,403,jovenes_13_17,baja
3,4,56,1129,356,jovenes_13_17,baja
3,4,55,1019,373,jovenes_13_17,baja
5,5,56,1069,364,jovenes_13_17,baja
4,5,54,982,468,jovenes_13_17,baja
3,5,46,1039,377,jovenes_13_17,baja
4,5,52,1105,408,jovenes_13_17,baja
3,4,41,988,368,jovenes_13_17,baja
3,4,58,1087,402,jovenes_13_17,baja
5,4,44,1136,476,jovenes_13_17,baja
4,5,57,971,399,jovenes_13_17,baja
3,5,49,937,487,jovenes_13_17,baja
4,5,44,935,440,jovenes_13_17,baja
3,4,40,1195,355,jovenes_13_17,baja
5,4,48,1056,330,jovenes_13_17,baja
4,4,41,1089,396,jovenes_13_17,baja
5,5,52,1130,384,jovenes_13_17,baja
5,5,51,1020,476,jovenes_13_17,baja
5,5,58,972,468,jovenes_13_17,baja
5,5,55,1150,407,jovenes_13_17,baja
5,5,55,1135,336,jovenes_13_17,baja
3,5,44,945,374,jovenes_13_17,baja
3,4,41,1008,391,jovenes_13_17,baja
3,4,47,1057,398,jovenes_13_17,baja
3,4,44,970,337,jovenes_13_17,baja
4,5,41,1004,329,jovenes_13_17,baja
3,4,46,1128,370,jovenes_13_17,baja
4,4,42,969,341,jovenes_13_17,baja
4,5,46,937,308,jovenes_13_17,baja
3,5,56,1122,387,jovenes_13_17,baja
5,5,51,1171,362,jovenes_13_17,baja
5,5,49,1010,358,jovenes_13_17,baja
4,4,44,998,423,jovenes_13_17,baja
4,5,40,1175,381,jovenes_13_17,baja
4,5,49,978,467,jovenes_13_17,baja
4,4,54,1017,452,jovenes_13_17,baja
5,5,43,967,300,jovenes_13_17,baja
4,5,52,991,491,jovenes_13_17,baja
4,4,58,1150,364,jovenes_13_17,baja
3,4,56,1179,431,jovenes_13_17,baja
4,4,47,1081,460,jovenes_13_17,baja
3,5,53,1198,316,jovenes_13_17,baja
5,5,49,1004,319,jovenes_13_17,baja
4,5,53,1192,400,jovenes_13_17,baja
3,4,55,1094,334,jovenes_13_17,baja
3,4,45,1182,322,jovenes_13_17,baja
4,4,49,1033,317,jovenes_13_17,baja
5,4,52,1026,454,jovenes_13_17,baja
3,4,44,957,352,jovenes_13_17,baja
4,5,49,1169,369,jovenes_13_17,baja
3,5,48,1157,376,jovenes_13_17,baja
5,5,53,1083,435,jovenes_13_17,baja
3,4,51,1005,490,jovenes_13_17,baja
4,5,46,945,485,jovenes_13_17,baja
4,5,53,1119,412,jovenes_13_17,baja
3,4,49,1112,407,jovenes_13_17,baja
3,4,46,1186,365,jovenes_13_17,baja
3,4,50,1127,448,jovenes_13_17,baja
4,5,58,1148,490,jovenes_13_17,baja
3,4,41,1116,387,jovenes_13_17,baja
3,5,56,983,376,jovenes_13_17,baja
4,4,57,1140,480,jovenes_13_17,baja
4,5,48,941,368,jovenes_13_17,baja
4,5,41,939,306,jovenes_13_17,baja
4,4,53,1157,311,jovenes_13_17,baja
3,5,46,955,377,jovenes_13_17,baja
3,4,41,955,499,jovenes_13_17,baja
3,5,56,1085,483,jovenes_13_17,baja
5,4,40,1053,353,jovenes_13_17,baja
3,5,52,977,314,jovenes_13_17,baja
3,4,44,1020,307,jovenes_13_17,baja
5,5,54,934,408,jovenes_13_17,baja
5,5,49,952,401,jovenes_13_17,baja
5,5,50,1006,329,jovenes_13_17,baja
3,4,55,1024,430,jovenes_13_17,baja
5,5,54,1157,361,jovenes_13_17,baja
5,5,48,1176,449,jovenes_13_17,baja
3,4,46,996,443,jovenes_13_17,baja
5,5,49,1076,311,jovenes_13_17,baja
4,4,46,1045,442,jovenes_13_17,baja
3,5,55,1011,449,jovenes_13_17,baja
3,4,40,990,425,jovenes_13_17,baja
4,5,48,1065,416,jovenes_13_17,baja
5,4,44,1153,442,jovenes_13_17,baja
5,5,43,1133,442,jovenes_13_17,baja
3,4,47,1028,418,jovenes_13_17,baja
3,4,42,952,321,jovenes_13_17,baja
5,4,51,1104,469,jovenes_13_17,baja
5,4,46,1013,495,jovenes_13_17,baja
4,5,41,1037,420,jovenes_13_17,baja
5,4,46,951,349,jovenes_13_17,baja
3,5,46,1055,415,jovenes_13_17,baja
5,5,54,1176,399,jovenes_13_17,baja
3,4,52,977,334,jovenes_13_17,baja
4,5,56,971,431,jovenes_13_17,baja
3,5,44,973,425,jovenes_13_17,baja
3,4,49,941,467,jovenes_13_17,baja
4,4,40,1095,356,jovenes_13_17,baja
5,4,55,1195,336,jovenes_13_17,baja
5,5,54,1185,486,jovenes_13_17,baja
3,4,43,1008,399,jovenes_13_17,baja
5,5,53,1014,436,jovenes_13_17,baja
5,5,50,991,489,jovenes_13_17,baja
3,5,40,1138,489,jovenes_13_17,baja
4,4,53,1175,438,jovenes_13_17,baja
4,4,42,1196,338,jovenes_13_17,baja
4,5,50,1085,372,jovenes_13_17,baja
3,5,55,1044,454,jovenes_13_17,baja
4,5,48,1163,302,jovenes_13_17,baja
3,4,51,963,499,jovenes_13_17,baja
4,4,50,1092,306,jovenes_13_17,baja
3,5,53,1047,436,jovenes_13_17,baja
5,4,49,1098,355,jovenes_13_17,baja
4,5,44,1200,469,jovenes_13_17,baja
5,5,54,1100,484,jovenes_13_17,baja
5,5,50,1023,408,jovenes_13_17,baja
5,4,42,1185,319,jovenes_13_17,baja
3,5,46,1172,488,jovenes_13_17,baja
3,4,46,1100,437,jovenes_13_17,baja
3,5,56,1162,386,jovenes_13_17,baja
3,5,50,1194,482,jovenes_13_17,baja
5,4,49,1199,496,jovenes_13_17,baja
5,5,54,998,465,jovenes_13_17,baja
4,5,47,1104,419,jovenes_13_17,baja
3,4,54,997,363,jovenes_13_17,baja
3,5,56,995,412,jovenes_13_17,baja
5,4,50,1069,391,jovenes_13_17,baja
5,5,40,974,461,jovenes_13_17,baja
5,4,53,1020,368,jovenes_13_17,baja
5,5,41,1048,388,jovenes_13_17,baja
3,4,54,960,479,jovenes_13_17,baja
4,4,54,1124,409,jovenes_13_17,baja
5,4,57,1107,400,jovenes_13_17,baja
4,5,51,953,475,jovenes_13_17,baja
3,5,55,1174,470,jovenes_13_17,baja
3,4,43,1076,349,jovenes_13_17,baja
5,4,43,952,412,jovenes_13_17,baja
3,5,42,1020,458,jovenes_13_17,baja
5,4,47,1125,341,jovenes_13_17,baja
5,4,47,1162,429,jovenes_13_17,baja
3,5,55,1050,484,jovenes_13_17,baja
5,5,54,1033,352,jovenes_13_17,baja
4,4,54,1152,350,jovenes_13_17,baja
3,5,58,1042,443,jovenes_13_17,baja
5,4,46,951,309,jovenes_13_17,baja
3,5,46,949,399,jovenes_13_17,baja
4,4,50,1062,442,jovenes_13_17,baja
3,4,50,1069,391,jovenes_13_17,baja
5,5,48,951,436,jovenes_13_17,baja
4,4,41,1194,444,jovenes_13_17,baja
3,4,46,1070,344,jovenes_13_17,baja
5,4,46,1027,304,jovenes_13_17,baja
3,4,40,956,316,jovenes_13_17,baja
5,4,42,1124,424,jovenes_13_17,baja
4,4,55,997,495,jovenes_13_17,baja
5,4,40,948,462,jovenes_13_17,baja
3,5,56,970,349,jovenes_13_17,baja
5,4,58,936,442,jovenes_13_17,baja
5,5,56,1086,399,jovenes_13_17,baja
5,4,46,1043,471,jovenes_13_17,baja
3,4,40,960,484,jovenes_13_17,baja
3,5,47,1194,327,jovenes_13_17,baja
3,5,44,963,407,jovenes_13_17,baja
3,5,44,1074,389,jovenes_13_17,baja
5,5,48,1033,434,jovenes_13_17,baja
4,4,54,1153,435,jovenes_13_17,baja
4,4,50,1120,481,jovenes_13_17,baja
4,5,48,1149,449,jovenes_13_17,baja
4,5,55,1093,375,jovenes_13_17,baja
5,4,52,1113,336,jovenes_13_17,baja
5,5,46,1184,374,jovenes_13_17,baja
4,5,44,1002,323,jovenes_13_17,baja
3,4,54,1163,478,jovenes_13_17,baja
4,4,49,1166,417,jovenes_13_17,baja
5,4,58,1001,336,jovenes_13_17,baja
5,5,55,996,402,jovenes_13_17,baja
5,4,51,1077,404,jovenes_13_17,baja
5,4,56,1078,359,jovenes_13_17,baja
4,4,43,1029,392,jovenes_13_17,baja
4,4,50,1198,481,jovenes_13_17,baja
4,5,58,937,422,jovenes_13_17,baja
4,5,57,1006,376,jovenes_13_17,baja
4,5,45,1053,465,jovenes_13_17,baja
4,4,56,963,346,jovenes_13_17,baja
5,5,55,1041,336,jovenes_13_17,baja
5,4,58,1009,316,jovenes_13_17,baja
5,5,42,1117,301,jovenes_13_17,baja
3,4,53,961,442,jovenes_13_17,baja
3,4,46,991,424,jovenes_13_17,baja
4,5,53,1169,357,jovenes_13_17,baja
5,5,45,1001,320,jovenes_13_17,baja
3,4,57,972,460,jovenes_13_17,baja
5,5,49,945,412,jovenes_13_17,baja
4,4,48,1152,479,jovenes_13_17,baja
3,5,57,1029,325,jovenes_13_17,baja
4,5,54,1064,360,jovenes_13_17,baja
3,4,44,992,480,jovenes_13_17,baja
5,5,49,1044,439,jovenes_13_17,baja
5,4,43,1106,313,jovenes_13_17,baja
4,5,54,1091,433,jovenes_13_17,baja
4,4,46,1122,328,jovenes_13_17,baja
4,4,44,979,446,jovenes_13_17,baja
5,5,51,1073,382,jovenes_13_17,baja
3,5,52,1151,493,jovenes_13_17,baja
5,4,43,1092,359,jovenes_13_17,baja
3,5,57,1064,423,jovenes_13_17,baja
4,5,45,943,463,jovenes_13_17,baja
4,4,58,1012,474,jovenes_13_17,baja
5,5,53,1048,365,jovenes_13_17,baja
4,4,42,1044,459,jovenes_13_17,baja
3,5,57,1140,463,jovenes_13_17,baja
6,2,60,698,699,jovenes_13_17,media
5,3,72,900,552,jovenes_13_17,media
7,3,70,679,576,jovenes_13_17,media
5,4,68,819,593,jovenes_13_17,media
7,4,61,713,559,jovenes_13_17,media
7,3,63,890,534,jovenes_13_17,media
7,2,60,883,546,jovenes_13_17,media
6,1,61,837,556,jovenes_13_17,media
6,2,76,768,613,jovenes_13_17,media
7,2,65,707,547,jovenes_13_17,media
6,1,65,707,524,jovenes_13_17,media
5,2,59,877,594,jovenes_13_17,media
7,3,76,836,660,jovenes_13_17,media
6,1,58,771,665,jovenes_13_17,media
7,2,59,702,627,jovenes_13_17,media
6,4,70,690,657,jovenes_13_17,media
7,1,58,790,516,jovenes_13_17,media
5,3,77,875,513,jovenes_13_17,media
7,1,60,899,677,jovenes_13_17,media
6,2,74,867,656,jovenes_13_17,media
6,4,74,719,649,jovenes_13_17,media
6,3,74,927,584,jovenes_13_17,media
6,3,73,916,699,jovenes_13_17,media
5,1,58,716,572,jovenes_13_17,media
5,2,69,834,541,jovenes_13_17,media
6,3,67,899,680,jovenes_13_17,media
6,2,73,860,573,jovenes_13_17,media
6,2,60,785,506,jovenes_13_17,media
7,2,68,929,546,jovenes_13_17,media
7,4,65,783,590,jovenes_13_17,media
5,3,72,922,572,jovenes_13_17,media
5,4,58,769,570,jovenes_13_17,media
5,1,77,673,601,jovenes_13_17,media
5,4,71,667,628,jovenes_13_17,media
6,2,66,747,571,jovenes_13_17,media
5,1,77,869,688,jovenes_13_17,media
6,4,60,816,653,jovenes_13_17,media
7,4,60,812,504,jovenes_13_17,media
7,3,64,681,593,jovenes_13_17,media
6,4,59,729,679,jovenes_13_17,media
5,1,68,917,523,jovenes_13_17,media
6,2,65,825,587,jovenes_13_17,media
6,4,74,738,648,jovenes_13_17,media
6,4,58,794,547,jovenes_13_17,media
6,4,69,789,622,jovenes_13_17,media
7,3,75,812,678,jovenes_13_17,media
7,3,60,678,548,jovenes_13_17,media
5,3,72,859,655,jovenes_13_17,media
6,1,61,930,645,jovenes_13_17,media
7,2,76,678,680,jovenes_13_17,media
7,3,72,927,581,jovenes_13_17,media
5,1,67,792,596,jovenes_13_17,media
5,2,62,725,644,jovenes_13_17,media
6,3,62,813,598,jovenes_13_17,media
7,1,69,920,691,jovenes_13_17,media
7,1,62,678,609,jovenes_13_17,media
7,4,70,841,636,jovenes_13_17,media
6,4,72,844,602,jovenes_13_17,media
7,1,72,700,687,jovenes_13_17,media
5,2,71,709,659,jovenes_13_17,media
7,3,73,728,700,jovenes_13_17,media
5,4,63,833,576,jovenes_13_17,media
5,4,66,796,567,jovenes_13_17,media
5,4,65,897,664,jovenes_13_17,media
6,4,63,771,622,jovenes_13_17,media
6,3,67,678,529,jovenes_13_17,media
5,3,74,851,562,jovenes_13_17,media
5,3,72,668,549,jovenes_13_17,media
5,4,69,927,637,jovenes_13_17,media
7,1,71,904,648,jovenes_13_17,media
5,1,67,761,656,jovenes_13_17,media
5,1,74,706,541,jovenes_13_17,media
7,2,62,869,679,jovenes_13_17,media
5,2,70,680,669,jovenes_13_17,media
6,2,76,819,636,jovenes_13_17,media
5,3,61,674,505,jovenes_13_17,media
7,2,77,792,655,jovenes_13_17,media
5,3,68,783,531,jovenes_13_17,media
5,3,74,857,604,jovenes_13_17,media
7,3,72,819,548,jovenes_13_17,media
5,4,72,886,650,jovenes_13_17,media
5,1,62,680,627,jovenes_13_17,media
6,2,72,788,599,jovenes_13_17,media
7,1,69,798,643,jovenes_13_17,media
5,4,67,778,524,jovenes_13_17,media
6,1,64,876,696,jovenes_13_17,media
6,3,71,777,526,jovenes_13_17,media
5,3,59,857,670,jovenes_13_17,media
5,1,68,724,573,jovenes_13_17,media
6,3,71,840,670,jovenes_13_17,media
7,3,76,771,542,jovenes_13_17,media
5,1,65,799,673,jovenes_13_17,media
7,4,68,732,677,jovenes_13_17,media
7,1,62,697,641,jovenes_13_17,media
6,2,71,711,538,jovenes_13_17,media
6,4,62,708,574,jovenes_13_17,media
7,3,58,826,700,jovenes_13_17,media
5,3,66,795,685,jovenes_13_17,media
6,3,75,686,624,jovenes_13_17,media
6,2,69,776,609,jovenes_13_17,media
5,3,68,726,636,jovenes_13_17,media
6,4,58,868,510,jovenes_13_17,media
7,4,67,794,602,jovenes_13_17,media
7,2,77,678,501,jovenes_13_17,media
6,1,58,666,551,jovenes_13_17,media
5,3,62,698,639,jovenes_13_17,media
7,2,71,704,549,jovenes_13_17,media
5,3,67,822,693,jovenes_13_17,media
5,4,77,754,635,jovenes_13_17,media
5,3,64,734,617,jovenes_13_17,media
5,4,65,725,504,jovenes_13_17,media
6,3,67,746,632,jovenes_13_17,media
7,3,65,758,632,jovenes_13_17,media
7,1,65,810,637,jovenes_13_17,media
5,3,72,823,558,jovenes_13_17,media
6,3,62,876,631,jovenes_13_17,media
7,4,63,903,608,jovenes_13_17,media
6,4,63,698,570,jovenes_13_17,media
6,2,60,916,561,jovenes_13_17,media
7,4,63,699,655,jovenes_13_17,media
7,1,64,930,556,jovenes_13_17,media
5,2,66,690,665,jovenes_13_17,media
5,2,72,678,575,jovenes_13_17,media
7,4,59,890,527,jovenes_13_17,media
5,4,67,929,629,jovenes_13_17,media
5,2,77,688,532,jovenes_13_17,media
5,2,59,666,520,jovenes_13_17,media
5,4,68,887,620,jovenes_13_17,media
5,4,66,711,562,jovenes_13_17,media
6,2,62,898,644,jovenes_13_17,media
7,2,71,852,694,jovenes_13_17,media
5,4,77,710,541,jovenes_13_17,media
6,3,59,911,621,jovenes_13_17,media
7,2,60,731,617,jovenes_13_17,media
5,1,73,691,565,jovenes_13_17,media
5,4,64,691,686,jovenes_13_17,media
7,3,77,715,638,jovenes_13_17,media
5,2,62,842,693,jovenes_13_17,media
5,2,58,787,651,jovenes_13_17,media
7,2,58,865,503,jovenes_13_17,media
7,3,70,918,659,jovenes_13_17,media
6,1,67,855,505,jovenes_13_17,media
5,3,70,872,686,jovenes_13_17,media
6,4,64,781,695,jovenes_13_17,media
7,3,75,672,680,jovenes_13_17,media
5,1,64,923,615,jovenes_13_17,media
5,4,71,743,569,jovenes_13_17,media
6,2,67,919,626,jovenes_13_17,media
5,4,69,751,698,jovenes_13_17,media
6,3,75,806,682,jovenes_13_17,media
6,1,67,694,581,jovenes_13_17,media
6,3,65,737,609,jovenes_13_17,media
5,3,71,766,672,jovenes_13_17,media
7,1,70,883,592,jovenes_13_17,media
7,2,70,761,610,jovenes_13_17,media
5,3,71,901,603,jovenes_13_17,media
7,4,67,748,562,jovenes_13_17,media
5,1,64,670,609,jovenes_13_17,media
5,4,77,768,523,jovenes_13_17,media
7,2,68,718,655,jovenes_13_17,media
7,1,71,823,527,jovenes_13_17,media
5,2,65,926,601,jovenes_13_17,media
6,2,67,815,619,jovenes_13_17,media
5,3,64,770,590,jovenes_13_17,media
6,2,59,742,663,jovenes_13_17,media
6,4,74,847,625,jovenes_13_17,media
6,2,70,682,674,jovenes_13_17,media
6,2,71,932,598,jovenes_13_17,media
7,2,63,883,629,jovenes_13_17,media
7,3,71,691,659,jovenes_13_17,media
6,4,63,704,530,jovenes_13_17,media
6,3,59,893,599,jovenes_13_17,media
5,3,68,739,502,jovenes_13_17,media
6,3,69,792,649,jovenes_13_17,media
6,4,76,748,616,jovenes_13_17,media
6,2,65,756,556,jovenes_13_17,media
6,3,65,710,556,jovenes_13_17,media
6,1,59,838,632,jovenes_13_17,media
6,3,68,694,617,jovenes_13_17,media
5,3,66,857,562,jovenes_13_17,media
5,4,71,753,584,jovenes_13_17,media
5,4,59,805,696,jovenes_13_17,media
7,2,73,816,604,jovenes_13_17,media
7,2,67,829,691,jovenes_13_17,media
6,1,70,908,693,jovenes_13_17,media
6,4,66,909,508,jovenes_13_17,media
6,3,61,773,515,jovenes_13_17,media
6,4,74,932,611,jovenes_13_17,media
7,1,61,668,675,jovenes_13_17,media
7,2,65,666,578,jovenes_13_17,media
5,2,58,722,530,jovenes_13_17,media
7,2,59,766,516,jovenes_13_17,media
6,3,67,676,643,jovenes_13_17,media
7,4,71,728,562,jovenes_13_17,media
6,2,61,886,588,jovenes_13_17,media
7,4,69,853,533,jovenes_13_17,media
5,4,76,729,613,jovenes_13_17,media
5,4,76,692,653,jovenes_13_17,media
5,1,70,712,654,jovenes_13_17,media
6,1,77,831,683,jovenes_13_17,media
7,1,59,778,532,jovenes_13_17,media
5,3,65,690,530,jovenes_13_17,media
7,2,71,853,683,jovenes_13_17,media
7,4,64,804,641,jovenes_13_17,media
7,4,76,747,684,jovenes_13_17,media
7,4,66,874,670,jovenes_13_17,media
7,2,68,744,500,jovenes_13_17,media
6,1,74,670,604,jovenes_13_17,media
5,2,60,668,651,jovenes_13_17,media
7,4,58,721,553,jovenes_13_17,media
6,3,63,786,589,jovenes_13_17,media
7,4,67,803,519,jovenes_13_17,media
5,2,61,874,685,jovenes_13_17,media
7,2,65,716,647,jovenes_13_17,media
7,2,65,867,553,jovenes_13_17,media
5,4,59,672,675,jovenes_13_17,media
6,4,58,719,514,jovenes_13_17,media
7,2,73,742,562,jovenes_13_17,media
7,1,61,808,512,jovenes_13_17,media
5,4,73,759,546,jovenes_13_17,media
7,3,68,860,591,jovenes_13_17,media
5,1,64,893,612,jovenes_13_17,media
7,2,77,699,616,jovenes_13_17,media
7,4,74,837,506,jovenes_13_17,media
5,2,70,750,513,jovenes_13_17,media
6,1,68,751,694,jovenes_13_17,media
5,1,72,862,615,jovenes_13_17,media
6,1,77,714,533,jovenes_13_17,media
6,1,66,888,591,jovenes_13_17,media
7,2,63,929,650,jovenes_13_17,media
6,2,75,853,645,jovenes_13_17,media
5,2,73,800,690,jovenes_13_17,media
5,3,67,806,513,jovenes_13_17,media
7,4,72,818,570,jovenes_13_17,media
5,2,76,844,609,jovenes_13_17,media
5,1,59,690,668,jovenes_13_17,media
6,4,75,733,553,jovenes_13_17,media
5,1,71,817,639,jovenes_13_17,media
7,3,70,686,605,jovenes_13_17,media
7,3,62,672,550,jovenes_13_17,media
6,2,62,752,538,jovenes_13_17,media
6,1,60,720,505,jovenes_13_17,media
5,1,76,896,622,jovenes_13_17,media
7,2,73,911,554,jovenes_13_17,media
5,4,60,793,585,jovenes_13_17,media
6,2,59,779,681,jovenes_13_17,media
7,4,69,862,501,jovenes_13_17,media
6,3,60,740,622,jovenes_13_17,media
7,3,58,893,646,jovenes_13_17,media
6,2,71,830,626,jovenes_13_17,media
7,1,75,817,516,jovenes_13_17,media
7,4,71,867,675,jovenes_13_17,media
7,3,59,716,616,jovenes_13_17,media
5,3,73,736,569,jovenes_13_17,media
6,2,62,734,653,jovenes_13_17,media
6,1,61,749,645,jovenes_13_17,media
5,3,74,926,674,jovenes_13_17,media
6,3,74,795,509,jovenes_13_17,media
7,3,60,772,644,jovenes_13_17,media
5,2,67,701,648,jovenes_13_17,media
7,1,58,808,631,jovenes_13_17,media
5,2,76,698,679,jovenes_13_17,media
6,2,62,883,599,jovenes_13_17,media
7,4,61,690,674,jovenes_13_17,media
6,3,74,803,600,jovenes_13_17,media
7,4,72,709,649,jovenes_13_17,media
7,1,60,803,685,jovenes_13_17,media
6,2,62,720,504,jovenes_13_17,media
5,4,61,749,687,jovenes_13_17,media
7,4,71,801,504,jovenes_13_17,media
5,4,58,730,523,jovenes_13_17,media
5,2,58,780,583,jovenes_13_17,media
5,3,60,773,549,jovenes_13_17,media
5,4,64,779,566,jovenes_13_17,media
5,1,58,766,610,jovenes_13_17,media
7,4,58,724,561,jovenes_13_17,media
6,1,58,877,668,jovenes_13_17,media
5,3,74,792,567,jovenes_13_17,media
6,3,63,853,606,jovenes_13_17,media
5,4,69,934,623,jovenes_13_17,media
5,2,68,882,605,jovenes_13_17,media
5,4,72,895,686,jovenes_13_17,media
5,1,68,795,532,jovenes_13_17,media
7,4,65,679,511,jovenes_13_17,media
5,4,61,788,665,jovenes_13_17,media
6,3,71,803,573,jovenes_13_17,media
7,2,67,769,632,jovenes_13_17,media
5,4,74,724,656,jovenes_13_17,media
6,4,69,839,699,jovenes_13_17,media
5,2,58,890,616,jovenes_13_17,media
7,1,73,773,595,jovenes_13_17,media
6,4,75,667,514,jovenes_13_17,media
6,2,58,687,584,jovenes_13_17,media
6,4,61,881,520,jovenes_13_17,media
7,3,77,914,665,jovenes_13_17,media
5,2,72,710,507,jovenes_13_17,media
7,4,63,899,678,jovenes_13_17,media
5,1,61,891,630,jovenes_13_17,media
5,1,67,895,699,jovenes_13_17,media
5,3,74,678,651,jovenes_13_17,media
5,4,74,684,527,jovenes_13_17,media
7,3,77,698,603,jovenes_13_17,media
7,3,72,894,621,jovenes_13_17,media
5,4,65,785,659,jovenes_13_17,media
7,1,68,740,557,jovenes_13_17,media
6,2,62,892,519,jovenes_13_17,media
6,4,75,870,576,jovenes_13_17,media
7,3,69,890,570,jovenes_13_17,media
6,2,71,878,502,jovenes_13_17,media
7,4,67,870,625,jovenes_13_17,media
7,2,58,757,660,jovenes_13_17,media
6,1,74,829,648,jovenes_13_17,media
7,4,68,791,533,jovenes_13_17,media
5,2,72,841,625,jovenes_13_17,media
5,2,75,713,510,jovenes_13_17,media
7,1,75,906,607,jovenes_13_17,media
6,3,60,677,634,jovenes_13_17,media
5,2,67,753,644,jovenes_13_17,media
5,2,74,881,535,jovenes_13_17,media
6,1,61,759,629,jovenes_13_17,media
5,1,63,723,537,jovenes_13_17,media
5,4,65,836,648,jovenes_13_17,media
5,4,68,870,687,jovenes_13_17,media
5,3,62,901,590,jovenes_13_17,media
7,2,65,679,639,jovenes_13_17,media
6,2,67,785,660,jovenes_13_17,media
6,1,77,686,596,jovenes_13_17,media
7,3,67,813,633,jovenes_13_17,media
5,3,75,878,646,jovenes_13_17,media
5,2,72,843,547,jovenes_13_17,media
7,2,71,899,631,jovenes_13_17,media
7,3,76,899,576,jovenes_13_17,media
7,4,70,888,542,jovenes_13_17,media
5,2,76,747,619,jovenes_13_17,media
6,3,59,716,596,jovenes_13_17,media
5,4,75,858,510,jovenes_13_17,media
6,3,58,759,589,jovenes_13_17,media
7,2,65,901,527,jovenes_13_17,media
6,3,70,843,609,jovenes_13_17,media
6,2,64,849,643,jovenes_13_17,media
7,1,70,922,694,jovenes_13_17,media
7,2,73,802,656,jovenes_13_17,media
5,4,65,858,543,jovenes_13_17,media
5,3,65,786,677,jovenes_13_17,media
6,2,71,841,577,jovenes_13_17,media
7,2,68,811,550,jovenes_13_17,media
6,4,74,899,624,jovenes_13_17,media
7,2,69,765,547,jovenes_13_17,media
6,2,77,790,552,jovenes_13_17,media
7,3,73,792,670,jovenes_13_17,media
7,3,59,857,551,jovenes_13_17,media
5,3,62,827,664,jovenes_13_17,media
7,2,71,754,610,jovenes_13_17,media
5,4,63,897,523,jovenes_13_17,media
5,4,62,836,611,jovenes_13_17,media
5,2,67,898,514,jovenes_13_17,media
6,3,64,823,567,jovenes_13_17,media
6,4,62,760,502,jovenes_13_17,media
5,1,76,721,578,jovenes_13_17,media
6,2,65,783,541,jovenes_13_17,media
6,1,71,874,586,jovenes_13_17,media
5,1,68,743,632,jovenes_13_17,media
5,3,73,707,525,jovenes_13_17,media
6,4,61,749,591,jovenes_13_17,media
5,2,71,686,554,jovenes_13_17,media
7,1,73,878,657,jovenes_13_17,media
5,3,60,848,602,jovenes_13_17,media
5,1,63,891,645,jovenes_13_17,media
7,1,75,910,567,jovenes_13_17,media
6,1,60,919,535,jovenes_13_17,media
5,2,76,859,513,jovenes_13_17,media
7,4,77,682,602,jovenes_13_17,media
5,3,70,760,587,jovenes_13_17,media
7,2,62,694,696,jovenes_13_17,media
7,3,69,763,683,jovenes_13_17,media
5,2,69,880,509,jovenes_13_17,media
7,2,61,738,525,jovenes_13_17,media
6,3,68,793,502,jovenes_13_17,media
7,2,73,798,670,jovenes_13_17,media
7,2,61,819,590,jovenes_13_17,media
6,1,66,854,669,jovenes_13_17,media
6,3,64,850,641,jovenes_13_17,media
7,2,61,667,534,jovenes_13_17,media
6,2,58,769,542,jovenes_13_17,media
7,3,61,785,600,jovenes_13_17,media
6,1,71,846,641,jovenes_13_17,media
7,2,62,901,649,jovenes_13_17,media
5,3,68,794,507,jovenes_13_17,media
6,2,61,841,658,jovenes_13_17,media
6,3,71,841,502,jovenes_13_17,media
6,4,70,857,648,jovenes_13_17,media
7,2,67,821,551,jovenes_13_17,media
6,3,66,851,509,jovenes_13_17,media
5,1,72,748,520,jovenes_13_17,media
6,3,67,725,658,jovenes_13_17,media
6,3,68,844,566,jovenes_13_17,media
5,2,63,696,696,jovenes_13_17,media
7,2,67,875,517,jovenes_13_17,media
7,3,75,719,632,jovenes_13_17,media
7,2,58,759,637,jovenes_13_17,media
7,3,66,895,593,jovenes_13_17,media
6,3,68,899,581,jovenes_13_17,media
6,4,59,671,690,jovenes_13_17,media
7,3,58,919,543,jovenes_13_17,media
7,1,60,932,698,jovenes_13_17,media
6,1,77,904,686,jovenes_13_17,media
5,1,59,699,524,jovenes_13_17,media
5,4,60,873,671,jovenes_13_17,media
7,3,61,782,577,jovenes_13_17,media
6,4,61,737,556,jovenes_13_17,media
7,1,72,848,676,jovenes_13_17,media
5,2,74,890,614,jovenes_13_17,media
6,3,59,866,552,jovenes_13_17,media
7,1,59,857,619,jovenes_13_17,media
5,4,60,738,636,jovenes_13_17,media
7,3,61,670,611,jovenes_13_17,media
6,3,65,856,649,jovenes_13_17,media
5,3,61,853,693,jovenes_13_17,media
6,1,67,721,517,jovenes_13_17,media
5,1,69,715,614,jovenes_13_17,media
5,4,58,739,535,jovenes_13_17,media
6,3,71,752,547,jovenes_13_17,media
5,1,71,854,515,jovenes_13_17,media
7,2,72,762,637,jovenes_13_17,media
7,3,72,862,546,jovenes_13_17,media
6,2,59,691,623,jovenes_13_17,media
7,4,69,701,689,jovenes_13_17,media
6,1,76,772,581,jovenes_13_17,media
6,3,65,810,698,jovenes_13_17,media
5,4,58,931,564,jovenes_13_17,media
6,2,71,755,522,jovenes_13_17,media
6,3,65,804,500,jovenes_13_17,media
7,4,67,724,502,jovenes_13_17,media
6,4,69,926,637,jovenes_13_17,media
5,1,76,919,679,jovenes_13_17,media
5,1,61,676,613,jovenes_13_17,media
6,1,74,919,623,jovenes_13_17,media
6,4,74,821,647,jovenes_13_17,media
7,4,66,809,588,jovenes_13_17,media
5,4,74,734,605,jovenes_13_17,media
6,1,74,754,508,jovenes_13_17,media
5,3,64,795,553,jovenes_13_17,media
7,3,61,900,675,jovenes_13_17,media
7,3,63,908,586,jovenes_13_17,media
5,2,58,712,633,jovenes_13_17,media
7,2,74,774,681,jovenes_13_17,media
5,4,69,810,644,jovenes_13_17,media
7,1,61,691,590,jovenes_13_17,media
6,4,66,824,511,jovenes_13_17,media
7,4,58,826,604,jovenes_13_17,media
5,2,66,703,668,jovenes_13_17,media
5,2,66,671,508,jovenes_13_17,media
7,4,68,901,682,jovenes_13_17,media
6,4,65,806,621,jovenes_13_17,media
7,3,71,900,596,jovenes_13_17,media
5,2,59,847,578,jovenes_13_17,media
7,2,75,926,605,jovenes_13_17,media
6,4,77,836,635,jovenes_13_17,media
5,4,61,772,518,jovenes_13_17,media
5,3,60,764,502,jovenes_13_17,media
6,2,64,708,628,jovenes_13_17,media
6,2,63,780,544,jovenes_13_17,media
7,3,58,677,657,jovenes_13_17,media
5,1,69,694,571,jovenes_13_17,media
5,1,60,780,561,jovenes_13_17,media
5,1,70,697,692,jovenes_13_17,media
6,1,75,899,648,jovenes_13_17,media
7,2,71,926,629,jovenes_13_17,media
5,1,69,836,647,jovenes_13_17,media
5,4,67,801,694,jovenes_13_17,media
6,1,69,850,652,jovenes_13_17,media
6,2,61,760,542,jovenes_13_17,media
5,3,66,853,646,jovenes_13_17,media
7,4,70,874,678,jovenes_13_17,media
6,3,69,919,654,jovenes_13_17,media
7,1,61,904,586,jovenes_13_17,media
6,4,62,883,652,jovenes_13_17,media
7,3,65,886,625,jovenes_13_17,media
5,4,58,899,512,jovenes_13_17,media
6,2,62,891,503,jovenes_13_17,media
6,4,59,698,624,jovenes_13_17,media
6,4,71,768,637,jovenes_13_17,media
7,1,63,732,568,jovenes_13_17,media
6,2,62,692,584,jovenes_13_17,media
5,1,60,824,581,jovenes_13_17,media
6,2,61,878,611,jovenes_13_17,media
5,2,60,913,605,jovenes_13_17,media
6,4,74,862,525,jovenes_13_17,media
6,2,77,845,638,jovenes_13_17,media
7,4,59,790,602,jovenes_13_17,media
6,3,67,895,547,jovenes_13_17,media
7,1,65,864,672,jovenes_13_17,media
6,3,76,864,578,jovenes_13_17,media
6,4,77,682,561,jovenes_13_17,media
5,4,66,766,578,jovenes_13_17,media
5,4,69,760,517,jovenes_13_17,media
7,4,67,782,599,jovenes_13_17,media
6,3,68,777,577,jovenes_13_17,media
6,4,67,831,664,jovenes_13_17,media
7,3,58,875,560,jovenes_13_17,media
5,3,62,678,517,jovenes_13_17,media
5,3,65,830,681,jovenes_13_17,media
7,4,60,924,626,jovenes_13_17,media
5,2,70,793,519,jovenes_13_17,media
5,1,77,893,591,jovenes_13_17,media
6,2,60,824,554,jovenes_13_17,media
7,2,76,712,647,jovenes_13_17,media
5,3,72,672,618,jovenes_13_17,media
5,4,60,896,693,jovenes_13_17,media
7,4,60,701,605,jovenes_13_17,media
6,2,72,752,505,jovenes_13_17,media
7,4,58,837,693,jovenes_13_17,media
5,1,69,931,673,jovenes_13_17,media
6,2,73,692,530,jovenes_13_17,media
6,3,64,690,591,jovenes_13_17,media
7,1,64,731,638,jovenes_13_17,media
7,3,61,863,504,jovenes_13_17,media
5,2,75,802,515,jovenes_13_17,media
5,4,74,905,669,jovenes_13_17,media
6,3,67,877,535,jovenes_13_17,media
6,2,77,758,615,jovenes_13_17,media
5,2,77,754,530,jovenes_13_17,media
5,1,66,789,592,jovenes_13_17,media
6,4,60,826,596,jovenes_13_17,media
7,3,66,735,655,jovenes_13_17,media
5,4,66,924,565,jovenes_13_17,media
6,2,77,738,570,jovenes_13_17,media
6,4,64,680,685,jovenes_13_17,media
6,4,68,691,641,jovenes_13_17,media
6,4,72,709,551,jovenes_13_17,media
5,2,69,811,688,jovenes_13_17,media
6,4,70,856,615,jovenes_13_17,media
6,2,70,701,535,jovenes_13_17,media
6,4,66,717,506,jovenes_13_17,media
6,4,69,676,572,jovenes_13_17,media
5,1,74,788,566,jovenes_13_17,media
7,1,71,791,539,jovenes_13_17,media
6,1,66,666,618,jovenes_13_17,media
6,1,59,802,659,jovenes_13_17,media
5,2,72,860,690,jovenes_13_17,media
6,3,64,713,508,jovenes_13_17,media
7,2,72,747,522,jovenes_13_17,media
5,4,73,817,690,jovenes_13_17,media
7,2,65,677,550,jovenes_13_17,media
6,1,71,725,529,jovenes_13_17,media
5,3,64,672,605,jovenes_13_17,media
7,3,70,735,638,jovenes_13_17,media
7,2,71,731,640,jovenes_13_17,media
5,1,69,788,688,jovenes_13_17,media
6,3,76,913,550,jovenes_13_17,media
7,2,74,904,501,jovenes_13_17,media
5,1,73,697,517,jovenes_13_17,media
6,3,66,842,518,jovenes_13_17,media
5,4,62,737,615,jovenes_13_17,media
6,1,62,864,516,jovenes_13_17,media
7,1,61,916,557,jovenes_13_17,media
6,2,71,931,519,jovenes_13_17,media
6,1,70,679,521,jovenes_13_17,media
6,3,74,869,547,jovenes_13_17,media
7,3,61,885,536,jovenes_13_17,media
7,2,64,737,603,jovenes_13_17,media
6,2,59,859,553,jovenes_13_17,media
6,3,65,715,540,jovenes_13_17,media
7,2,58,778,636,jovenes_13_17,media
6,1,65,707,647,jovenes_13_17,media
5,2,65,839,625,jovenes_13_17,media
7,1,68,883,595,jovenes_13_17,media
6,2,61,907,605,jovenes_13_17,media
7,1,66,753,683,jovenes_13_17,media
5,3,64,916,637,jovenes_13_17,media
5,4,65,811,582,jovenes_13_17,media
6,3,71,781,648,jovenes_13_17,media
7,3,67,699,571,jovenes_13_17,media
7,3,60,829,515,jovenes_13_17,media
7,3,58,769,639,jovenes_13_17,media
7,4,74,858,665,jovenes_13_17,media
5,4,75,764,679,jovenes_13_17,media
6,1,75,865,634,jovenes_13_17,media
7,2,71,747,524,jovenes_13_17,media
7,1,76,868,604,jovenes_13_17,media
5,2,66,764,620,jovenes_13_17,media
6,2,71,901,524,jovenes_13_17,media
7,2,76,816,625,jovenes_13_17,media
6,3,60,703,699,jovenes_13_17,media
7,4,68,790,543,jovenes_13_17,media
5,2,74,779,695,jovenes_13_17,media
7,3,69,829,518,jovenes_13_17,media
5,2,60,720,557,jovenes_13_17,media
6,4,64,726,583,jovenes_13_17,media
7,2,71,694,677,jovenes_13_17,media
5,1,59,871,514,jovenes_13_17,media
7,1,73,899,589,jovenes_13_17,media
7,4,72,701,611,jovenes_13_17,media
6,1,65,932,635,jovenes_13_17,media
6,3,77,698,612,jovenes_13_17,media
5,3,59,802,654,jovenes_13_17,media
6,2,58,843,618,jovenes_13_17,media
6,4,68,905,531,jovenes_13_17,media
7,2,72,794,503,jovenes_13_17,media
7,2,70,723,598,jovenes_13_17,media
6,2,65,827,617,jovenes_13_17,media
7,4,71,857,597,jovenes_13_17,media
5,3,77,917,604,jovenes_13_17,media
6,2,70,810,592,jovenes_13_17,media
6,4,64,767,665,jovenes_13_17,media
7,1,69,894,689,jovenes_13_17,media
5,1,67,670,549,jovenes_13_17,media
6,2,71,896,612,jovenes_13_17,media
6,4,75,778,676,jovenes_13_17,media
7,4,60,911,620,jovenes_13_17,media
7,1,59,723,502,jovenes_13_17,media
7,4,75,760,553,jovenes_13_17,media
5,1,70,832,538,jovenes_13_17,media
6,3,68,922,647,jovenes_13_17,media
5,2,75,779,562,jovenes_13_17,media
7,4,74,830,654,jovenes_13_17,media
6,1,74,803,560,jovenes_13_17,media
7,2,60,907,641,jovenes_13_17,media
6,2,60,926,583,jovenes_13_17,media
7,4,64,885,675,jovenes_13_17,media
6,3,60,691,606,jovenes_13_17,media
6,4,73,755,562,jovenes_13_17,media
7,2,71,755,692,jovenes_13_17,media
7,2,71,850,543,jovenes_13_17,media
7,4,63,922,651,jovenes_13_17,media
7,1,73,906,505,jovenes_13_17,media
7,1,62,928,617,jovenes_13_17,media
6,2,72,668,629,jovenes_13_17,media
5,1,69,735,508,jovenes_13_17,media
7,3,67,836,696,jovenes_13_17,media
5,4,67,687,673,jovenes_13_17,media
6,2,64,712,671,jovenes_13_17,media
6,2,75,828,522,jovenes_13_17,media
7,3,76,822,515,jovenes_13_17,media
7,1,64,745,565,jovenes_13_17,media
5,2,76,885,613,jovenes_13_17,media
5,1,58,798,665,jovenes_13_17,media
7,1,66,888,531,jovenes_13_17,media
6,1,60,905,651,jovenes_13_17,media
7,4,77,785,644,jovenes_13_17,media
5,2,68,801,627,jovenes_13_17,media
6,3,73,762,641,jovenes_13_17,media
7,4,60,821,638,jovenes_13_17,media
6,1,71,897,620,jovenes_13_17,media
6,3,60,685,622,jovenes_13_17,media
7,2,69,681,573,jovenes_13_17,media
5,4,66,684,598,jovenes_13_17,media
6,1,68,686,646,jovenes_13_17,media
7,2,77,932,693,jovenes_13_17,media
5,3,69,916,527,jovenes_13_17,media
5,3,71,742,656,jovenes_13_17,media
7,2,77,822,517,jovenes_13_17,media
6,2,61,904,657,jovenes_13_17,media
6,4,65,885,559,jovenes_13_17,media
5,2,59,690,657,jovenes_13_17,media
5,2,68,859,700,jovenes_13_17,media
5,3,70,858,563,jovenes_13_17,media
6,1,58,672,503,jovenes_13_17,media
7,3,66,834,611,jovenes_13_17,media
7,3,70,742,681,jovenes_13_17,media
7,3,62,823,522,jovenes_13_17,media
6,3,77,802,576,jovenes_13_17,media
5,4,61,846,684,jovenes_13_17,media
7,1,74,773,643,jovenes_13_17,media
7,2,63,844,677,jovenes_13_17,media
7,2,71,760,654,jovenes_13_17,media
7,4,60,747,545,jovenes_13_17,media
5,1,72,907,585,jovenes_13_17,media
6,4,59,754,546,jovenes_13_17,media
6,4,68,829,584,jovenes_13_17,media
5,1,69,733,606,jovenes_13_17,media
6,3,68,813,650,jovenes_13_17,media
7,2,58,914,595,jovenes_13_17,media
5,1,69,740,584,jovenes_13_17,media
5,2,73,749,609,jovenes_13_17,media
7,3,64,792,656,jovenes_13_17,media
5,3,59,893,547,jovenes_13_17,media
6,4,64,679,623,jovenes_13_17,media
7,4,72,855,593,jovenes_13_17,media
6,2,77,782,690,jovenes_13_17,media
5,3,64,899,614,jovenes_13_17,media
5,1,65,717,618,jovenes_13_17,media
5,3,69,743,600,jovenes_13_17,media
6,3,73,821,671,jovenes_13_17,media
6,2,71,683,663,jovenes_13_17,media
6,2,65,795,599,jovenes_13_17,media
7,1,58,683,604,jovenes_13_17,media
7,2,72,719,508,jovenes_13_17,media
6,3,74,807,517,jovenes_13_17,media
5,2,58,845,548,jovenes_13_17,media
7,2,71,741,547,jovenes_13_17,media
5,1,75,670,545,jovenes_13_17,media
5,4,63,904,515,jovenes_13_17,media
7,4,65,866,570,jovenes_13_17,media
6,3,62,908,693,jovenes_13_17,media
7,1,74,736,544,jovenes_13_17,media
7,3,62,899,694,jovenes_13_17,media
7,4,64,850,639,jovenes_13_17,media
5,4,68,885,650,jovenes_13_17,media
6,3,62,724,538,jovenes_13_17,media
6,2,69,836,585,jovenes_13_17,media
7,2,74,786,586,jovenes_13_17,media
7,2,66,924,526,jovenes_13_17,media
6,4,74,813,614,jovenes_13_17,media
7,4,63,899,544,jovenes_13_17,media
7,3,76,870,669,jovenes_13_17,media
7,4,64,855,673,jovenes_13_17,media
7,2,62,830,656,jovenes_13_17,media
6,4,74,865,696,jovenes_13_17,media
5,1,58,767,533,jovenes_13_17,media
7,4,77,673,570,jovenes_13_17,media
7,1,72,913,550,jovenes_13_17,media
6,2,72,928,647,jovenes_13_17,media
7,4,77,835,527,jovenes_13_17,media
6,2,75,770,631,jovenes_13_17,media
7,1,74,757,500,jovenes_13_17,media
7,1,67,707,617,jovenes_13_17,media
6,2,74,895,599,jovenes_13_17,media
7,3,72,843,664,jovenes_13_17,media
7,4,61,694,590,jovenes_13_17,media
5,2,58,921,535,jovenes_13_17,media
5,4,74,927,619,jovenes_13_17,media
5,4,76,714,635,jovenes_13_17,media
7,3,74,756,585,jovenes_13_17,media
5,2,69,716,522,jovenes_13_17,media
6,1,73,812,598,jovenes_13_17,media
7,2,73,846,694,jovenes_13_17,media
5,2,68,842,569,jovenes_13_17,media
5,1,72,815,696,jovenes_13_17,media
7,4,70,912,674,jovenes_13_17,media
7,2,60,876,541,jovenes_13_17,media
7,3,58,676,558,jovenes_13_17,media
7,4,62,908,549,jovenes_13_17,media
6,1,59,704,537,jovenes_13_17,media
5,2,58,774,573,jovenes_13_17,media
7,2,68,907,620,jovenes_13_17,media
7,2,63,690,669,jovenes_13_17,media
7,2,77,931,632,jovenes_13_17,media
5,3,69,781,635,jovenes_13_17,media
7,2,75,774,593,jovenes_13_17,media
5,2,67,903,527,jovenes_13_17,media
6,2,72,753,674,jovenes_13_17,media
5,4,71,812,655,jovenes_13_17,media
7,2,72,758,609,jovenes_13_17,media
6,2,65,754,681,jovenes_13_17,media
5,4,73,774,606,jovenes_13_17,media
6,3,63,833,689,jovenes_13_17,media
6,1,58,811,675,jovenes_13_17,media
5,2,75,704,695,jovenes_13_17,media
5,4,60,703,526,jovenes_13_17,media
7,2,58,703,530,jovenes_13_17,media
6,1,58,821,606,jovenes_13_17,media
6,3,69,667,596,jovenes_13_17,media
5,4,61,695,515,jovenes_13_17,media
7,3,65,835,610,jovenes_13_17,media
6,2,68,818,696,jovenes_13_17,media
6,4,64,934,613,jovenes_13_17,media
5,2,63,716,695,jovenes_13_17,media
6,3,74,933,672,jovenes_13_17,media
5,4,77,762,675,jovenes_13_17,media
7,4,64,866,598,jovenes_13_17,media
7,1,72,668,612,jovenes_13_17,media
7,2,66,847,660,jovenes_13_17,media
5,1,59,694,580,jovenes_13_17,media
6,2,71,674,684,jovenes_13_17,media
5,3,60,835,676,jovenes_13_17,media
7,2,68,871,532,jovenes_13_17,media
7,2,73,834,505,jovenes_13_17,media
6,2,66,702,593,jovenes_13_17,media
6,3,70,923,636,jovenes_13_17,media
6,1,62,786,576,jovenes_13_17,media
6,3,71,924,578,jovenes_13_17,media
5,2,74,800,580,jovenes_13_17,media
6,3,65,679,633,jovenes_13_17,media
5,1,62,718,609,jovenes_13_17,media
5,3,70,766,664,jovenes_13_17,media
6,3,66,688,699,jovenes_13_17,media
6,4,65,779,627,jovenes_13_17,media
7,4,63,868,562,jovenes_13_17,media
7,4,65,724,614,jovenes_13_17,media
7,1,59,891,676,jovenes_13_17,media
7,3,63,726,661,jovenes_13_17,media
7,3,74,897,553,jovenes_13_17,media
5,2,58,796,636,jovenes_13_17,media
6,4,75,803,578,jovenes_13_17,media
5,1,58,895,682,jovenes_13_17,media
7,2,58,809,673,jovenes_13_17,media
5,2,71,797,508,jovenes_13_17,media
5,3,67,889,569,jovenes_13_17,media
7,1,59,694,642,jovenes_13_17,media
7,1,68,899,574,jovenes_13_17,media
6,3,62,809,623,jovenes_13_17,media
6,3,64,803,672,jovenes_13_17,media
6,1,59,675,691,jovenes_13_17,media
5,3,72,803,645,jovenes_13_17,media
5,1,59,758,581,jovenes_13_17,media
5,4,76,704,693,jovenes_13_17,media
7,1,74,855,600,jovenes_13_17,media
7,4,59,669,543,jovenes_13_17,media
7,2,70,865,648,jovenes_13_17,media
6,2,67,761,552,jovenes_13_17,media
5,4,69,686,508,jovenes_13_17,media
5,1,66,886,539,jovenes_13_17,media
6,1,64,854,693,jovenes_13_17,media
7,1,75,686,539,jovenes_13_17,media
6,2,75,870,599,jovenes_13_17,media
7,3,70,738,567,jovenes_13_17,media
7,4,60,800,559,jovenes_13_17,media
5,2,64,906,572,jovenes_13_17,media
7,2,76,690,669,jovenes_13_17,media
6,3,73,827,577,jovenes_13_17,media
6,2,72,733,580,jovenes_13_17,media
7,4,71,773,571,jovenes_13_17,media
5,3,67,667,568,jovenes_13_17,media
5,1,64,806,659,jovenes_13_17,media
6,3,77,788,679,jovenes_13_17,media
7,4,68,885,580,jovenes_13_17,media
6,4,69,860,598,jovenes_13_17,media
5,1,63,695,676,jovenes_13_17,media
7,2,66,898,552,jovenes_13_17,media
7,2,63,753,679,jovenes_13_17,media
7,3,73,877,695,jovenes_13_17,media
5,1,58,835,619,jovenes_13_17,media
5,1,62,736,524,jovenes_13_17,media
5,1,61,796,700,jovenes_13_17,media
6,4,67,819,554,jovenes_13_17,media
5,4,76,752,574,jovenes_13_17,media
7,2,69,793,605,jovenes_13_17,media
5,2,73,738,548,jovenes_13_17,media
7,2,69,777,635,jovenes_13_17,media
7,1,61,851,577,jovenes_13_17,media
5,4,71,706,583,jovenes_13_17,media
6,1,64,809,562,jovenes_13_17,media
5,3,59,787,684,jovenes_13_17,media
5,1,76,824,684,jovenes_13_17,media
7,3,62,907,542,jovenes_13_17,media
7,2,63,810,588,jovenes_13_17,media
5,3,70,771,501,jovenes_13_17,media
5,1,68,854,536,jovenes_13_17,media
5,4,77,780,669,jovenes_13_17,media
6,2,68,689,612,jovenes_13_17,media
6,2,72,798,690,jovenes_13_17,media
6,3,70,818,680,jovenes_13_17,media
6,2,77,699,527,jovenes_13_17,media
6,3,70,672,569,jovenes_13_17,media
6,1,61,682,556,jovenes_13_17,media
5,2,76,716,679,jovenes_13_17,media
7,3,62,716,641,jovenes_13_17,media
6,4,66,775,603,jovenes_13_17,media
6,4,58,857,670,jovenes_13_17,media
5,3,63,863,551,jovenes_13_17,media
5,1,65,731,590,jovenes_13_17,media
7,3,76,686,620,jovenes_13_17,media
7,1,72,915,560,jovenes_13_17,media
7,1,58,927,583,jovenes_13_17,media
6,4,61,929,567,jovenes_13_17,media
5,2,66,786,548,jovenes_13_17,media
7,2,68,893,615,jovenes_13_17,media
5,4,67,918,567,jovenes_13_17,media
7,4,69,863,590,jovenes_13_17,media
6,2,76,700,519,jovenes_13_17,media
6,4,77,928,547,jovenes_13_17,media
5,3,76,744,690,jovenes_13_17,media
6,3,70,795,538,jovenes_13_17,media
7,2,59,802,654,jovenes_13_17,media
5,4,69,845,587,jovenes_13_17,media
7,1,74,752,622,jovenes_13_17,media
5,2,61,815,646,jovenes_13_17,media
5,2,58,722,531,jovenes_13_17,media
5,4,77,720,680,jovenes_13_17,media
6,3,73,804,659,jovenes_13_17,media
7,3,62,793,555,jovenes_13_17,media
7,1,62,719,632,jovenes_13_17,media
6,2,61,802,563,jovenes_13_17,media
6,2,77,817,628,jovenes_13_17,media
5,2,68,872,502,jovenes_13_17,media
6,4,71,765,557,jovenes_13_17,media
7,4,63,872,516,jovenes_13_17,media
5,2,65,803,647,jovenes_13_17,media
6,3,69,742,684,jovenes_13_17,media
6,3,63,770,619,jovenes_13_17,media
7,1,65,826,664,jovenes_13_17,media
7,4,63,756,599,jovenes_13_17,media
5,2,66,679,687,jovenes_13_17,media
5,1,65,883,671,jovenes_13_17,media
7,1,60,923,536,jovenes_13_17,media
6,2,70,769,663,jovenes_13_17,media
6,1,74,752,617,jovenes_13_17,media
6,1,72,761,596,jovenes_13_17,media
5,2,66,712,507,jovenes_13_17,media
6,4,64,895,646,jovenes_13_17,media
7,4,66,831,599,jovenes_13_17,media
7,3,71,698,672,jovenes_13_17,media
5,2,60,866,607,jovenes_13_17,media
5,4,75,846,583,jovenes_13_17,media
7,4,65,699,507,jovenes_13_17,media
6,4,76,911,628,jovenes_13_17,media
5,2,76,765,589,jovenes_13_17,media
6,1,60,917,669,jovenes_13_17,media
5,1,73,776,583,jovenes_13_17,media
5,1,66,912,680,jovenes_13_17,media
7,3,69,797,652,jovenes_13_17,media
5,3,76,928,687,jovenes_13_17,media
7,2,74,765,581,jovenes_13_17,media
5,2,66,910,523,jovenes_13_17,media
6,1,62,667,617,jovenes_13_17,media
6,3,70,754,682,jovenes_13_17,media
7,4,73,874,654,jovenes_13_17,media
5,3,65,927,524,jovenes_13_17,media
6,3,72,696,534,jovenes_13_17,media
5,4,75,688,584,jovenes_13_17,media
7,2,76,769,561,jovenes_13_17,media
7,1,59,812,608,jovenes_13_17,media
6,3,61,869,545,jovenes_13_17,media
6,2,69,801,646,jovenes_13_17,media
5,2,68,801,542,jovenes_13_17,media
7,3,62,873,557,jovenes_13_17,media
5,2,73,932,649,jovenes_13_17,media
5,4,65,890,605,jovenes_13_17,media
6,2,71,738,657,jovenes_13_17,media
6,3,61,859,565,jovenes_13_17,media
6,3,62,898,695,jovenes_13_17,media
5,1,69,875,612,jovenes_13_17,media
7,3,70,830,617,jovenes_13_17,media
6,4,66,752,557,jovenes_13_17,media
7,2,68,744,525,jovenes_13_17,media
6,3,62,783,552,jovenes_13_17,media
7,4,60,787,629,jovenes_13_17,media
7,2,62,874,569,jovenes_13_17,media
5,1,69,686,655,jovenes_13_17,media
5,4,59,876,658,jovenes_13_17,media
7,3,67,815,524,jovenes_13_17,media
5,2,71,748,639,jovenes_13_17,media
7,2,65,781,685,jovenes_13_17,media
6,1,74,866,616,jovenes_13_17,media
6,4,62,670,606,jovenes_13_17,media
5,4,60,788,667,jovenes_13_17,media
6,2,70,766,674,jovenes_13_17,media
6,3,70,783,590,jovenes_13_17,media
6,3,66,707,592,jovenes_13_17,media
5,3,72,776,593,jovenes_13_17,media
5,4,59,861,503,jovenes_13_17,media
6,4,74,809,605,jovenes_13_17,media
6,3,66,730,656,jovenes_13_17,media
7,1,59,852,518,jovenes_13_17,media
6,3,62,808,633,jovenes_13_17,media
6,2,65,927,667,jovenes_13_17,media
5,4,65,755,694,jovenes_13_17,media
5,2,73,824,605,jovenes_13_17,media
7,1,72,901,651,jovenes_13_17,media
5,3,73,880,624,jovenes_13_17,media
5,2,71,679,617,jovenes_13_17,media
6,4,63,909,572,jovenes_13_17,media
6,1,69,854,689,jovenes_13_17,media
6,1,75,920,621,jovenes_13_17,media
6,3,67,872,564,jovenes_13_17,media
5,3,77,870,681,jovenes_13_17,media
5,2,69,746,523,jovenes_13_17,media
5,1,61,836,553,jovenes_13_17,media
5,2,69,829,593,jovenes_13_17,media
6,3,71,892,678,jovenes_13_17,media
7,2,59,801,630,jovenes_13_17,media
5,4,59,745,538,jovenes_13_17,media
7,4,65,797,532,jovenes_13_17,media
7,3,67,695,655,jovenes_13_17,media
7,2,70,889,647,jovenes_13_17,media
5,3,65,766,606,jovenes_13_17,media
5,1,70,724,628,jovenes_13_17,media
7,4,69,763,687,jovenes_13_17,media
7,4,77,686,686,jovenes_13_17,media
7,3,65,924,699,jovenes_13_17,media
7,2,71,673,562,jovenes_13_17,media
5,4,66,848,596,jovenes_13_17,media
5,3,75,867,568,jovenes_13_17,media
5,3,63,802,662,jovenes_13_17,media
6,1,70,689,628,jovenes_13_17,media
6,3,66,837,630,jovenes_13_17,media
5,1,64,761,620,jovenes_13_17,media
6,4,74,690,695,jovenes_13_17,media
5,1,74,688,694,jovenes_13_17,media
6,4,77,795,647,jovenes_13_17,media
7,1,76,800,645,jovenes_13_17,media
5,3,60,753,574,jovenes_13_17,media
7,2,65,811,541,jovenes_13_17,media
6,4,74,835,686,jovenes_13_17,media
7,2,74,670,684,jovenes_13_17,media
5,4,60,820,644,jovenes_13_17,media
5,4,73,834,520,jovenes_13_17,media
7,3,59,734,659,jovenes_13_17,media
7,3,66,912,669,jovenes_13_17,media
7,2,71,840,685,jovenes_13_17,media
5,1,76,898,697,jovenes_13_17,media
7,4,72,929,505,jovenes_13_17,media
7,4,75,717,636,jovenes_13_17,media
7,2,71,796,560,jovenes_13_17,media
7,4,72,899,577,jovenes_13_17,media
7,1,62,727,559,jovenes_13_17,media
5,2,70,793,622,jovenes_13_17,media
5,1,58,726,585,jovenes_13_17,media
6,2,62,836,670,jovenes_13_17,media
5,4,75,855,653,jovenes_13_17,media
5,4,64,810,623,jovenes_13_17,media
6,1,70,915,557,jovenes_13_17,media
6,2,70,852,630,jovenes_13_17,media
5,4,58,919,539,jovenes_13_17,media
7,4,76,928,559,jovenes_13_17,media
7,2,61,918,529,jovenes_13_17,media
6,2,63,668,567,jovenes_13_17,media
5,1,67,873,648,jovenes_13_17,media
7,1,77,759,659,jovenes_13_17,media
6,3,64,743,536,jovenes_13_17,media
7,3,60,791,556,jovenes_13_17,media
7,3,71,722,612,jovenes_13_17,media
6,3,69,864,680,jovenes_13_17,media
6,2,77,749,659,jovenes_13_17,media
5,1,70,848,660,jovenes_13_17,media
7,3,75,888,541,jovenes_13_17,media
5,2,71,682,642,jovenes_13_17,media
7,1,67,915,619,jovenes_13_17,media
6,3,74,768,509,jovenes_13_17,media
6,1,59,703,610,jovenes_13_17,media
6,2,59,741,548,jovenes_13_17,media
6,3,70,738,587,jovenes_13_17,media
5,3,76,811,570,jovenes_13_17,media
6,3,61,893,541,jovenes_13_17,media
7,3,61,819,523,jovenes_13_17,media
5,3,64,677,563,jovenes_13_17,media
5,4,73,691,539,jovenes_13_17,media
6,3,62,713,528,jovenes_13_17,media
5,4,77,694,696,jovenes_13_17,media
7,2,60,686,649,jovenes_13_17,media
7,4,72,728,627,jovenes_13_17,media
5,4,74,679,518,jovenes_13_17,media
5,3,68,773,503,jovenes_13_17,media
6,1,72,852,586,jovenes_13_17,media
7,1,77,923,680,jovenes_13_17,media
6,3,71,923,596,jovenes_13_17,media
6,1,67,896,618,jovenes_13_17,media
5,2,65,829,554,jovenes_13_17,media
7,2,63,880,625,jovenes_13_17,media
6,4,71,709,668,jovenes_13_17,media
6,2,69,811,565,jovenes_13_17,media
7,2,61,706,645,jovenes_13_17,media
6,1,73,722,528,jovenes_13_17,media
6,4,76,729,553,jovenes_13_17,media
7,3,65,766,566,jovenes_13_17,media
6,1,77,860,570,jovenes_13_17,media
7,3,74,838,661,jovenes_13_17,media
6,4,75,760,609,jovenes_13_17,media
7,3,58,798,647,jovenes_13_17,media
5,3,69,812,509,jovenes_13_17,media
5,1,66,929,662,jovenes_13_17,media
6,3,68,909,572,jovenes_13_17,media
6,3,68,934,577,jovenes_13_17,media
7,1,76,793,687,jovenes_13_17,media
5,4,63,820,568,jovenes_13_17,media
6,1,62,924,533,jovenes_13_17,media
6,1,62,913,561,jovenes_13_17,media
6,2,68,840,563,jovenes_13_17,media
6,1,70,836,693,jovenes_13_17,media
6,3,74,696,600,jovenes_13_17,media
7,4,70,807,514,jovenes_13_17,media
6,1,68,845,532,jovenes_13_17,media
7,4,76,797,541,jovenes_13_17,media
5,1,65,773,595,jovenes_13_17,media
5,4,72,842,623,jovenes_13_17,media
6,4,70,783,622,jovenes_13_17,media
5,1,75,894,547,jovenes_13_17,media
6,3,66,699,531,jovenes_13_17,media
7,1,65,765,583,jovenes_13_17,media
5,4,58,795,535,jovenes_13_17,media
5,3,77,787,647,jovenes_13_17,media
5,2,61,838,549,jovenes_13_17,media
7,4,71,680,617,jovenes_13_17,media
6,2,68,667,652,jovenes_13_17,media
7,3,59,925,566,jovenes_13_17,media
5,1,63,724,678,jovenes_13_17,media
6,2,67,796,512,jovenes_13_17,media
5,3,67,698,667,jovenes_13_17,media
6,2,65,891,635,jovenes_13_17,media
6,2,75,810,543,jovenes_13_17,media
7,3,74,904,640,jovenes_13_17,media
5,3,75,716,626,jovenes_13_17,media
6,1,75,781,651,jovenes_13_17,media
7,3,74,810,535,jovenes_13_17,media
6,3,75,899,518,jovenes_13_17,media
6,4,73,916,669,jovenes_13_17,media
6,4,64,688,630,jovenes_13_17,media
7,4,70,736,676,jovenes_13_17,media
6,1,70,845,655,jovenes_13_17,media
6,4,77,764,625,jovenes_13_17,media
6,3,71,749,680,jovenes_13_17,media
7,1,76,821,590,jovenes_13_17,media
6,2,58,768,564,jovenes_13_17,media
6,3,73,900,631,jovenes_13_17,media
7,2,73,765,592,jovenes_13_17,media
7,2,77,909,559,jovenes_13_17,media
5,2,68,722,673,jovenes_13_17,media
5,3,67,915,532,jovenes_13_17,media
6,2,64,748,529,jovenes_13_17,media
6,3,65,695,666,jovenes_13_17,media
5,3,70,874,513,jovenes_13_17,media
6,2,70,775,644,jovenes_13_17,media
7,1,58,899,584,jovenes_13_17,media
6,3,61,706,579,jovenes_13_17,media
5,3,66,819,655,jovenes_13_17,media
7,1,60,923,626,jovenes_13_17,media
5,4,73,717,685,jovenes_13_17,media
5,4,58,905,698,jovenes_13_17,media
5,1,76,906,694,jovenes_13_17,media
5,4,74,709,552,jovenes_13_17,media
5,2,76,917,549,jovenes_13_17,media
5,4,71,690,568,jovenes_13_17,media
7,3,75,765,666,jovenes_13_17,media
6,3,60,819,622,jovenes_13_17,media
5,3,74,753,621,jovenes_13_17,media
5,2,64,814,602,jovenes_13_17,media
6,4,69,704,658,jovenes_13_17,media
7,2,64,911,572,jovenes_13_17,media
5,2,67,841,535,jovenes_13_17,media
5,4,61,909,658,jovenes_13_17,media
7,3,68,721,540,jovenes_13_17,media
6,1,62,701,587,jovenes_13_17,media
6,2,66,877,600,jovenes_13_17,media
6,2,58,666,615,jovenes_13_17,media
5,1,61,821,578,jovenes_13_17,media
7,1,75,843,601,jovenes_13_17,media
7,1,59,713,523,jovenes_13_17,media
6,1,74,823,624,jovenes_13_17,media
6,1,65,760,657,jovenes_13_17,media
7,2,61,925,544,jovenes_13_17,media
6,2,63,925,580,jovenes_13_17,media
5,1,66,694,681,jovenes_13_17,media
6,3,75,912,557,jovenes_13_17,media
5,2,67,727,692,jovenes_13_17,media
5,3,60,808,544,jovenes_13_17,media
5,3,62,879,613,jovenes_13_17,media
6,1,75,672,609,jovenes_13_17,media
6,3,72,720,603,jovenes_13_17,media
5,4,64,838,560,jovenes_13_17,media
5,1,77,867,568,jovenes_13_17,media
6,3,77,926,583,jovenes_13_17,media
6,3,66,926,534,jovenes_13_17,media
7,1,67,865,581,jovenes_13_17,media
7,1,66,909,670,jovenes_13_17,media
5,1,66,710,654,jovenes_13_17,media
6,3,76,731,546,jovenes_13_17,media
7,2,72,883,616,jovenes_13_17,media
6,1,63,755,561,jovenes_13_17,media
6,2,69,695,632,jovenes_13_17,media
6,4,68,809,656,jovenes_13_17,media
7,3,70,670,618,jovenes_13_17,media
5,3,75,857,674,jovenes_13_17,media
6,3,77,693,515,jovenes_13_17,media
7,1,68,673,576,jovenes_13_17,media
5,2,60,907,636,jovenes_13_17,media
5,2,61,791,614,jovenes_13_17,media
7,2,77,915,588,jovenes_13_17,media
6,4,65,700,667,jovenes_13_17,media
6,4,64,910,640,jovenes_13_17,media
7,3,74,810,515,jovenes_13_17,media
6,1,69,783,503,jovenes_13_17,media
5,3,65,927,573,jovenes_13_17,media
7,1,68,910,685,jovenes_13_17,media
5,2,62,879,665,jovenes_13_17,media
5,4,63,711,679,jovenes_13_17,media
5,2,62,898,592,jovenes_13_17,media
5,4,68,791,597,jovenes_13_17,media
7,2,65,793,611,jovenes_13_17,media
6,2,68,827,626,jovenes_13_17,media
6,3,74,701,541,jovenes_13_17,media
7,4,61,910,635,jovenes_13_17,media
5,2,58,893,670,jovenes_13_17,media
6,1,68,803,557,jovenes_13_17,media
5,2,58,689,652,jovenes_13_17,media
5,1,59,823,568,jovenes_13_17,media
5,2,70,840,566,jovenes_13_17,media
7,3,71,717,586,jovenes_13_17,media
6,2,66,862,665,jovenes_13_17,media
5,3,62,830,635,jovenes_13_17,media
7,1,65,764,556,jovenes_13_17,media
5,3,76,800,579,jovenes_13_17,media
7,1,68,731,662,jovenes_13_17,media
5,1,68,844,579,jovenes_13_17,media
6,1,66,912,592,jovenes_13_17,media
5,3,65,799,700,jovenes_13_17,media
7,1,73,772,697,jovenes_13_17,media
5,3,74,742,547,jovenes_13_17,media
5,3,73,822,681,jovenes_13_17,media
6,1,67,738,637,jovenes_13_17,media
7,2,66,669,610,jovenes_13_17,media
7,4,67,751,543,jovenes_13_17,media
7,4,67,836,684,jovenes_13_17,media
7,3,58,682,631,jovenes_13_17,media
7,1,62,731,691,jovenes_13_17,media
7,2,61,865,657,jovenes_13_17,media
6,4,67,734,667,jovenes_13_17,media
5,4,75,799,607,jovenes_13_17,media
5,3,60,756,570,jovenes_13_17,media
6,4,63,672,582,jovenes_13_17,media
5,2,75,895,529,jovenes_13_17,media
6,3,76,906,613,jovenes_13_17,media
5,1,66,707,682,jovenes_13_17,media
6,3,61,886,557,jovenes_13_17,media
6,2,75,916,552,jovenes_13_17,media
5,3,71,846,679,jovenes_13_17,media
5,4,73,718,657,jovenes_13_17,media
6,2,66,934,521,jovenes_13_17,media
6,2,61,801,667,jovenes_13_17,media
7,2,76,895,652,jovenes_13_17,media
7,2,77,844,543,jovenes_13_17,media
7,1,67,884,552,jovenes_13_17,media
7,4,67,756,516,jovenes_13_17,media
5,3,76,715,535,jovenes_13_17,media
7,4,73,909,662,jovenes_13_17,media
6,1,72,843,560,jovenes_13_17,media
7,4,63,900,691,jovenes_13_17,media
5,3,66,668,625,jovenes_13_17,media
6,3,65,794,660,jovenes_13_17,media
6,2,66,870,677,jovenes_13_17,media
6,3,59,863,695,jovenes_13_17,media
5,1,73,815,668,jovenes_13_17,media
5,4,70,694,540,jovenes_13_17,media
7,2,73,749,558,jovenes_13_17,media
5,3,74,909,686,jovenes_13_17,media
5,4,62,889,527,jovenes_13_17,media
5,2,59,852,608,jovenes_13_17,media
7,4,72,833,551,jovenes_13_17,media
5,1,69,819,562,jovenes_13_17,media
5,4,67,877,670,jovenes_13_17,media
5,4,72,752,562,jovenes_13_17,media
6,4,76,811,625,jovenes_13_17,media
5,1,77,928,518,jovenes_13_17,media
7,1,61,884,696,jovenes_13_17,media
6,4,75,673,574,jovenes_13_17,media
5,4,60,794,634,jovenes_13_17,media
5,1,71,812,691,jovenes_13_17,media
7,1,68,769,612,jovenes_13_17,media
5,3,63,767,681,jovenes_13_17,media
6,2,74,812,536,jovenes_13_17,media
7,3,58,891,573,jovenes_13_17,media
5,4,67,879,618,jovenes_13_17,media
6,3,67,796,583,jovenes_13_17,media
5,1,73,738,501,jovenes_13_17,media
6,1,62,808,674,jovenes_13_17,media
6,1,76,855,567,jovenes_13_17,media
5,3,73,904,613,jovenes_13_17,media
7,2,60,831,508,jovenes_13_17,media
7,3,72,779,642,jovenes_13_17,media
7,2,60,850,689,jovenes_13_17,media
5,3,65,691,673,jovenes_13_17,media
5,2,66,825,600,jovenes_13_17,media
6,4,66,895,657,jovenes_13_17,media
7,2,69,795,559,jovenes_13_17,media
5,1,58,795,603,jovenes_13_17,media
7,3,68,868,532,jovenes_13_17,media
7,2,72,897,628,jovenes_13_17,media
7,1,65,799,617,jovenes_13_17,media
5,3,72,778,583,jovenes_13_17,media
5,2,77,858,575,jovenes_13_17,media
5,4,77,789,590,jovenes_13_17,media
7,2,62,684,526,jovenes_13_17,media
5,1,71,916,642,jovenes_13_17,media
7,1,69,905,608,jovenes_13_17,media
7,3,74,758,639,jovenes_13_17,media
6,2,68,928,506,jovenes_13_17,media
7,3,61,868,698,jovenes_13_17,media
7,4,77,795,515,jovenes_13_17,media
5,4,59,831,613,jovenes_13_17,media
5,3,58,851,523,jovenes_13_17,media
6,3,71,689,507,jovenes_13_17,media
5,4,61,902,592,jovenes_13_17,media
5,1,64,843,620,jovenes_13_17,media
5,2,73,723,625,jovenes_13_17,media
7,3,67,831,522,jovenes_13_17,media
5,4,61,722,591,jovenes_13_17,media
5,2,69,786,594,jovenes_13_17,media
6,3,61,897,652,jovenes_13_17,media
7,4,69,825,678,jovenes_13_17,media
7,3,65,829,641,jovenes_13_17,media
7,3,69,789,623,jovenes_13_17,media
6,1,58,806,592,jovenes_13_17,media
7,2,71,755,681,jovenes_13_17,media
7,1,65,691,629,jovenes_13_17,media
6,1,77,674,670,jovenes_13_17,media
6,1,75,796,660,jovenes_13_17,media
7,1,65,763,551,jovenes_13_17,media
7,1,70,911,560,jovenes_13_17,media
7,4,71,828,555,jovenes_13_17,media
6,1,71,766,561,jovenes_13_17,media
7,3,63,907,597,jovenes_13_17,media
7,2,61,829,640,jovenes_13_17,media
6,4,67,727,562,jovenes_13_17,media
7,1,68,667,687,jovenes_13_17,media
7,4,64,856,505,jovenes_13_17,media
6,4,68,930,574,jovenes_13_17,media
6,4,73,852,685,jovenes_13_17,media
6,4,76,820,687,jovenes_13_17,media
7,3,61,685,579,jovenes_13_17,media
6,3,70,712,631,jovenes_13_17,media
7,3,68,813,668,jovenes_13_17,media
7,3,58,798,579,jovenes_13_17,media
5,3,58,760,607,jovenes_13_17,media
6,1,61,736,668,jovenes_13_17,media
5,4,75,756,580,jovenes_13_17,media
5,4,71,729,671,jovenes_13_17,media
5,1,77,730,696,jovenes_13_17,media
5,4,77,734,544,jovenes_13_17,media
6,1,61,830,631,jovenes_13_17,media
6,1,66,711,609,jovenes_13_17,media
5,4,69,759,642,jovenes_13_17,media
5,1,61,854,533,jovenes_13_17,media
5,1,71,847,549,jovenes_13_17,media
6,2,76,668,685,jovenes_13_17,media
6,3,73,809,518,jovenes_13_17,media
6,1,77,924,563,jovenes_13_17,media
6,3,65,709,513,jovenes_13_17,media
6,1,75,844,686,jovenes_13_17,media
7,2,64,792,520,jovenes_13_17,media
7,4,66,677,685,jovenes_13_17,media
7,1,74,667,652,jovenes_13_17,media
5,3,75,853,552,jovenes_13_17,media
5,4,77,847,568,jovenes_13_17,media
7,1,64,770,637,jovenes_13_17,media
6,4,59,675,663,jovenes_13_17,media
5,1,65,694,659,jovenes_13_17,media
7,4,69,708,502,jovenes_13_17,media
6,1,66,902,536,jovenes_13_17,media
7,1,64,788,551,jovenes_13_17,media
7,2,71,708,530,jovenes_13_17,media
7,2,58,904,601,jovenes_13_17,media
6,1,63,903,556,jovenes_13_17,media
5,1,63,839,573,jovenes_13_17,media
5,2,67,862,555,jovenes_13_17,media
6,1,77,925,685,jovenes_13_17,media
5,3,59,933,658,jovenes_13_17,media
7,2,65,775,600,jovenes_13_17,media
6,3,70,913,646,jovenes_13_17,media
5,1,64,725,679,jovenes_13_17,media
5,3,60,852,630,jovenes_13_17,media
7,1,72,677,505,jovenes_13_17,media
6,1,62,829,565,jovenes_13_17,media
7,2,63,831,687,jovenes_13_17,media
7,1,62,882,590,jovenes_13_17,media
6,2,62,685,576,jovenes_13_17,media
6,2,60,832,529,jovenes_13_17,media
6,3,61,895,582,jovenes_13_17,media
5,3,70,746,501,jovenes_13_17,media
6,1,65,703,588,jovenes_13_17,media
6,1,60,835,600,jovenes_13_17,media
6,2,58,742,576,jovenes_13_17,media
7,4,74,856,606,jovenes_13_17,media
6,4,67,918,634,jovenes_13_17,media
6,2,60,700,588,jovenes_13_17,media
6,2,77,759,655,jovenes_13_17,media
6,3,66,908,635,jovenes_13_17,media
7,4,71,827,696,jovenes_13_17,media
6,1,60,934,566,jovenes_13_17,media
6,4,74,682,546,jovenes_13_17,media
5,3,72,903,530,jovenes_13_17,media
7,1,58,926,605,jovenes_13_17,media
6,3,58,853,680,jovenes_13_17,media
6,2,70,844,642,jovenes_13_17,media
5,2,67,710,559,jovenes_13_17,media
6,4,59,829,599,jovenes_13_17,media
5,4,74,668,665,jovenes_13_17,media
5,2,72,821,580,jovenes_13_17,media
5,4,64,744,648,jovenes_13_17,media
7,3,66,826,669,jovenes_13_17,media
5,1,61,682,584,jovenes_13_17,media
5,1,63,894,673,jovenes_13_17,media
7,3,73,743,599,jovenes_13_17,media
6,1,59,926,561,jovenes_13_17,media
7,4,64,873,558,jovenes_13_17,media
5,1,59,900,575,jovenes_13_17,media
7,3,75,667,647,jovenes_13_17,media
7,4,68,750,592,jovenes_13_17,media
7,2,73,800,511,jovenes_13_17,media
7,4,72,886,513,jovenes_13_17,media
7,3,77,761,518,jovenes_13_17,media
6,4,62,905,549,jovenes_13_17,media
6,2,66,833,635,jovenes_13_17,media
6,4,59,696,660,jovenes_13_17,media
5,4,72,869,531,jovenes_13_17,media
7,3,60,814,665,jovenes_13_17,media
5,3,67,740,522,jovenes_13_17,media
7,3,61,876,651,jovenes_13_17,media
5,1,58,809,655,jovenes_13_17,media
7,4,59,854,666,jovenes_13_17,media
5,2,67,714,562,jovenes_13_17,media
6,4,75,734,697,jovenes_13_17,media
7,3,66,746,552,jovenes_13_17,media
5,1,58,710,588,jovenes_13_17,media
7,2,64,760,575,jovenes_13_17,media
6,3,60,750,512,jovenes_13_17,media
6,4,63,821,662,jovenes_13_17,media
6,2,72,702,593,jovenes_13_17,media
7,1,59,704,606,jovenes_13_17,media
7,1,60,719,628,jovenes_13_17,media
5,3,77,749,541,jovenes_13_17,media
5,3,64,686,500,jovenes_13_17,media
7,2,73,784,676,jovenes_13_17,media
5,3,58,702,638,jovenes_13_17,media
7,1,70,784,615,jovenes_13_17,media
7,1,65,863,645,jovenes_13_17,media
6,2,61,747,605,jovenes_13_17,media
7,2,70,758,602,jovenes_13_17,media
6,2,72,731,597,jovenes_13_17,media
5,4,61,928,585,jovenes_13_17,media
5,3,62,933,534,jovenes_13_17,media
7,4,59,861,544,jovenes_13_17,media
5,3,76,912,504,jovenes_13_17,media
5,4,65,892,550,jovenes_13_17,media
7,2,59,797,597,jovenes_13_17,media
7,4,74,920,649,jovenes_13_17,media
7,2,60,810,520,jovenes_13_17,media
5,4,76,921,685,jovenes_13_17,media
5,1,64,677,609,jovenes_13_17,media
5,4,77,801,698,jovenes_13_17,media
6,1,63,815,585,jovenes_13_17,media
7,3,63,855,670,jovenes_13_17,media
5,3,71,811,524,jovenes_13_17,media
5,4,71,839,668,jovenes_13_17,media
5,4,64,719,554,jovenes_13_17,media
5,2,68,676,520,jovenes_13_17,media
7,3,70,868,665,jovenes_13_17,media
5,1,59,852,570,jovenes_13_17,media
7,1,70,925,541,jovenes_13_17,media
7,1,59,679,509,jovenes_13_17,media
5,4,60,826,596,jovenes_13_17,media
6,3,67,888,522,jovenes_13_17,media
6,1,64,690,607,jovenes_13_17,media
7,3,66,894,666,jovenes_13_17,media
6,2,75,763,538,jovenes_13_17,media
6,2,59,709,585,jovenes_13_17,media
6,1,69,851,686,jovenes_13_17,media
5,3,66,878,607,jovenes_13_17,media
5,4,65,710,650,jovenes_13_17,media
5,4,62,732,522,jovenes_13_17,media
6,1,77,925,632,jovenes_13_17,media
7,3,58,928,538,jovenes_13_17,media
5,3,76,690,563,jovenes_13_17,media
5,3,68,862,673,jovenes_13_17,media
6,4,65,825,597,jovenes_13_17,media
6,1,68,930,548,jovenes_13_17,media
5,3,70,717,606,jovenes_13_17,media
5,1,60,808,679,jovenes_13_17,media
5,4,65,897,531,jovenes_13_17,media
5,4,76,753,687,jovenes_13_17,media
7,4,59,767,576,jovenes_13_17,media
7,1,66,788,678,jovenes_13_17,media
7,3,75,909,661,jovenes_13_17,media
7,2,60,818,664,jovenes_13_17,media
6,3,63,704,536,jovenes_13_17,media
6,3,67,887,533,jovenes_13_17,media
5,4,72,906,654,jovenes_13_17,media
6,2,72,769,523,jovenes_13_17,media
7,2,67,792,510,jovenes_13_17,media
5,4,62,826,510,jovenes_13_17,media
7,2,58,869,597,jovenes_13_17,media
6,2,74,909,614,jovenes_13_17,media
7,4,60,727,554,jovenes_13_17,media
5,3,73,774,551,jovenes_13_17,media
5,1,58,772,524,jovenes_13_17,media
5,1,67,769,670,jovenes_13_17,media
7,2,65,875,700,jovenes_13_17,media
5,1,71,837,511,jovenes_13_17,media
7,2,74,805,518,jovenes_13_17,media
5,4,60,701,691,jovenes_13_17,media
6,4,66,822,643,jovenes_13_17,media
6,2,77,820,697,jovenes_13_17,media
5,3,64,753,571,jovenes_13_17,media
6,4,70,812,675,jovenes_13_17,media
7,3,70,928,596,jovenes_13_17,media
6,4,61,735,584,jovenes_13_17,media
6,2,66,736,595,jovenes_13_17,media
7,4,66,894,633,jovenes_13_17,media
7,2,72,733,504,jovenes_13_17,media
7,3,59,726,659,jovenes_13_17,media
5,4,77,901,638,jovenes_13_17,media
5,4,67,888,558,jovenes_13_17,media
6,2,73,774,629,jovenes_13_17,media
6,3,67,914,620,jovenes_13_17,media
7,4,65,839,568,jovenes_13_17,media
7,2,59,699,688,jovenes_13_17,media
5,1,68,673,542,jovenes_13_17,media
5,2,58,899,665,jovenes_13_17,media
6,3,71,823,634,jovenes_13_17,media
6,3,59,885,606,jovenes_13_17,media
5,2,68,871,562,jovenes_13_17,media
5,3,74,845,672,jovenes_13_17,media
5,4,59,820,618,jovenes_13_17,media
7,1,59,704,575,jovenes_13_17,media
5,1,67,834,652,jovenes_13_17,media
7,2,62,714,535,jovenes_13_17,media
6,3,61,715,693,jovenes_13_17,media
5,1,58,743,664,jovenes_13_17,media
5,3,77,675,533,jovenes_13_17,media
5,1,70,766,674,jovenes_13_17,media
5,4,77,741,654,jovenes_13_17,media
5,1,69,790,646,jovenes_13_17,media
6,1,66,786,698,jovenes_13_17,media
5,1,61,715,567,jovenes_13_17,media
6,1,71,841,605,jovenes_13_17,media
6,3,58,840,605,jovenes_13_17,media
7,2,65,772,579,jovenes_13_17,media
6,2,67,862,567,jovenes_13_17,media
7,3,66,928,564,jovenes_13_17,media
6,1,64,809,557,jovenes_13_17,media
6,2,68,927,560,jovenes_13_17,media
6,3,65,932,697,jovenes_13_17,media
7,1,70,683,587,jovenes_13_17,media
6,2,76,732,698,jovenes_13_17,media
6,4,59,740,536,jovenes_13_17,media
7,3,65,768,608,jovenes_13_17,media
7,1,70,878,500,jovenes_13_17,media
7,2,68,729,580,jovenes_13_17,media
5,4,76,809,577,jovenes_13_17,media
5,3,67,694,679,jovenes_13_17,media
5,1,58,757,518,jovenes_13_17,media
6,3,61,774,509,jovenes_13_17,media
5,1,74,733,545,jovenes_13_17,media
7,3,76,752,533,jovenes_13_17,media
6,1,58,844,598,jovenes_13_17,media
6,4,59,913,543,jovenes_13_17,media
5,1,63,783,525,jovenes_13_17,media
5,2,58,701,663,jovenes_13_17,media
7,1,70,772,528,jovenes_13_17,media
6,3,67,895,680,jovenes_13_17,media
7,4,61,811,650,jovenes_13_17,media
6,4,64,751,591,jovenes_13_17,media
5,4,72,776,692,jovenes_13_17,media
6,3,65,855,604,jovenes_13_17,media
5,3,63,855,605,jovenes_13_17,media
6,1,59,708,625,jovenes_13_17,media
7,1,65,780,666,jovenes_13_17,media
7,1,72,860,547,jovenes_13_17,media
5,3,71,811,698,jovenes_13_17,media
5,2,70,740,580,jovenes_13_17,media
5,4,75,840,531,jovenes_13_17,media
5,4,64,883,567,jovenes_13_17,media
6,3,70,731,568,jovenes_13_17,media
7,1,60,775,700,jovenes_13_17,media
6,3,71,713,502,jovenes_13_17,media
7,2,68,858,540,jovenes_13_17,media
7,4,62,876,612,jovenes_13_17,media
7,2,74,726,633,jovenes_13_17,media
5,4,65,822,549,jovenes_13_17,media
7,2,74,721,681,jovenes_13_17,media
7,2,61,753,608,jovenes_13_17,media
5,3,68,925,546,jovenes_13_17,media
6,2,68,899,636,jovenes_13_17,media
6,4,72,870,543,jovenes_13_17,media
6,3,58,862,675,jovenes_13_17,media
7,4,66,934,563,jovenes_13_17,media
7,4,60,807,628,jovenes_13_17,media
5,1,67,868,558,jovenes_13_17,media
5,3,65,836,658,jovenes_13_17,media
7,2,61,919,663,jovenes_13_17,media
6,2,61,802,600,jovenes_13_17,media
5,3,77,788,593,jovenes_13_17,media
6,3,61,691,578,jovenes_13_17,media
6,2,74,756,560,jovenes_13_17,media
5,2,63,893,504,jovenes_13_17,media
7,4,59,922,640,jovenes_13_17,media
5,2,70,881,543,jovenes_13_17,media
7,2,69,879,501,jovenes_13_17,media
7,1,64,723,583,jovenes_13_17,media
5,2,65,770,502,jovenes_13_17,media
5,4,72,820,506,jovenes_13_17,media
5,2,61,690,671,jovenes_13_17,media
5,4,69,851,587,jovenes_13_17,media
6,3,74,868,651,jovenes_13_17,media
7,1,74,676,691,jovenes_13_17,media
5,1,70,861,536,jovenes_13_17,media
5,2,60,732,518,jovenes_13_17,media
6,2,73,919,684,jovenes_13_17,media
7,2,64,675,641,jovenes_13_17,media
7,3,66,799,607,jovenes_13_17,media
5,4,65,862,530,jovenes_13_17,media
7,1,67,819,678,jovenes_13_17,media
5,2,66,766,583,jovenes_13_17,media
5,1,61,696,627,jovenes_13_17,media
5,2,69,895,505,jovenes_13_17,media
6,2,61,730,557,jovenes_13_17,media
6,4,66,888,640,jovenes_13_17,media
7,4,66,732,695,jovenes_13_17,media
7,1,60,809,500,jovenes_13_17,media
5,2,60,931,666,jovenes_13_17,media
6,3,63,916,503,jovenes_13_17,media
5,4,63,845,585,jovenes_13_17,media
6,3,58,882,699,jovenes_13_17,media
7,4,58,815,653,jovenes_13_17,media
7,2,69,812,677,jovenes_13_17,media
6,4,75,919,651,jovenes_13_17,media
6,2,67,816,547,jovenes_13_17,media
7,2,66,733,596,jovenes_13_17,media
6,1,62,767,549,jovenes_13_17,media
5,4,66,701,589,jovenes_13_17,media
5,1,58,922,579,jovenes_13_17,media
6,3,77,924,634,jovenes_13_17,media
7,3,65,785,513,jovenes_13_17,media
7,4,73,770,600,jovenes_13_17,media
5,3,73,725,617,jovenes_13_17,media
5,1,62,841,682,jovenes_13_17,media
5,2,68,736,638,jovenes_13_17,media
5,3,63,892,596,jovenes_13_17,media
6,3,69,806,510,jovenes_13_17,media
7,4,71,923,562,jovenes_13_17,media
6,1,71,841,672,jovenes_13_17,media
6,2,72,759,585,jovenes_13_17,media
6,1,71,789,661,jovenes_13_17,media
6,2,65,870,676,jovenes_13_17,media
7,1,58,894,587,jovenes_13_17,media
5,1,64,932,685,jovenes_13_17,media
5,2,74,859,571,jovenes_13_17,media
7,1,66,919,651,jovenes_13_17,media
5,3,59,909,550,jovenes_13_17,media
5,2,71,891,601,jovenes_13_17,media
7,4,63,706,560,jovenes_13_17,media
6,3,68,922,529,jovenes_13_17,media
5,2,64,759,569,jovenes_13_17,media
5,3,75,857,669,jovenes_13_17,media
5,4,63,707,671,jovenes_13_17,media
5,4,60,857,662,jovenes_13_17,media
7,3,70,701,609,jovenes_13_17,media
7,3,71,711,675,jovenes_13_17,media
5,3,68,845,577,jovenes_13_17,media
7,2,67,807,689,jovenes_13_17,media
7,3,77,723,545,jovenes_13_17,media
7,2,62,875,534,jovenes_13_17,media
6,4,62,737,500,jovenes_13_17,media
5,4,63,774,575,jovenes_13_17,media
6,2,74,810,586,jovenes_13_17,media
7,2,62,906,600,jovenes_13_17,media
6,1,74,762,683,jovenes_13_17,media
6,1,68,685,649,jovenes_13_17,media
6,4,72,922,512,jovenes_13_17,media
5,2,63,733,522,jovenes_13_17,media
7,2,62,889,543,jovenes_13_17,media
7,1,62,852,620,jovenes_13_17,media
6,2,65,763,545,jovenes_13_17,media
6,3,61,771,695,jovenes_13_17,media
7,3,62,669,642,jovenes_13_17,media
7,3,75,847,570,jovenes_13_17,media
5,2,59,921,683,jovenes_13_17,media
5,2,59,668,509,jovenes_13_17,media
5,2,61,890,678,jovenes_13_17,media
6,1,71,754,672,jovenes_13_17,media
7,1,59,819,542,jovenes_13_17,media
5,4,69,697,598,jovenes_13_17,media
7,2,73,749,636,jovenes_13_17,media
7,3,75,748,624,jovenes_13_17,media
7,3,71,768,539,jovenes_13_17,media
7,4,59,736,681,jovenes_13_17,media
6,1,58,827,567,jovenes_13_17,media
6,1,71,902,695,jovenes_13_17,media
7,1,67,802,567,jovenes_13_17,media
7,3,77,749,595,jovenes_13_17,media
5,1,77,829,572,jovenes_13_17,media
6,3,76,760,667,jovenes_13_17,media
6,2,66,696,653,jovenes_13_17,media
5,2,67,849,625,jovenes_13_17,media
7,2,59,764,638,jovenes_13_17,media
7,3,60,912,577,jovenes_13_17,media
6,2,74,910,693,jovenes_13_17,media
5,4,69,867,676,jovenes_13_17,media
7,2,67,696,624,jovenes_13_17,media
7,3,61,864,678,jovenes_13_17,media
6,3,58,760,581,jovenes_13_17,media
5,2,74,832,538,jovenes_13_17,media
6,1,70,858,700,jovenes_13_17,media
6,1,61,817,628,jovenes_13_17,media
6,1,62,892,548,jovenes_13_17,media
6,3,59,702,632,jovenes_13_17,media
5,3,68,891,536,jovenes_13_17,media
5,1,70,808,565,jovenes_13_17,media
6,1,70,782,685,jovenes_13_17,media
6,4,68,807,505,jovenes_13_17,media
7,4,60,892,517,jovenes_13_17,media
5,4,76,753,536,jovenes_13_17,media
6,1,74,933,653,jovenes_13_17,media
5,4,72,926,549,jovenes_13_17,media
7,2,61,709,693,jovenes_13_17,media
6,2,75,718,650,jovenes_13_17,media
6,3,64,823,561,jovenes_13_17,media
7,2,62,742,555,jovenes_13_17,media
7,1,73,895,548,jovenes_13_17,media
5,2,73,750,519,jovenes_13_17,media
6,4,76,669,553,jovenes_13_17,media
7,1,62,868,534,jovenes_13_17,media
6,4,69,802,554,jovenes_13_17,media
7,2,63,737,599,jovenes_13_17,media
5,4,64,721,638,jovenes_13_17,media
7,3,71,929,558,jovenes_13_17,media
7,4,72,742,551,jovenes_13_17,media
5,3,64,900,508,jovenes_13_17,media
6,3,74,697,590,jovenes_13_17,media
5,2,63,819,659,jovenes_13_17,media
7,4,70,672,572,jovenes_13_17,media
5,1,74,843,668,jovenes_13_17,media
6,3,74,782,677,jovenes_13_17,media
5,2,66,695,659,jovenes_13_17,media
7,1,69,718,541,jovenes_13_17,media
5,3,60,797,578,jovenes_13_17,media
6,1,68,684,596,jovenes_13_17,media
7,2,75,854,596,jovenes_13_17,media
6,3,61,698,523,jovenes_13_17,media
5,4,64,879,548,jovenes_13_17,media
7,4,72,860,562,jovenes_13_17,media
5,4,76,735,656,jovenes_13_17,media
5,3,66,821,622,jovenes_13_17,media
6,3,64,688,647,jovenes_13_17,media
6,1,73,702,678,jovenes_13_17,media
5,3,74,677,509,jovenes_13_17,media
5,3,71,849,586,jovenes_13_17,media
5,2,68,924,505,jovenes_13_17,media
7,1,62,707,527,jovenes_13_17,media
7,2,66,800,552,jovenes_13_17,media
7,2,74,751,572,jovenes_13_17,media
7,4,68,681,620,jovenes_13_17,media
7,4,58,848,593,jovenes_13_17,media
5,1,62,915,675,jovenes_13_17,media
7,3,63,786,557,jovenes_13_17,media
6,3,77,824,652,jovenes_13_17,media
5,3,70,767,542,jovenes_13_17,media
6,3,77,855,527,jovenes_13_17,media
6,2,75,795,562,jovenes_13_17,media
5,4,60,884,669,jovenes_13_17,media
7,3,70,771,534,jovenes_13_17,media
6,1,75,882,610,jovenes_13_17,media
7,4,70,837,673,jovenes_13_17,media
6,1,71,907,570,jovenes_13_17,media
7,2,65,837,592,jovenes_13_17,media
7,4,62,880,561,jovenes_13_17,media
6,3,71,720,564,jovenes_13_17,media
6,2,68,853,688,jovenes_13_17,media
6,1,71,694,529,jovenes_13_17,media
6,1,65,919,622,jovenes_13_17,media
6,3,59,773,508,jovenes_13_17,media
5,4,60,897,650,jovenes_13_17,media
7,2,73,908,571,jovenes_13_17,media
7,2,75,751,612,jovenes_13_17,media
7,3,63,726,685,jovenes_13_17,media
7,4,62,686,578,jovenes_13_17,media
7,1,59,720,658,jovenes_13_17,media
6,3,71,792,554,jovenes_13_17,media
6,2,69,818,694,jovenes_13_17,media
5,1,70,792,695,jovenes_13_17,media
6,1,69,757,597,jovenes_13_17,media
5,4,61,782,579,jovenes_13_17,media
7,2,63,776,635,jovenes_13_17,media
5,3,64,728,699,jovenes_13_17,media
7,1,75,706,536,jovenes_13_17,media
5,2,63,674,577,jovenes_13_17,media
7,4,62,680,505,jovenes_13_17,media
7,2,60,874,579,jovenes_13_17,media
7,2,63,708,668,jovenes_13_17,media
5,2,71,684,552,jovenes_13_17,media
7,3,73,806,540,jovenes_13_17,media
6,1,61,703,651,jovenes_13_17,media
7,4,66,910,533,jovenes_13_17,media
5,2,66,894,642,jovenes_13_17,media
6,1,58,767,576,jovenes_13_17,media
7,2,72,696,588,jovenes_13_17,media
6,1,64,687,506,jovenes_13_17,media
7,3,71,683,561,jovenes_13_17,media
5,1,73,801,551,jovenes_13_17,media
6,1,73,869,672,jovenes_13_17,media
6,2,63,929,674,jovenes_13_17,media
5,2,71,860,591,jovenes_13_17,media
7,1,70,700,549,jovenes_13_17,media
5,4,74,911,562,jovenes_13_17,media
5,4,61,788,595,jovenes_13_17,media
6,1,74,803,549,jovenes_13_17,media
7,2,64,773,585,jovenes_13_17,media
7,2,71,710,632,jovenes_13_17,media
5,2,74,762,655,jovenes_13_17,media
6,3,59,898,520,jovenes_13_17,media
6,4,62,913,564,jovenes_13_17,media
7,3,61,786,694,jovenes_13_17,media
6,2,77,934,508,jovenes_13_17,media
7,2,66,907,578,jovenes_13_17,media
6,2,64,714,555,jovenes_13_17,media
6,2,60,675,699,jovenes_13_17,media
5,4,60,856,596,jovenes_13_17,media
5,1,76,714,656,jovenes_13_17,media
5,2,60,687,576,jovenes_13_17,media
7,2,60,720,644,jovenes_13_17,media
7,3,66,815,662,jovenes_13_17,media
5,1,59,924,564,jovenes_13_17,media
7,3,62,734,556,jovenes_13_17,media
5,1,60,927,646,jovenes_13_17,media
7,3,70,680,544,jovenes_13_17,media
7,4,77,821,551,jovenes_13_17,media
5,3,68,696,561,jovenes_13_17,media
6,2,72,750,581,jovenes_13_17,media
7,1,60,851,541,jovenes_13_17,media
7,2,68,846,541,jovenes_13_17,media
5,1,60,756,625,jovenes_13_17,media
6,1,74,746,624,jovenes_13_17,media
6,1,60,708,688,jovenes_13_17,media
7,2,75,933,638,jovenes_13_17,media
5,4,62,885,655,jovenes_13_17,media
7,4,70,676,682,jovenes_13_17,media
5,2,67,786,531,jovenes_13_17,media
6,1,71,746,673,jovenes_13_17,media
7,3,64,794,597,jovenes_13_17,media
6,4,75,869,612,jovenes_13_17,media
6,2,68,835,545,jovenes_13_17,media
7,1,58,823,539,jovenes_13_17,media
6,3,77,932,551,jovenes_13_17,media
7,4,70,801,669,jovenes_13_17,media
7,4,75,823,551,jovenes_13_17,media
5,3,73,752,661,jovenes_13_17,media
7,1,61,902,691,jovenes_13_17,media
6,4,69,693,534,jovenes_13_17,media
7,4,67,794,564,jovenes_13_17,media
5,3,67,902,606,jovenes_13_17,media
5,2,65,928,578,jovenes_13_17,media
5,3,75,896,616,jovenes_13_17,media
7,1,64,876,505,jovenes_13_17,media
7,1,61,735,583,jovenes_13_17,media
7,2,75,730,563,jovenes_13_17,media
5,3,65,733,543,jovenes_13_17,media
7,4,76,691,563,jovenes_13_17,media
5,4,62,712,597,jovenes_13_17,media
7,4,72,827,699,jovenes_13_17,media
6,1,66,722,520,jovenes_13_17,media
5,2,65,774,666,jovenes_13_17,media
6,3,63,755,559,jovenes_13_17,media
5,3,76,881,674,jovenes_13_17,media
7,3,58,773,676,jovenes_13_17,media
6,4,72,874,514,jovenes_13_17,media
5,3,61,841,647,jovenes_13_17,media
6,2,59,768,554,jovenes_13_17,media
7,2,70,765,640,jovenes_13_17,media
6,1,63,850,605,jovenes_13_17,media
5,3,68,734,525,jovenes_13_17,media
5,4,67,825,690,jovenes_13_17,media
7,1,68,691,649,jovenes_13_17,media
7,1,68,871,679,jovenes_13_17,media
6,3,59,693,696,jovenes_13_17,media
7,1,60,686,547,jovenes_13_17,media
7,2,61,926,680,jovenes_13_17,media
5,3,61,726,626,jovenes_13_17,media
5,2,61,879,695,jovenes_13_17,media
5,4,66,855,566,jovenes_13_17,media
6,4,76,802,563,jovenes_13_17,media
5,2,76,891,590,jovenes_13_17,media
5,3,61,891,623,jovenes_13_17,media
6,3,68,803,507,jovenes_13_17,media
5,1,60,745,586,jovenes_13_17,media
7,1,64,696,561,jovenes_13_17,media
7,4,77,789,511,jovenes_13_17,media
7,2,60,684,621,jovenes_13_17,media
7,1,66,738,591,jovenes_13_17,media
5,2,66,713,616,jovenes_13_17,media
6,1,69,793,582,jovenes_13_17,media
5,1,64,924,624,jovenes_13_17,media
7,3,67,684,500,jovenes_13_17,media
6,4,75,896,541,jovenes_13_17,media
6,2,62,753,570,jovenes_13_17,media
7,3,58,745,661,jovenes_13_17,media
7,1,76,821,646,jovenes_13_17,media
6,3,66,921,619,jovenes_13_17,media
7,4,59,778,536,jovenes_13_17,media
6,2,77,822,565,jovenes_13_17,media
7,4,66,828,559,jovenes_13_17,media
6,3,66,892,605,jovenes_13_17,media
5,1,73,737,557,jovenes_13_17,media
5,3,70,927,501,jovenes_13_17,media
5,1,71,826,661,jovenes_13_17,media
5,3,58,789,683,jovenes_13_17,media
5,2,73,699,526,jovenes_13_17,media
7,2,64,806,623,jovenes_13_17,media
6,4,69,811,686,jovenes_13_17,media
6,4,68,758,648,jovenes_13_17,media
7,1,63,929,575,jovenes_13_17,media
5,4,64,924,699,jovenes_13_17,media
5,3,60,788,611,jovenes_13_17,media
6,3,75,868,686,jovenes_13_17,media
7,2,59,744,692,jovenes_13_17,media
6,3,77,696,688,jovenes_13_17,media
6,3,58,780,651,jovenes_13_17,media
6,2,72,743,564,jovenes_13_17,media
6,3,58,914,508,jovenes_13_17,media
6,1,69,775,585,jovenes_13_17,media
5,3,67,698,644,jovenes_13_17,media
6,4,76,827,594,jovenes_13_17,media
6,2,75,851,611,jovenes_13_17,media
6,4,76,906,518,jovenes_13_17,media
5,2,76,730,627,jovenes_13_17,media
7,1,66,929,575,jovenes_13_17,media
7,1,61,867,641,jovenes_13_17,media
5,3,67,820,500,jovenes_13_17,media
5,4,59,855,595,jovenes_13_17,media
7,4,60,846,656,jovenes_13_17,media
6,3,67,874,595,jovenes_13_17,media
5,3,70,747,528,jovenes_13_17,media
5,4,71,810,666,jovenes_13_17,media
6,4,69,720,574,jovenes_13_17,media
7,2,61,812,639,jovenes_13_17,media
7,4,75,862,579,jovenes_13_17,media
5,1,75,749,592,jovenes_13_17,media
6,4,72,917,626,jovenes_13_17,media
5,4,75,930,684,jovenes_13_17,media
5,1,64,884,660,jovenes_13_17,media
7,1,76,813,545,jovenes_13_17,media
6,2,59,743,684,jovenes_13_17,media
5,2,64,793,677,jovenes_13_17,media
6,3,60,787,664,jovenes_13_17,media
6,1,63,720,587,jovenes_13_17,media
5,4,77,799,517,jovenes_13_17,media
7,4,64,682,566,jovenes_13_17,media
7,2,61,866,579,jovenes_13_17,media
5,4,60,808,546,jovenes_13_17,media
7,1,58,928,531,jovenes_13_17,media
5,2,77,816,685,jovenes_13_17,media
5,3,63,725,674,jovenes_13_17,media
6,2,65,884,677,jovenes_13_17,media
6,3,75,889,547,jovenes_13_17,media
6,3,63,758,529,jovenes_13_17,media
7,2,63,830,634,jovenes_13_17,media
7,4,59,667,548,jovenes_13_17,media
5,2,72,898,641,jovenes_13_17,media
7,4,62,721,676,jovenes_13_17,media
7,4,59,918,658,jovenes_13_17,media
6,4,71,875,637,jovenes_13_17,media
6,2,61,754,575,jovenes_13_17,media
6,1,74,744,673,jovenes_13_17,media
5,4,62,693,680,jovenes_13_17,media
6,2,61,849,539,jovenes_13_17,media
5,4,65,832,521,jovenes_13_17,media
7,1,66,773,589,jovenes_13_17,media
6,2,74,816,600,jovenes_13_17,media
7,4,58,751,651,jovenes_13_17,media
6,1,73,857,695,jovenes_13_17,media
7,4,60,696,525,jovenes_13_17,media
7,2,69,702,566,jovenes_13_17,media
6,2,72,868,636,jovenes_13_17,media
7,3,65,929,533,jovenes_13_17,media
7,1,59,791,641,jovenes_13_17,media
7,3,62,698,546,jovenes_13_17,media
7,1,74,739,670,jovenes_13_17,media
5,2,61,879,557,jovenes_13_17,media
5,2,65,759,650,jovenes_13_17,media
7,1,72,819,515,jovenes_13_17,media
6,2,70,934,570,jovenes_13_17,media
5,1,67,893,648,jovenes_13_17,media
6,1,67,913,698,jovenes_13_17,media
7,3,73,888,652,jovenes_13_17,media
7,4,64,815,545,jovenes_13_17,media
6,1,59,758,650,jovenes_13_17,media
5,2,66,824,673,jovenes_13_17,media
7,3,72,781,541,jovenes_13_17,media
5,1,70,934,613,jovenes_13_17,media
6,1,66,751,639,jovenes_13_17,media
5,3,74,865,561,jovenes_13_17,media
5,2,76,870,697,jovenes_13_17,media
6,3,62,715,539,jovenes_13_17,media
7,1,74,734,628,jovenes_13_17,media
7,2,74,759,555,jovenes_13_17,media
5,4,76,843,529,jovenes_13_17,media
6,3,60,859,584,jovenes_13_17,media
7,2,61,863,595,jovenes_13_17,media
6,3,76,753,686,jovenes_13_17,media
7,2,59,853,565,jovenes_13_17,media
5,2,60,767,657,jovenes_13_17,media
5,3,65,924,640,jovenes_13_17,media
6,3,71,836,591,jovenes_13_17,media
7,4,66,780,564,jovenes_13_17,media
6,1,77,813,578,jovenes_13_17,media
7,2,68,767,512,jovenes_13_17,media
6,1,61,900,656,jovenes_13_17,media
5,3,64,856,691,jovenes_13_17,media
5,2,68,686,573,jovenes_13_17,media
5,3,67,807,676,jovenes_13_17,media
6,2,75,739,514,jovenes_13_17,media
5,4,76,911,526,jovenes_13_17,media
7,4,59,679,506,jovenes_13_17,media
6,3,71,901,650,jovenes_13_17,media
5,2,66,854,614,jovenes_13_17,media
6,4,64,713,515,jovenes_13_17,media
5,2,69,830,682,jovenes_13_17,media
7,1,67,902,528,jovenes_13_17,media
6,4,76,822,587,jovenes_13_17,media
7,3,66,867,623,jovenes_13_17,media
5,3,60,908,686,jovenes_13_17,media
6,4,63,927,526,jovenes_13_17,media
7,2,70,767,665,jovenes_13_17,media
5,2,64,723,544,jovenes_13_17,media
6,3,68,832,597,jovenes_13_17,media
6,4,74,669,552,jovenes_13_17,media
5,3,75,848,668,jovenes_13_17,media
5,1,76,755,684,jovenes_13_17,media
6,4,77,831,609,jovenes_13_17,media
7,4,76,899,536,jovenes_13_17,media
6,4,69,837,686,jovenes_13_17,media
7,3,72,701,607,jovenes_13_17,media
7,1,80,647,729,jovenes_13_17,alta
9,0,77,636,755,jovenes_13_17,alta
8,0,94,493,700,jovenes_13_17,alta
7,0,77,476,886,jovenes_13_17,alta
8,1,80,517,733,jovenes_13_17,alta
7,1,94,450,784,jovenes_13_17,alta
8,1,85,628,727,jovenes_13_17,alta
8,1,94,402,829,jovenes_13_17,alta
9,0,93,546,847,jovenes_13_17,alta
8,1,80,439,794,jovenes_13_17,alta
8,1,82,496,711,jovenes_13_17,alta
7,1,82,434,741,jovenes_13_17,alta
7,0,88,585,727,jovenes_13_17,alta
9,1,94,541,798,jovenes_13_17,alta
9,0,92,558,867,jovenes_13_17,alta
7,1,85,486,854,jovenes_13_17,alta
7,1,78,627,859,jovenes_13_17,alta
7,0,94,513,830,jovenes_13_17,alta
7,1,80,526,833,jovenes_13_17,alta
9,1,86,605,899,jovenes_13_17,alta
7,0,92,404,820,jovenes_13_17,alta
9,1,94,445,721,jovenes_13_17,alta
8,0,78,405,729,jovenes_13_17,alta
8,0,85,653,768,jovenes_13_17,alta
8,0,95,550,899,jovenes_13_17,alta
9,0,81,448,751,jovenes_13_17,alta
9,1,77,659,887,jovenes_13_17,alta
9,1,90,559,720,jovenes_13_17,alta
7,0,81,553,777,jovenes_13_17,alta
7,0,82,531,752,jovenes_13_17,alta
7,1,80,562,877,jovenes_13_17,alta
9,1,77,641,896,jovenes_13_17,alta
9,1,95,488,781,jovenes_13_17,alta
8,1,94,425,750,jovenes_13_17,alta
9,0,87,571,868,jovenes_13_17,alta
7,1,80,602,783,jovenes_13_17,alta
7,1,80,594,812,jovenes_13_17,alta
7,1,84,515,721,jovenes_13_17,alta
7,1,89,560,898,jovenes_13_17,alta
9,1,86,644,840,jovenes_13_17,alta
8,1,81,573,805,jovenes_13_17,alta
7,1,91,548,892,jovenes_13_17,alta
7,0,95,460,769,jovenes_13_17,alta
7,0,84,498,804,jovenes_13_17,alta
7,1,90,434,845,jovenes_13_17,alta
7,1,78,585,890,jovenes_13_17,alta
7,1,88,554,742,jovenes_13_17,alta
8,0,94,662,837,jovenes_13_17,alta
9,0,90,618,740,jovenes_13_17,alta
9,0,86,611,879,jovenes_13_17,alta
8,0,82,551,806,jovenes_13_17,alta
9,1,81,606,880,jovenes_13_17,alta
7,1,86,503,789,jovenes_13_17,alta
8,1,81,555,749,jovenes_13_17,alta
9,0,91,485,887,jovenes_13_17,alta
8,0,82,481,872,jovenes_13_17,alta
9,1,95,559,787,jovenes_13_17,alta
7,0,80,456,751,jovenes_13_17,alta
7,0,78,635,711,jovenes_13_17,alta
8,0,89,423,871,jovenes_13_17,alta
8,0,90,513,807,jovenes_13_17,alta
9,0,93,500,810,jovenes_13_17,alta
8,1,87,472,745,jovenes_13_17,alta
9,0,90,455,702,jovenes_13_17,alta
9,0,86,610,800,jovenes_13_17,alta
7,0,82,495,882,jovenes_13_17,alta
8,0,92,599,881,jovenes_13_17,alta
9,1,78,503,830,jovenes_13_17,alta
9,1,82,548,718,jovenes_13_17,alta
8,1,77,462,706,jovenes_13_17,alta
8,1,86,500,796,jovenes_13_17,alta
7,1,93,417,867,jovenes_13_17,alta
7,1,90,551,860,jovenes_13_17,alta
7,1,91,566,869,jovenes_13_17,alta
7,0,77,526,810,jovenes_13_17,alta
7,0,90,661,704,jovenes_13_17,alta
7,0,81,541,784,jovenes_13_17,alta
9,0,88,454,896,jovenes_13_17,alta
7,1,88,638,882,jovenes_13_17,alta
8,0,93,609,818,jovenes_13_17,alta
7,0,89,514,801,jovenes_13_17,alta
9,0,78,631,874,jovenes_13_17,alta
9,0,79,665,854,jovenes_13_17,alta
7,1,93,551,852,jovenes_13_17,alta
9,0,91,604,834,jovenes_13_17,alta
8,0,82,661,880,jovenes_13_17,alta
7,0,94,422,840,jovenes_13_17,alta
8,1,88,480,785,jovenes_13_17,alta
7,1,82,478,851,jovenes_13_17,alta
9,1,79,582,776,jovenes_13_17,alta
9,0,91,489,769,jovenes_13_17,alta
9,1,92,553,795,jovenes_13_17,alta
8,0,82,519,875,jovenes_13_17,alta
9,1,84,432,805,jovenes_13_17,alta
9,0,79,512,713,jovenes_13_17,alta
9,0,87,606,825,jovenes_13_17,alta
9,0,83,461,829,jovenes_13_17,alta
7,1,88,456,723,jovenes_13_17,alta
9,1,79,460,740,jovenes_13_17,alta
8,1,86,535,751,jovenes_13_17,alta
7,1,95,475,817,jovenes_13_17,alta
8,0,88,588,800,jovenes_13_17,alta
7,0,95,474,709,jovenes_13_17,alta
8,1,86,549,860,jovenes_13_17,alta
8,1,79,616,867,jovenes_13_17,alta
7,1,83,527,723,jovenes_13_17,alta
7,0,90,486,863,jovenes_13_17,alta
8,1,78,523,802,jovenes_13_17,alta
9,0,83,654,712,jovenes_13_17,alta
9,1,83,606,900,jovenes_13_17,alta
8,1,83,541,801,jovenes_13_17,alta
9,0,81,574,725,jovenes_13_17,alta
8,0,78,435,759,jovenes_13_17,alta
8,1,81,557,824,jovenes_13_17,alta
7,1,80,515,802,jovenes_13_17,alta
8,0,94,508,836,jovenes_13_17,alta
8,1,84,515,865,jovenes_13_17,alta
8,0,87,663,761,jovenes_13_17,alta
7,0,84,657,851,jovenes_13_17,alta
7,1,90,495,894,jovenes_13_17,alta
7,1,95,665,829,jovenes_13_17,alta
7,0,95,629,753,jovenes_13_17,alta
9,1,95,615,777,jovenes_13_17,alta
8,0,83,425,795,jovenes_13_17,alta
9,1,80,433,875,jovenes_13_17,alta
8,1,77,585,780,jovenes_13_17,alta
7,0,81,473,871,jovenes_13_17,alta
8,1,95,601,705,jovenes_13_17,alta
7,1,80,487,867,jovenes_13_17,alta
9,1,80,663,810,jovenes_13_17,alta
7,1,95,596,776,jovenes_13_17,alta
8,1,87,659,755,jovenes_13_17,alta
7,0,87,459,718,jovenes_13_17,alta
7,0,77,605,781,jovenes_13_17,alta
9,1,83,418,802,jovenes_13_17,alta
7,1,80,575,878,jovenes_13_17,alta
7,0,88,643,738,jovenes_13_17,alta
8,1,94,653,739,jovenes_13_17,alta
9,1,84,529,861,jovenes_13_17,alta
9,1,80,428,839,jovenes_13_17,alta
9,0,95,427,854,jovenes_13_17,alta
8,1,87,660,851,jovenes_13_17,alta
7,0,86,624,853,jovenes_13_17,alta
9,1,86,590,756,jovenes_13_17,alta
9,0,95,608,742,jovenes_13_17,alta
7,0,81,515,788,jovenes_13_17,alta
8,0,79,512,846,jovenes_13_17,alta
8,1,78,587,848,jovenes_13_17,alta
8,0,82,506,853,jovenes_13_17,alta
7,0,95,665,871,jovenes_13_17,alta
9,1,90,490,757,jovenes_13_17,alta
9,1,86,522,701,jovenes_13_17,alta
9,0,85,402,846,jovenes_13_17,alta
7,0,87,522,862,jovenes_13_17,alta
8,1,82,444,723,jovenes_13_17,alta
7,1,95,497,822,jovenes_13_17,alta
7,0,93,500,713,jovenes_13_17,alta
7,0,84,427,776,jovenes_13_17,alta
7,1,89,535,886,jovenes_13_17,alta
9,1,87,646,720,jovenes_13_17,alta
8,1,86,404,803,jovenes_13_17,alta
7,0,86,527,733,jovenes_13_17,alta
9,0,80,593,868,jovenes_13_17,alta
7,1,83,656,722,jovenes_13_17,alta
7,1,82,507,871,jovenes_13_17,alta
9,0,83,413,785,jovenes_13_17,alta
7,0,95,537,836,jovenes_13_17,alta
8,0,83,661,878,jovenes_13_17,alta
7,0,81,497,825,jovenes_13_17,alta
9,1,90,501,700,jovenes_13_17,alta
9,1,83,666,715,jovenes_13_17,alta
7,1,95,568,779,jovenes_13_17,alta
8,1,90,585,760,jovenes_13_17,alta
9,1,77,432,831,jovenes_13_17,alta
7,0,86,456,730,jovenes_13_17,alta
7,0,80,613,861,jovenes_13_17,alta
7,1,93,449,700,jovenes_13_17,alta
9,0,88,616,838,jovenes_13_17,alta
8,0,77,405,846,jovenes_13_17,alta
9,1,93,633,780,jovenes_13_17,alta
9,0,91,429,746,jovenes_13_17,alta
8,0,90,514,893,jovenes_13_17,alta
9,0,89,486,795,jovenes_13_17,alta
9,1,86,539,746,jovenes_13_17,alta
8,1,93,410,847,jovenes_13_17,alta
9,1,82,642,721,jovenes_13_17,alta
9,1,77,621,799,jovenes_13_17,alta
9,1,78,452,740,jovenes_13_17,alta
9,1,77,511,849,jovenes_13_17,alta
7,1,79,607,827,jovenes_13_17,alta
7,1,88,565,763,jovenes_13_17,alta
8,0,85,575,805,jovenes_13_17,alta
9,0,81,655,897,jovenes_13_17,alta
9,1,84,451,792,jovenes_13_17,alta
9,0,95,501,704,jovenes_13_17,alta
9,0,77,608,712,jovenes_13_17,alta
9,0,94,443,866,jovenes_13_17,alta
8,1,85,531,893,jovenes_13_17,alta
7,0,79,423,779,jovenes_13_17,alta
9,0,81,645,717,jovenes_13_17,alta
9,0,80,420,764,jovenes_13_17,alta
8,1,91,611,900,jovenes_13_17,alta
9,0,82,419,730,jovenes_13_17,alta
8,1,91,568,886,jovenes_13_17,alta
8,1,85,482,819,jovenes_13_17,alta
7,0,94,418,887,jovenes_13_17,alta
9,1,78,595,853,jovenes_13_17,alta
7,1,84,525,891,jovenes_13_17,alta
8,0,87,654,822,jovenes_13_17,alta
8,0,92,541,824,jovenes_13_17,alta
7,1,83,628,800,jovenes_13_17,alta
7,1,78,425,744,jovenes_13_17,alta
7,1,86,469,729,jovenes_13_17,alta
9,1,78,566,842,jovenes_13_17,alta
9,1,81,403,742,jovenes_13_17,alta
8,0,89,531,703,jovenes_13_17,alta
7,1,77,527,771,jovenes_13_17,alta
7,0,95,529,804,jovenes_13_17,alta
8,0,78,577,731,jovenes_13_17,alta
9,1,79,512,713,jovenes_13_17,alta
9,1,83,455,727,jovenes_13_17,alta
8,1,79,571,767,jovenes_13_17,alta
8,0,92,440,760,jovenes_13_17,alta
9,1,85,488,837,jovenes_13_17,alta
7,1,83,549,718,jovenes_13_17,alta
8,1,95,610,726,jovenes_13_17,alta
9,0,87,598,721,jovenes_13_17,alta
8,0,88,601,706,jovenes_13_17,alta
7,0,82,539,811,jovenes_13_17,alta
9,1,88,528,889,jovenes_13_17,alta
7,1,93,414,888,jovenes_13_17,alta
8,0,85,580,840,jovenes_13_17,alta
8,1,89,493,860,jovenes_13_17,alta
7,0,81,595,852,jovenes_13_17,alta
7,1,93,415,743,jovenes_13_17,alta
9,0,81,563,883,jovenes_13_17,alta
9,0,88,474,874,jovenes_13_17,alta
8,1,94,408,822,jovenes_13_17,alta
9,1,91,423,847,jovenes_13_17,alta
7,0,95,648,861,jovenes_13_17,alta
7,1,81,603,899,jovenes_13_17,alta
7,0,88,622,875,jovenes_13_17,alta
8,0,82,440,810,jovenes_13_17,alta
8,1,80,566,790,jovenes_13_17,alta
9,0,94,620,713,jovenes_13_17,alta
8,0,94,458,898,jovenes_13_17,alta
8,0,93,418,788,jovenes_13_17,alta
8,1,84,439,826,jovenes_13_17,alta
8,0,95,602,718,jovenes_13_17,alta
7,0,81,540,835,jovenes_13_17,alta
8,0,77,630,776,jovenes_13_17,alta
8,0,89,605,843,jovenes_13_17,alta
7,0,78,400,805,jovenes_13_17,alta
7,1,91,411,750,jovenes_13_17,alta
8,0,84,604,716,jovenes_13_17,alta
8,1,93,515,877,jovenes_13_17,alta
8,0,95,579,892,jovenes_13_17,alta
7,0,89,467,866,jovenes_13_17,alta
9,1,87,434,845,jovenes_13_17,alta
8,0,95,642,886,jovenes_13_17,alta
7,1,85,597,752,jovenes_13_17,alta
8,0,83,639,893,jovenes_13_17,alta
7,0,86,576,889,jovenes_13_17,alta
8,0,95,636,734,jovenes_13_17,alta
7,0,85,470,764,jovenes_13_17,alta
9,1,84,622,790,jovenes_13_17,alta
8,1,83,510,761,jovenes_13_17,alta
9,1,79,457,868,jovenes_13_17,alta
7,1,91,629,778,jovenes_13_17,alta
8,0,83,429,830,jovenes_13_17,alta
7,1,89,629,701,jovenes_13_17,alta
9,0,83,601,724,jovenes_13_17,alta
7,1,85,467,844,jovenes_13_17,alta
8,0,94,626,827,jovenes_13_17,alta
8,1,82,653,784,jovenes_13_17,alta
9,1,83,614,800,jovenes_13_17,alta
9,1,95,510,812,jovenes_13_17,alta
8,1,87,457,742,jovenes_13_17,alta
8,0,92,425,826,jovenes_13_17,alta
9,1,90,405,705,jovenes_13_17,alta
9,0,86,551,773,jovenes_13_17,alta
9,0,92,477,758,jovenes_13_17,alta
8,1,86,552,883,jovenes_13_17,alta
7,1,81,651,871,jovenes_13_17,alta
7,0,80,512,822,jovenes_13_17,alta
9,0,85,594,774,jovenes_13_17,alta
7,0,88,618,853,jovenes_13_17,alta
9,1,83,450,755,jovenes_13_17,alta
9,1,92,437,788,jovenes_13_17,alta
9,1,94,451,721,jovenes_13_17,alta
8,0,84,486,763,jovenes_13_17,alta
8,1,84,650,819,jovenes_13_17,alta
7,1,93,594,820,jovenes_13_17,alta
8,1,78,607,826,jovenes_13_17,alta
8,1,85,621,827,jovenes_13_17,alta
9,1,83,559,885,jovenes_13_17,alta
8,0,84,543,746,jovenes_13_17,alta
7,1,94,526,837,jovenes_13_17,alta
9,0,77,645,774,jovenes_13_17,alta
7,1,77,566,853,jovenes_13_17,alta
7,0,93,498,755,jovenes_13_17,alta
8,0,92,664,778,jovenes_13_17,alta
7,0,91,603,803,jovenes_13_17,alta
8,0,91,522,897,jovenes_13_17,alta
8,0,93,615,896,jovenes_13_17,alta
9,1,85,574,700,jovenes_13_17,alta
9,1,92,458,772,jovenes_13_17,alta
8,0,84,437,796,jovenes_13_17,alta
8,1,83,626,819,jovenes_13_17,alta
7,1,84,420,870,jovenes_13_17,alta
9,1,82,410,743,jovenes_13_17,alta
7,1,93,401,818,jovenes_13_17,alta
7,1,79,535,703,jovenes_13_17,alta
8,1,89,446,891,jovenes_13_17,alta
7,1,77,648,719,jovenes_13_17,alta
8,0,80,482,895,jovenes_13_17,alta
9,1,79,466,806,jovenes_13_17,alta
7,1,91,466,825,jovenes_13_17,alta
9,1,77,488,823,jovenes_13_17,alta
8,0,79,434,805,jovenes_13_17,alta
8,1,86,446,715,jovenes_13_17,alta
7,1,77,639,832,jovenes_13_17,alta
9,1,90,400,766,jovenes_13_17,alta
7,1,81,610,708,jovenes_13_17,alta
9,1,90,619,760,jovenes_13_17,alta
9,1,87,524,715,jovenes_13_17,alta
7,0,82,540,750,jovenes_13_17,alta
9,1,81,539,857,jovenes_13_17,alta
7,1,87,480,860,jovenes_13_17,alta
7,1,95,454,829,jovenes_13_17,alta
9,1,80,485,778,jovenes_13_17,alta
7,1,82,580,720,jovenes_13_17,alta
7,0,88,426,775,jovenes_13_17,alta
8,0,88,597,772,jovenes_13_17,alta
9,1,92,542,863,jovenes_13_17,alta
7,0,79,462,716,jovenes_13_17,alta
8,1,78,578,782,jovenes_13_17,alta
9,1,83,461,795,jovenes_13_17,alta
8,1,94,519,861,jovenes_13_17,alta
9,0,93,446,861,jovenes_13_17,alta
7,0,86,424,739,jovenes_13_17,alta
9,1,81,479,837,jovenes_13_17,alta
9,0,77,652,871,jovenes_13_17,alta
8,0,85,435,712,jovenes_13_17,alta
9,1,95,406,800,jovenes_13_17,alta
8,1,83,503,738,jovenes_13_17,alta
9,1,94,418,874,jovenes_13_17,alta
9,1,83,586,839,jovenes_13_17,alta
9,0,83,631,765,jovenes_13_17,alta
9,1,95,420,805,jovenes_13_17,alta
9,1,91,595,870,jovenes_13_17,alta
7,0,86,544,831,jovenes_13_17,alta
9,1,93,655,712,jovenes_13_17,alta
8,1,80,565,845,jovenes_13_17,alta
7,1,82,422,702,jovenes_13_17,alta
8,0,84,414,711,jovenes_13_17,alta
7,1,88,414,846,jovenes_13_17,alta
7,1,80,499,828,jovenes_13_17,alta
7,1,82,523,781,jovenes_13_17,alta
8,0,80,592,786,jovenes_13_17,alta
7,1,80,447,738,jovenes_13_17,alta
9,0,81,475,876,jovenes_13_17,alta
7,0,81,524,777,jovenes_13_17,alta
9,1,79,554,798,jovenes_13_17,alta
9,0,93,459,732,jovenes_13_17,alta
8,0,81,553,834,jovenes_13_17,alta
8,1,79,485,770,jovenes_13_17,alta
9,1,91,622,784,jovenes_13_17,alta
7,1,92,460,702,jovenes_13_17,alta
7,1,94,456,803,jovenes_13_17,alta
9,1,87,611,809,jovenes_13_17,alta
7,1,79,575,776,jovenes_13_17,alta
7,0,85,585,885,jovenes_13_17,alta
9,1,81,636,869,jovenes_13_17,alta
9,1,79,428,737,jovenes_13_17,alta
7,1,89,517,703,jovenes_13_17,alta
7,1,93,663,814,jovenes_13_17,alta
7,1,89,475,727,jovenes_13_17,alta
7,0,77,630,765,jovenes_13_17,alta
9,0,90,526,877,jovenes_13_17,alta
7,0,82,480,844,jovenes_13_17,alta
8,0,82,566,705,jovenes_13_17,alta
9,0,88,611,834,jovenes_13_17,alta
7,1,86,505,883,jovenes_13_17,alta
9,0,93,573,852,jovenes_13_17,alta
9,1,79,411,821,jovenes_13_17,alta
7,0,91,460,831,jovenes_13_17,alta
7,1,82,448,841,jovenes_13_17,alta
7,1,88,647,735,jovenes_13_17,alta
8,1,83,634,858,jovenes_13_17,alta
9,1,88,468,847,jovenes_13_17,alta
9,0,78,445,797,jovenes_13_17,alta
9,0,80,476,759,jovenes_13_17,alta
8,1,82,549,869,jovenes_13_17,alta
8,0,93,477,799,jovenes_13_17,alta
8,0,85,446,754,jovenes_13_17,alta
7,1,89,555,836,jovenes_13_17,alta
8,0,95,503,710,jovenes_13_17,alta
7,1,94,638,813,jovenes_13_17,alta
7,0,95,401,817,jovenes_13_17,alta
9,0,87,613,843,jovenes_13_17,alta
9,1,86,410,839,jovenes_13_17,alta
8,1,81,617,725,jovenes_13_17,alta
9,0,79,546,875,jovenes_13_17,alta
8,0,80,437,835,jovenes_13_17,alta
8,1,79,666,821,jovenes_13_17,alta
8,0,84,491,882,jovenes_13_17,alta
8,0,85,579,871,jovenes_13_17,alta
7,0,82,444,781,jovenes_13_17,alta
7,1,84,622,812,jovenes_13_17,alta
7,0,82,441,700,jovenes_13_17,alta
7,0,84,501,753,jovenes_13_17,alta
9,0,88,555,842,jovenes_13_17,alta
9,1,79,590,816,jovenes_13_17,alta
7,0,90,638,736,jovenes_13_17,alta
8,1,87,514,795,jovenes_13_17,alta
9,1,78,458,784,jovenes_13_17,alta
9,1,86,646,879,jovenes_13_17,alta
9,1,92,477,784,jovenes_13_17,alta
8,0,78,591,711,jovenes_13_17,alta
7,0,87,560,895,jovenes_13_17,alta
8,1,82,608,714,jovenes_13_17,alta
9,0,86,478,859,jovenes_13_17,alta
9,1,92,493,882,jovenes_13_17,alta
7,0,81,512,703,jovenes_13_17,alta
9,0,82,449,715,jovenes_13_17,alta
8,0,93,567,799,jovenes_13_17,alta
8,1,92,558,703,jovenes_13_17,alta
7,1,78,494,789,jovenes_13_17,alta
9,0,78,532,884,jovenes_13_17,alta
8,1,77,406,769,jovenes_13_17,alta
9,0,87,475,775,jovenes_13_17,alta
8,1,94,648,778,jovenes_13_17,alta
9,1,95,404,871,jovenes_13_17,alta
7,0,80,621,891,jovenes_13_17,alta
9,1,94,520,839,jovenes_13_17,alta
7,1,92,497,882,jovenes_13_17,alta
9,0,86,604,850,jovenes_13_17,alta
7,1,93,533,825,jovenes_13_17,alta
8,1,93,500,725,jovenes_13_17,alta
9,1,84,493,720,jovenes_13_17,alta
8,1,84,645,870,jovenes_13_17,alta
9,0,89,603,762,jovenes_13_17,alta
8,1,77,476,794,jovenes_13_17,alta
8,1,93,539,812,jovenes_13_17,alta
8,1,93,458,774,jovenes_13_17,alta
7,1,88,589,855,jovenes_13_17,alta
7,0,94,475,842,jovenes_13_17,alta
9,1,83,477,750,jovenes_13_17,alta
9,0,93,650,788,jovenes_13_17,alta
8,0,90,454,719,jovenes_13_17,alta
9,0,93,630,718,jovenes_13_17,alta
8,0,89,612,877,jovenes_13_17,alta
9,1,78,545,847,jovenes_13_17,alta
7,0,79,463,778,jovenes_13_17,alta
8,0,91,514,846,jovenes_13_17,alta
8,0,89,633,729,jovenes_13_17,alta
8,1,79,533,810,jovenes_13_17,alta
7,1,87,595,832,jovenes_13_17,alta
7,0,84,660,796,jovenes_13_17,alta
9,1,87,461,788,jovenes_13_17,alta
9,1,82,579,888,jovenes_13_17,alta
8,0,87,586,744,jovenes_13_17,alta
7,1,95,589,730,jovenes_13_17,alta
8,0,95,481,705,jovenes_13_17,alta
7,0,87,408,719,jovenes_13_17,alta
7,0,77,466,845,jovenes_13_17,alta
7,1,79,437,704,jovenes_13_17,alta
9,0,93,512,777,jovenes_13_17,alta
8,1,83,459,735,jovenes_13_17,alta
8,1,93,644,832,jovenes_13_17,alta
7,0,92,475,899,jovenes_13_17,alta
9,0,79,602,821,jovenes_13_17,alta
7,0,80,551,794,jovenes_13_17,alta
9,1,92,447,816,jovenes_13_17,alta
8,0,83,653,791,jovenes_13_17,alta
7,1,86,651,778,jovenes_13_17,alta
9,1,81,424,703,jovenes_13_17,alta
9,0,93,553,763,jovenes_13_17,alta
9,1,82,441,844,jovenes_13_17,alta
8,1,92,561,765,jovenes_13_17,alta
9,0,91,644,763,jovenes_13_17,alta
7,0,89,431,740,jovenes_13_17,alta
9,1,95,529,798,jovenes_13_17,alta
8,1,94,454,708,jovenes_13_17,alta
8,1,86,593,710,jovenes_13_17,alta
8,0,93,498,852,jovenes_13_17,alta
9,0,92,524,746,jovenes_13_17,alta
9,1,93,647,829,jovenes_13_17,alta
7,0,87,665,708,jovenes_13_17,alta
8,0,91,539,795,jovenes_13_17,alta
8,1,91,581,706,jovenes_13_17,alta
7,1,90,617,848,jovenes_13_17,alta
8,1,90,407,741,jovenes_13_17,alta
9,1,81,434,723,jovenes_13_17,alta
8,0,91,486,846,jovenes_13_17,alta
9,0,82,512,772,jovenes_13_17,alta
8,0,88,477,738,jovenes_13_17,alta
8,0,80,623,821,jovenes_13_17,alta
7,0,90,624,854,jovenes_13_17,alta
8,0,84,545,898,jovenes_13_17,alta
9,1,89,429,750,jovenes_13_17,alta
9,1,88,563,837,jovenes_13_17,alta
9,0,93,422,744,jovenes_13_17,alta
8,1,90,436,784,jovenes_13_17,alta
8,1,79,508,889,jovenes_13_17,alta
9,0,90,537,879,jovenes_13_17,alta
8,0,78,442,892,jovenes_13_17,alta
7,1,83,650,898,jovenes_13_17,alta
8,1,89,441,702,jovenes_13_17,alta
8,0,83,609,887,jovenes_13_17,alta
7,0,85,589,748,jovenes_13_17,alta
8,0,77,459,724,jovenes_13_17,alta
8,0,79,562,774,jovenes_13_17,alta
8,1,80,490,870,jovenes_13_17,alta
8,1,86,510,822,jovenes_13_17,alta
8,1,81,618,850,jovenes_13_17,alta
9,1,81,478,726,jovenes_13_17,alta
8,1,80,411,773,jovenes_13_17,alta
8,0,87,581,794,jovenes_13_17,alta
7,0,83,618,754,jovenes_13_17,alta
9,1,90,610,787,jovenes_13_17,alta
7,0,88,428,778,jovenes_13_17,alta
9,1,82,432,883,jovenes_13_17,alta
7,0,89,528,836,jovenes_13_17,alta
9,1,83,494,788,jovenes_13_17,alta
9,0,83,434,896,jovenes_13_17,alta
9,0,85,629,719,jovenes_13_17,alta
7,0,94,535,789,jovenes_13_17,alta
7,1,88,485,900,jovenes_13_17,alta
9,1,83,584,707,jovenes_13_17,alta
9,1,88,496,866,jovenes_13_17,alta
7,0,91,575,709,jovenes_13_17,alta
9,0,85,660,828,jovenes_13_17,alta
9,1,89,475,725,jovenes_13_17,alta
8,1,93,406,843,jovenes_13_17,alta
9,1,77,412,840,jovenes_13_17,alta
8,1,93,620,823,jovenes_13_17,alta
8,1,88,649,830,jovenes_13_17,alta
9,0,94,646,738,jovenes_13_17,alta
9,0,80,430,811,jovenes_13_17,alta
7,1,82,540,825,jovenes_13_17,alta
8,0,93,454,748,jovenes_13_17,alta
8,1,89,552,721,jovenes_13_17,alta
7,1,95,626,748,jovenes_13_17,alta
8,1,85,453,783,jovenes_13_17,alta
9,0,89,451,755,jovenes_13_17,alta
7,0,93,659,898,jovenes_13_17,alta
8,1,81,606,772,jovenes_13_17,alta
7,1,94,596,852,jovenes_13_17,alta
9,1,80,539,855,jovenes_13_17,alta
9,0,94,500,703,jovenes_13_17,alta
8,1,93,529,825,jovenes_13_17,alta
8,1,78,493,708,jovenes_13_17,alta
9,1,91,595,833,jovenes_13_17,alta
8,0,82,573,762,jovenes_13_17,alta
8,1,78,529,724,jovenes_13_17,alta
9,1,92,477,896,jovenes_13_17,alta
7,1,83,413,867,jovenes_13_17,alta
8,0,82,516,781,jovenes_13_17,alta
7,0,78,471,715,jovenes_13_17,alta
9,1,89,585,854,jovenes_13_17,alta
9,0,78,621,825,jovenes_13_17,alta
8,1,90,484,770,jovenes_13_17,alta
8,1,90,626,746,jovenes_13_17,alta
9,0,87,548,733,jovenes_13_17,alta
8,1,83,458,817,jovenes_13_17,alta
9,1,85,474,859,jovenes_13_17,alta
8,1,82,657,823,jovenes_13_17,alta
9,0,80,577,747,jovenes_13_17,alta
7,0,79,587,757,jovenes_13_17,alta
9,0,92,435,774,jovenes_13_17,alta
9,1,84,597,719,jovenes_13_17,alta
9,0,83,521,772,jovenes_13_17,alta
9,1,79,472,877,jovenes_13_17,alta
7,0,89,559,731,jovenes_13_17,alta
9,1,79,589,806,jovenes_13_17,alta
9,1,83,633,888,jovenes_13_17,alta
7,1,79,452,865,jovenes_13_17,alta
9,0,91,487,741,jovenes_13_17,alta
9,0,84,550,771,jovenes_13_17,alta
8,0,87,552,836,jovenes_13_17,alta
8,0,89,486,784,jovenes_13_17,alta
8,0,82,652,884,jovenes_13_17,alta
7,0,79,505,866,jovenes_13_17,alta
7,1,83,503,713,jovenes_13_17,alta
8,1,93,542,738,jovenes_13_17,alta
9,1,93,576,854,jovenes_13_17,alta
9,0,84,455,758,jovenes_13_17,alta
7,0,77,595,700,jovenes_13_17,alta
9,0,91,433,773,jovenes_13_17,alta
9,0,86,634,792,jovenes_13_17,alta
9,1,86,518,822,jovenes_13_17,alta
7,1,80,571,706,jovenes_13_17,alta
7,1,80,662,821,jovenes_13_17,alta
9,1,95,647,724,jovenes_13_17,alta
7,1,91,540,782,jovenes_13_17,alta
9,0,82,651,746,jovenes_13_17,alta
7,1,88,640,706,jovenes_13_17,alta
7,1,80,420,876,jovenes_13_17,alta
9,1,92,545,762,jovenes_13_17,alta
7,0,84,415,761,jovenes_13_17,alta
8,0,93,597,869,jovenes_13_17,alta
8,1,94,512,797,jovenes_13_17,alta
8,0,93,455,862,jovenes_13_17,alta
9,1,87,623,848,jovenes_13_17,alta
7,1,93,583,808,jovenes_13_17,alta
7,0,93,522,804,jovenes_13_17,alta
9,0,79,501,732,jovenes_13_17,alta
7,1,91,485,844,jovenes_13_17,alta
9,0,79,511,700,jovenes_13_17,alta
8,0,89,428,742,jovenes_13_17,alta
9,1,83,502,799,jovenes_13_17,alta
7,1,91,416,781,jovenes_13_17,alta
8,1,85,469,765,jovenes_13_17,alta
7,0,78,467,737,jovenes_13_17,alta
8,0,85,402,863,jovenes_13_17,alta
8,1,92,480,702,jovenes_13_17,alta
9,1,94,568,702,jovenes_13_17,alta
9,1,81,495,810,jovenes_13_17,alta
9,0,87,527,716,jovenes_13_17,alta
8,0,86,571,875,jovenes_13_17,alta
8,0,94,472,801,jovenes_13_17,alta
8,0,92,664,864,jovenes_13_17,alta
9,1,77,505,737,jovenes_13_17,alta
7,0,94,579,712,jovenes_13_17,alta
9,1,88,626,705,jovenes_13_17,alta
8,1,95,527,721,jovenes_13_17,alta
8,0,91,479,705,jovenes_13_17,alta
8,1,93,538,752,jovenes_13_17,alta
7,1,83,509,883,jovenes_13_17,alta
8,1,86,440,828,jovenes_13_17,alta
7,1,83,435,787,jovenes_13_17,alta
7,0,95,626,897,jovenes_13_17,alta
7,0,88,489,794,jovenes_13_17,alta
7,1,88,488,875,jovenes_13_17,alta
8,1,85,438,837,jovenes_13_17,alta
9,0,94,568,877,jovenes_13_17,alta
8,1,93,458,776,jovenes_13_17,alta
8,1,78,570,829,jovenes_13_17,alta
9,0,79,591,716,jovenes_13_17,alta
8,1,83,457,868,jovenes_13_17,alta
8,0,83,634,787,jovenes_13_17,alta
8,0,85,534,785,jovenes_13_17,alta
9,0,95,541,727,jovenes_13_17,alta
7,1,82,495,726,jovenes_13_17,alta
9,0,91,549,784,jovenes_13_17,alta
8,0,93,631,715,jovenes_13_17,alta
7,1,85,654,813,jovenes_13_17,alta
9,1,83,561,835,jovenes_13_17,alta
7,0,80,623,867,jovenes_13_17,alta
7,0,80,573,847,jovenes_13_17,alta
9,0,80,433,724,jovenes_13_17,alta
9,1,79,438,849,jovenes_13_17,alta
7,1,77,647,804,jovenes_13_17,alta
8,1,82,584,884,jovenes_13_17,alta
7,0,87,540,786,jovenes_13_17,alta
9,1,83,588,747,jovenes_13_17,alta
8,0,89,501,758,jovenes_13_17,alta
9,1,92,602,837,jovenes_13_17,alta
7,0,81,469,706,jovenes_13_17,alta
9,0,78,588,718,jovenes_13_17,alta
8,1,83,436,802,jovenes_13_17,alta
9,1,90,515,765,jovenes_13_17,alta
9,1,87,417,844,jovenes_13_17,alta
7,1,82,654,752,jovenes_13_17,alta
8,0,84,540,851,jovenes_13_17,alta
8,0,91,451,824,jovenes_13_17,alta
9,0,83,475,740,jovenes_13_17,alta
8,1,81,425,771,jovenes_13_17,alta
7,0,80,417,889,jovenes_13_17,alta
9,1,78,630,804,jovenes_13_17,alta
9,1,90,592,746,jovenes_13_17,alta
9,0,95,450,825,jovenes_13_17,alta
8,1,90,608,715,jovenes_13_17,alta
8,0,84,626,745,jovenes_13_17,alta
7,0,84,497,767,jovenes_13_17,alta
9,0,80,609,786,jovenes_13_17,alta
8,0,79,407,762,jovenes_13_17,alta
8,0,91,540,782,jovenes_13_17,alta
8,1,78,651,751,jovenes_13_17,alta
8,1,89,462,751,jovenes_13_17,alta
9,1,94,629,898,jovenes_13_17,alta
7,0,91,555,711,jovenes_13_17,alta
7,1,84,416,739,jovenes_13_17,alta
7,1,77,452,863,jovenes_13_17,alta
7,0,78,460,871,jovenes_13_17,alta
8,0,94,629,844,jovenes_13_17,alta
7,1,86,405,789,jovenes_13_17,alta
7,0,77,484,760,jovenes_13_17,alta
9,1,94,480,895,jovenes_13_17,alta
8,1,92,593,843,jovenes_13_17,alta
9,1,90,664,882,jovenes_13_17,alta
8,1,78,445,865,jovenes_13_17,alta
8,0,82,649,819,jovenes_13_17,alta
9,0,80,425,798,jovenes_13_17,alta
8,0,92,631,763,jovenes_13_17,alta
9,0,81,586,862,jovenes_13_17,alta
7,1,89,411,796,jovenes_13_17,alta
7,1,92,455,747,jovenes_13_17,alta
7,1,89,425,862,jovenes_13_17,alta
9,0,83,515,838,jovenes_13_17,alta
9,0,84,404,768,jovenes_13_17,alta
8,0,80,558,757,jovenes_13_17,alta
9,0,87,635,803,jovenes_13_17,alta
7,1,78,481,849,jovenes_13_17,alta
7,1,78,526,885,jovenes_13_17,alta
9,0,86,662,876,jovenes_13_17,alta
8,1,83,608,842,jovenes_13_17,alta
8,0,90,417,830,jovenes_13_17,alta
7,1,92,504,708,jovenes_13_17,alta
8,0,93,556,868,jovenes_13_17,alta
9,1,86,657,716,jovenes_13_17,alta
9,0,88,579,840,jovenes_13_17,alta
8,0,91,567,792,jovenes_13_17,alta
7,1,81,666,795,jovenes_13_17,alta
8,1,85,431,715,jovenes_13_17,alta
8,1,84,502,881,jovenes_13_17,alta
7,1,94,415,745,jovenes_13_17,alta
8,0,80,441,725,jovenes_13_17,alta
7,0,79,426,868,jovenes_13_17,alta
8,1,77,654,766,jovenes_13_17,alta
8,0,85,559,756,jovenes_13_17,alta
9,1,77,565,812,jovenes_13_17,alta
8,1,92,485,802,jovenes_13_17,alta
7,1,85,537,854,jovenes_13_17,alta
9,1,93,522,897,jovenes_13_17,alta
7,0,84,576,813,jovenes_13_17,alta
8,0,94,552,723,jovenes_13_17,alta
9,0,81,623,743,jovenes_13_17,alta
7,0,83,564,877,jovenes_13_17,alta
8,1,77,413,738,jovenes_13_17,alta
8,1,92,543,810,jovenes_13_17,alta
9,1,83,448,887,jovenes_13_17,alta
7,0,83,584,846,jovenes_13_17,alta
8,1,84,464,700,jovenes_13_17,alta
9,1,90,479,745,jovenes_13_17,alta
7,0,81,548,757,jovenes_13_17,alta
8,0,80,609,894,jovenes_13_17,alta
9,0,77,617,733,jovenes_13_17,alta
7,1,91,519,808,jovenes_13_17,alta
7,0,92,485,812,jovenes_13_17,alta
9,0,95,572,721,jovenes_13_17,alta
7,0,93,435,742,jovenes_13_17,alta
7,0,95,647,728,jovenes_13_17,alta
7,0,85,501,708,jovenes_13_17,alta
7,0,94,428,811,jovenes_13_17,alta
8,1,92,662,838,jovenes_13_17,alta
8,0,82,542,874,jovenes_13_17,alta
9,0,77,585,780,jovenes_13_17,alta
8,0,79,406,852,jovenes_13_17,alta
8,1,81,494,740,jovenes_13_17,alta
7,1,88,622,839,jovenes_13_17,alta
9,1,85,415,711,jovenes_13_17,alta
9,0,84,412,736,jovenes_13_17,alta
7,1,81,622,829,jovenes_13_17,alta
7,1,80,540,828,jovenes_13_17,alta
8,0,95,646,828,jovenes_13_17,alta
7,0,82,465,831,jovenes_13_17,alta
7,0,91,439,844,jovenes_13_17,alta
7,1,93,487,856,jovenes_13_17,alta
9,1,78,616,763,jovenes_13_17,alta
9,1,92,513,840,jovenes_13_17,alta
9,1,93,579,847,jovenes_13_17,alta
7,0,88,474,710,jovenes_13_17,alta
8,0,94,461,772,jovenes_13_17,alta
7,0,89,646,806,jovenes_13_17,alta
9,0,94,467,884,jovenes_13_17,alta
9,0,94,534,898,jovenes_13_17,alta
9,1,83,439,784,jovenes_13_17,alta
7,1,90,400,809,jovenes_13_17,alta
9,0,79,433,703,jovenes_13_17,alta
9,1,78,453,837,jovenes_13_17,alta
9,0,77,473,849,jovenes_13_17,alta
7,1,91,523,737,jovenes_13_17,alta
8,0,90,481,801,jovenes_13_17,alta
9,1,87,525,850,jovenes_13_17,alta
9,0,93,521,895,jovenes_13_17,alta
7,1,95,581,828,jovenes_13_17,alta
7,0,93,404,804,jovenes_13_17,alta
8,0,82,481,744,jovenes_13_17,alta
8,1,79,459,826,jovenes_13_17,alta
9,1,91,531,791,jovenes_13_17,alta
9,0,78,577,719,jovenes_13_17,alta
9,0,85,510,773,jovenes_13_17,alta
7,1,92,422,875,jovenes_13_17,alta
9,0,81,651,809,jovenes_13_17,alta
7,0,93,509,893,jovenes_13_17,alta
9,1,94,474,763,jovenes_13_17,alta
8,1,81,479,740,jovenes_13_17,alta
8,1,95,488,708,jovenes_13_17,alta
9,1,83,473,763,jovenes_13_17,alta
7,0,90,647,809,jovenes_13_17,alta
7,1,84,562,759,jovenes_13_17,alta
9,0,81,500,807,jovenes_13_17,alta
9,0,84,511,790,jovenes_13_17,alta
9,0,90,570,878,jovenes_13_17,alta
7,0,84,640,895,jovenes_13_17,alta
9,1,90,518,898,jovenes_13_17,alta
9,1,79,664,725,jovenes_13_17,alta
7,0,77,406,796,jovenes_13_17,alta
9,1,95,512,740,jovenes_13_17,alta
8,1,80,658,812,jovenes_13_17,alta
7,1,84,472,793,jovenes_13_17,alta
8,0,84,401,722,jovenes_13_17,alta
7,1,92,533,710,jovenes_13_17,alta
7,0,80,451,832,jovenes_13_17,alta
9,0,89,572,714,jovenes_13_17,alta
8,0,83,523,722,jovenes_13_17,alta
9,1,83,459,715,jovenes_13_17,alta
7,0,82,601,709,jovenes_13_17,alta
7,1,88,602,772,jovenes_13_17,alta
8,1,91,478,755,jovenes_13_17,alta
7,0,91,635,820,jovenes_13_17,alta
9,1,87,456,733,jovenes_13_17,alta
7,0,85,576,839,jovenes_13_17,alta
7,0,94,568,844,jovenes_13_17,alta
8,1,89,545,869,jovenes_13_17,alta
9,1,77,580,875,jovenes_13_17,alta
8,0,94,615,751,jovenes_13_17,alta
7,0,83,611,785,jovenes_13_17,alta
8,0,89,622,768,jovenes_13_17,alta
8,1,89,521,784,jovenes_13_17,alta
9,1,78,547,817,jovenes_13_17,alta
7,1,82,656,899,jovenes_13_17,alta
9,0,84,491,798,jovenes_13_17,alta
8,1,86,656,879,jovenes_13_17,alta
9,1,77,535,860,jovenes_13_17,alta
7,1,81,665,856,jovenes_13_17,alta
9,1,79,612,856,jovenes_13_17,alta
8,1,86,547,747,jovenes_13_17,alta
8,0,86,572,719,jovenes_13_17,alta
9,0,89,474,757,jovenes_13_17,alta
8,0,88,476,797,jovenes_13_17,alta
7,1,82,444,744,jovenes_13_17,alta
9,1,91,607,887,jovenes_13_17,alta
9,1,81,624,778,jovenes_13_17,alta
8,1,93,581,734,jovenes_13_17,alta
8,0,79,496,760,jovenes_13_17,alta
7,0,87,597,719,jovenes_13_17,alta
7,1,84,455,727,jovenes_13_17,alta
9,0,95,627,770,jovenes_13_17,alta
7,0,85,481,711,jovenes_13_17,alta
9,1,87,514,809,jovenes_13_17,alta
7,0,79,654,737,jovenes_13_17,alta
8,0,90,518,817,jovenes_13_17,alta
7,0,95,419,768,jovenes_13_17,alta
9,0,95,489,811,jovenes_13_17,alta
7,0,82,404,831,jovenes_13_17,alta
7,0,83,520,776,jovenes_13_17,alta
9,0,82,647,801,jovenes_13_17,alta
9,1,81,611,742,jovenes_13_17,alta
9,0,85,417,882,jovenes_13_17,alta
9,0,92,631,882,jovenes_13_17,alta
8,0,86,651,753,jovenes_13_17,alta
8,1,91,537,748,jovenes_13_17,alta
9,0,93,592,816,jovenes_13_17,alta
8,1,86,640,810,jovenes_13_17,alta
7,1,79,567,736,jovenes_13_17,alta
9,1,85,483,761,jovenes_13_17,alta
8,0,87,623,819,jovenes_13_17,alta
9,0,95,621,727,jovenes_13_17,alta
7,0,94,467,854,jovenes_13_17,alta
7,0,83,631,855,jovenes_13_17,alta
9,1,92,470,872,jovenes_13_17,alta
8,1,95,542,700,jovenes_13_17,alta
9,0,82,467,895,jovenes_13_17,alta
7,1,95,472,822,jovenes_13_17,alta
9,0,84,468,821,jovenes_13_17,alta
7,1,84,477,874,jovenes_13_17,alta
7,1,95,622,769,jovenes_13_17,alta
7,0,83,487,814,jovenes_13_17,alta
9,1,88,447,897,jovenes_13_17,alta
8,0,94,444,700,jovenes_13_17,alta
8,1,89,591,736,jovenes_13_17,alta
7,0,93,489,790,jovenes_13_17,alta
9,1,82,461,830,jovenes_13_17,alta
7,0,85,588,800,jovenes_13_17,alta
8,0,87,651,875,jovenes_13_17,alta
9,0,85,467,807,jovenes_13_17,alta
8,1,85,644,783,jovenes_13_17,alta
8,1,89,478,700,jovenes_13_17,alta
9,1,93,469,774,jovenes_13_17,alta
8,0,90,567,886,jovenes_13_17,alta
7,0,85,606,876,jovenes_13_17,alta
9,0,78,429,812,jovenes_13_17,alta
8,0,77,604,898,jovenes_13_17,alta
9,0,85,453,754,jovenes_13_17,alta
9,0,84,602,798,jovenes_13_17,alta
8,0,82,420,776,jovenes_13_17,alta
8,1,90,473,759,jovenes_13_17,alta
7,0,87,456,759,jovenes_13_17,alta
8,1,80,444,864,jovenes_13_17,alta
7,1,84,534,754,jovenes_13_17,alta
7,1,84,660,718,jovenes_13_17,alta
9,0,93,453,757,jovenes_13_17,alta
7,1,79,653,841,jovenes_13_17,alta
7,1,80,584,847,jovenes_13_17,alta
8,0,80,555,889,jovenes_13_17,alta
9,1,79,554,722,jovenes_13_17,alta
7,0,94,511,715,jovenes_13_17,alta
7,1,85,596,756,jovenes_13_17,alta
7,0,92,421,723,jovenes_13_17,alta
9,1,94,603,710,jovenes_13_17,alta
9,1,93,465,836,jovenes_13_17,alta
9,1,86,639,834,jovenes_13_17,alta
8,1,86,652,748,jovenes_13_17,alta
8,0,92,400,816,jovenes_13_17,alta
8,0,80,655,823,jovenes_13_17,alta
9,0,85,424,854,jovenes_13_17,alta
7,1,83,504,856,jovenes_13_17,alta
8,1,82,642,894,jovenes_13_17,alta
7,1,86,645,842,jovenes_13_17,alta
7,0,88,635,725,jovenes_13_17,alta
8,0,92,585,732,jovenes_13_17,alta
7,1,81,548,866,jovenes_13_17,alta
8,1,89,470,708,jovenes_13_17,alta
9,1,78,423,823,jovenes_13_17,alta
9,1,89,404,742,jovenes_13_17,alta
9,1,87,582,725,jovenes_13_17,alta
9,1,87,542,822,jovenes_13_17,alta
9,0,81,605,841,jovenes_13_17,alta
7,0,92,517,790,jovenes_13_17,alta
7,1,82,620,764,jovenes_13_17,alta
8,1,85,493,766,jovenes_13_17,alta
8,1,83,632,801,jovenes_13_17,alta
7,1,77,665,793,jovenes_13_17,alta
7,0,86,530,730,jovenes_13_17,alta
7,1,83,489,804,jovenes_13_17,alta
8,1,91,528,864,jovenes_13_17,alta
7,1,94,445,798,jovenes_13_17,alta
7,0,90,590,711,jovenes_13_17,alta
7,0,91,430,748,jovenes_13_17,alta
8,1,88,475,749,jovenes_13_17,alta
7,0,95,584,855,jovenes_13_17,alta
8,1,78,483,817,jovenes_13_17,alta
7,0,81,469,700,jovenes_13_17,alta
7,1,85,660,872,jovenes_13_17,alta
7,1,82,551,825,jovenes_13_17,alta
7,0,80,535,843,jovenes_13_17,alta
9,0,82,494,755,jovenes_13_17,alta
8,0,78,488,884,jovenes_13_17,alta
9,1,87,629,761,jovenes_13_17,alta
9,1,86,474,865,jovenes_13_17,alta
7,1,95,472,796,jovenes_13_17,alta
8,1,95,566,780,jovenes_13_17,alta
7,0,81,435,838,jovenes_13_17,alta
7,0,90,666,772,jovenes_13_17,alta
8,1,88,430,897,jovenes_13_17,alta
7,0,85,613,821,jovenes_13_17,alta
7,1,95,638,842,jovenes_13_17,alta
9,0,95,414,730,jovenes_13_17,alta
7,1,89,413,896,jovenes_13_17,alta
7,1,95,497,817,jovenes_13_17,alta
9,0,87,614,767,jovenes_13_17,alta
8,1,84,454,741,jovenes_13_17,alta
7,1,93,448,889,jovenes_13_17,alta
9,0,93,495,745,jovenes_13_17,alta
8,1,88,556,703,jovenes_13_17,alta
9,1,88,596,711,jovenes_13_17,alta
9,0,89,539,887,jovenes_13_17,alta
9,0,91,457,707,jovenes_13_17,alta
8,1,78,619,832,jovenes_13_17,alta
9,1,79,410,725,jovenes_13_17,alta
7,1,80,559,846,jovenes_13_17,alta
7,1,85,476,859,jovenes_13_17,alta
7,0,88,643,831,jovenes_13_17,alta
9,1,78,429,738,jovenes_13_17,alta
7,0,88,400,753,jovenes_13_17,alta
7,0,79,622,763,jovenes_13_17,alta
8,1,83,614,705,jovenes_13_17,alta
7,1,82,640,802,jovenes_13_17,alta
7,0,77,651,875,jovenes_13_17,alta
9,0,86,574,711,jovenes_13_17,alta
9,0,91,519,743,jovenes_13_17,alta
7,1,92,586,705,jovenes_13_17,alta
7,1,89,427,887,jovenes_13_17,alta
7,0,92,598,754,jovenes_13_17,alta
8,0,86,612,792,jovenes_13_17,alta
8,1,85,662,834,jovenes_13_17,alta
9,1,95,580,837,jovenes_13_17,alta
7,0,94,572,845,jovenes_13_17,alta
7,1,82,590,717,jovenes_13_17,alta
8,0,84,449,774,jovenes_13_17,alta
9,1,89,486,712,jovenes_13_17,alta
9,0,89,485,836,jovenes_13_17,alta
9,0,89,632,755,jovenes_13_17,alta
9,0,79,559,857,jovenes_13_17,alta
9,0,90,465,729,jovenes_13_17,alta
7,0,78,634,785,jovenes_13_17,alta
7,0,88,663,783,jovenes_13_17,alta
9,1,92,647,745,jovenes_13_17,alta
9,0,85,440,800,jovenes_13_17,alta
9,1,89,407,814,jovenes_13_17,alta
9,0,81,556,899,jovenes_13_17,alta
8,0,80,562,849,jovenes_13_17,alta
9,0,77,515,857,jovenes_13_17,alta
9,0,85,404,831,jovenes_13_17,alta
8,0,79,555,823,jovenes_13_17,alta
7,1,93,546,706,jovenes_13_17,alta
7,1,95,487,867,jovenes_13_17,alta
8,1,90,465,884,jovenes_13_17,alta
7,0,83,584,876,jovenes_13_17,alta
8,1,81,624,863,jovenes_13_17,alta
8,1,85,520,708,jovenes_13_17,alta
7,0,87,532,893,jovenes_13_17,alta
9,0,81,598,763,jovenes_13_17,alta
7,1,87,481,890,jovenes_13_17,alta
7,0,90,426,874,jovenes_13_17,alta
7,1,91,464,772,jovenes_13_17,alta
8,1,78,423,884,jovenes_13_17,alta
7,1,83,504,745,jovenes_13_17,alta
7,0,80,608,815,jovenes_13_17,alta
8,0,79,526,708,jovenes_13_17,alta
9,1,95,574,818,jovenes_13_17,alta
8,1,92,492,837,jovenes_13_17,alta
8,0,87,483,785,jovenes_13_17,alta
9,0,84,574,738,jovenes_13_17,alta
7,1,82,664,700,jovenes_13_17,alta
8,0,84,499,779,jovenes_13_17,alta
7,0,82,490,816,jovenes_13_17,alta
7,0,81,586,833,jovenes_13_17,alta
9,0,95,609,785,jovenes_13_17,alta
7,0,90,449,813,jovenes_13_17,alta
9,1,81,431,823,jovenes_13_17,alta
9,0,81,471,855,jovenes_13_17,alta
7,0,81,621,706,jovenes_13_17,alta
8,1,87,560,864,jovenes_13_17,alta
9,0,81,467,810,jovenes_13_17,alta
7,0,85,597,795,jovenes_13_17,alta
8,0,93,442,725,jovenes_13_17,alta
7,1,87,478,881,jovenes_13_17,alta
7,1,85,486,744,jovenes_13_17,alta
9,0,86,602,858,jovenes_13_17,alta
7,0,78,409,813,jovenes_13_17,alta
8,0,85,577,759,jovenes_13_17,alta
9,0,82,406,890,jovenes_13_17,alta
9,1,91,579,849,jovenes_13_17,alta
8,0,79,639,893,jovenes_13_17,alta
7,1,77,529,842,jovenes_13_17,alta
8,0,84,547,759,jovenes_13_17,alta
8,0,95,558,867,jovenes_13_17,alta
7,0,83,598,706,jovenes_13_17,alta
7,0,77,521,818,jovenes_13_17,alta
8,1,81,525,725,jovenes_13_17,alta
8,0,81,509,826,jovenes_13_17,alta
7,1,89,572,784,jovenes_13_17,alta
9,0,91,540,841,jovenes_13_17,alta
7,0,81,509,875,jovenes_13_17,alta
7,0,81,575,787,jovenes_13_17,alta
8,1,77,442,753,jovenes_13_17,alta
7,1,77,633,721,jovenes_13_17,alta
8,1,93,569,723,jovenes_13_17,alta
9,0,82,468,716,jovenes_13_17,alta
7,0,80,572,808,jovenes_13_17,alta
9,1,90,500,823,jovenes_13_17,alta
8,1,87,527,828,jovenes_13_17,alta
7,0,91,421,706,jovenes_13_17,alta
8,0,92,640,827,jovenes_13_17,alta
9,1,92,579,834,jovenes_13_17,alta
7,0,78,438,812,jovenes_13_17,alta
7,0,88,503,868,jovenes_13_17,alta
8,1,84,432,787,jovenes_13_17,alta
9,0,89,559,874,jovenes_13_17,alta
8,0,91,504,748,jovenes_13_17,alta
8,1,92,417,727,jovenes_13_17,alta
8,0,95,648,724,jovenes_13_17,alta
8,1,77,525,883,jovenes_13_17,alta
7,1,94,610,830,jovenes_13_17,alta
8,0,83,481,816,jovenes_13_17,alta
9,0,91,605,864,jovenes_13_17,alta
8,0,94,607,804,jovenes_13_17,alta
7,0,81,512,855,jovenes_13_17,alta
8,1,87,607,814,jovenes_13_17,alta
9,1,86,600,773,jovenes_13_17,alta
8,1,82,494,847,jovenes_13_17,alta
7,1,95,568,776,jovenes_13_17,alta
7,1,89,453,836,jovenes_13_17,alta
8,0,82,492,784,jovenes_13_17,alta
9,0,95,405,771,jovenes_13_17,alta
8,1,84,523,795,jovenes_13_17,alta
8,0,94,539,867,jovenes_13_17,alta
7,1,94,580,830,jovenes_13_17,alta
7,0,84,650,734,jovenes_13_17,alta
7,1,95,520,727,jovenes_13_17,alta
7,0,89,628,888,jovenes_13_17,alta
9,0,86,551,798,jovenes_13_17,alta
9,1,84,532,812,jovenes_13_17,alta
8,1,80,412,737,jovenes_13_17,alta
9,0,85,579,841,jovenes_13_17,alta
7,1,82,474,858,jovenes_13_17,alta
8,0,87,476,859,jovenes_13_17,alta
7,1,94,453,858,jovenes_13_17,alta
7,0,81,546,830,jovenes_13_17,alta
9,1,87,582,870,jovenes_13_17,alta
7,1,84,567,718,jovenes_13_17,alta
8,0,80,543,823,jovenes_13_17,alta
9,0,80,503,764,jovenes_13_17,alta
9,0,89,493,761,jovenes_13_17,alta
9,0,83,432,715,jovenes_13_17,alta
7,0,88,637,775,jovenes_13_17,alta
9,0,80,531,799,jovenes_13_17,alta
7,1,92,436,836,jovenes_13_17,alta
8,0,77,460,866,jovenes_13_17,alta
7,0,81,494,787,jovenes_13_17,alta
8,0,77,411,786,jovenes_13_17,alta
8,1,93,552,742,jovenes_13_17,alta
9,0,91,462,754,jovenes_13_17,alta
9,0,85,624,874,jovenes_13_17,alta
7,0,79,525,757,jovenes_13_17,alta
8,1,77,550,801,jovenes_13_17,alta
7,1,87,488,881,jovenes_13_17,alta
8,1,88,458,875,jovenes_13_17,alta
7,1,89,603,878,jovenes_13_17,alta
7,0,86,550,768,jovenes_13_17,alta
9,1,84,614,790,jovenes_13_17,alta
9,0,85,665,754,jovenes_13_17,alta
9,1,86,533,706,jovenes_13_17,alta
7,0,90,489,842,jovenes_13_17,alta
7,1,88,591,848,jovenes_13_17,alta
8,1,83,439,877,jovenes_13_17,alta
8,1,86,603,743,jovenes_13_17,alta
8,1,82,510,761,jovenes_13_17,alta
9,0,88,631,715,jovenes_13_17,alta
7,1,77,433,767,jovenes_13_17,alta
8,0,87,416,773,jovenes_13_17,alta
9,1,86,411,898,jovenes_13_17,alta
8,1,83,628,864,jovenes_13_17,alta
8,1,89,485,854,jovenes_13_17,alta
7,0,89,439,810,jovenes_13_17,alta
9,0,89,627,789,jovenes_13_17,alta
9,1,94,464,714,jovenes_13_17,alta
9,0,82,502,713,jovenes_13_17,alta
9,0,86,457,787,jovenes_13_17,alta
9,1,79,425,799,jovenes_13_17,alta
7,1,83,610,718,jovenes_13_17,alta
9,0,92,491,764,jovenes_13_17,alta
9,0,90,417,803,jovenes_13_17,alta
8,0,95,655,899,jovenes_13_17,alta
7,1,95,581,704,jovenes_13_17,alta
8,1,83,510,879,jovenes_13_17,alta
7,1,84,547,708,jovenes_13_17,alta
9,0,90,561,870,jovenes_13_17,alta
9,1,94,525,867,jovenes_13_17,alta
9,1,95,471,773,jovenes_13_17,alta
9,1,77,637,856,jovenes_13_17,alta
8,1,83,481,837,jovenes_13_17,alta
8,0,85,574,835,jovenes_13_17,alta
9,1,89,400,842,jovenes_13_17,alta
8,1,84,504,766,jovenes_13_17,alta
8,0,83,663,779,jovenes_13_17,alta
9,1,77,635,885,jovenes_13_17,alta
9,0,95,664,865,jovenes_13_17,alta
8,1,95,496,754,jovenes_13_17,alta
8,0,79,567,861,jovenes_13_17,alta
7,1,88,633,828,jovenes_13_17,alta
9,0,81,475,718,jovenes_13_17,alta
8,0,92,607,857,jovenes_13_17,alta
8,1,87,421,782,jovenes_13_17,alta
7,1,88,454,882,jovenes_13_17,alta
8,1,89,429,844,jovenes_13_17,alta
8,0,78,444,871,jovenes_13_17,alta
8,0,84,548,899,jovenes_13_17,alta
8,1,89,546,827,jovenes_13_17,alta
8,1,81,655,753,jovenes_13_17,alta
9,0,84,651,896,jovenes_13_17,alta
8,1,95,511,738,jovenes_13_17,alta
7,1,80,445,801,jovenes_13_17,alta
8,1,78,596,841,jovenes_13_17,alta
9,1,83,407,800,jovenes_13_17,alta
7,0,90,476,841,jovenes_13_17,alta
7,0,93,522,841,jovenes_13_17,alta
9,0,95,542,855,jovenes_13_17,alta
7,0,85,407,900,jovenes_13_17,alta
7,0,80,515,833,jovenes_13_17,alta
7,1,82,433,717,jovenes_13_17,alta
8,1,85,484,863,jovenes_13_17,alta
7,1,77,599,713,jovenes_13_17,alta
7,0,89,404,711,jovenes_13_17,alta
8,0,79,427,895,jovenes_13_17,alta
7,0,89,596,874,jovenes_13_17,alta
7,0,93,635,891,jovenes_13_17,alta
7,0,80,532,762,jovenes_13_17,alta
9,0,79,507,881,jovenes_13_17,alta
9,1,91,603,898,jovenes_13_17,alta
9,0,87,529,823,jovenes_13_17,alta
7,0,77,445,883,jovenes_13_17,alta
8,0,91,426,823,jovenes_13_17,alta
7,1,94,535,834,jovenes_13_17,alta
8,0,81,402,852,jovenes_13_17,alta
8,0,91,448,860,jovenes_13_17,alta
8,0,90,484,781,jovenes_13_17,alta
8,1,91,520,759,jovenes_13_17,alta
8,1,87,518,706,jovenes_13_17,alta
8,1,86,464,792,jovenes_13_17,alta
9,1,84,590,730,jovenes_13_17,alta
8,0,79,615,729,jovenes_13_17,alta
8,0,77,535,851,jovenes_13_17,alta
9,1,86,519,799,jovenes_13_17,alta
7,0,91,406,826,jovenes_13_17,alta
9,1,79,546,840,jovenes_13_17,alta
7,1,89,479,825,jovenes_13_17,alta
8,1,92,424,784,jovenes_13_17,alta
8,0,93,619,810,jovenes_13_17,alta
9,0,93,419,731,jovenes_13_17,alta
7,0,79,445,796,jovenes_13_17,alta
7,0,80,485,808,jovenes_13_17,alta
9,0,95,420,770,jovenes_13_17,alta
9,1,86,411,859,jovenes_13_17,alta
7,0,87,559,833,jovenes_13_17,alta
7,0,81,516,898,jovenes_13_17,alta
7,1,77,617,868,jovenes_13_17,alta
7,0,82,456,826,jovenes_13_17,alta
9,1,78,569,746,jovenes_13_17,alta
8,1,79,569,880,jovenes_13_17,alta
7,0,88,630,822,jovenes_13_17,alta
9,1,88,525,733,jovenes_13_17,alta
7,0,93,657,897,jovenes_13_17,alta
8,1,79,638,795,jovenes_13_17,alta
8,1,95,665,739,jovenes_13_17,alta
9,0,78,621,746,jovenes_13_17,alta
8,0,86,550,776,jovenes_13_17,alta
7,0,89,499,746,jovenes_13_17,alta
9,1,77,595,745,jovenes_13_17,alta
8,0,94,540,792,jovenes_13_17,alta
9,1,89,559,818,jovenes_13_17,alta
8,1,90,552,727,jovenes_13_17,alta
9,0,78,495,889,jovenes_13_17,alta
8,0,87,465,774,jovenes_13_17,alta
9,0,82,606,743,jovenes_13_17,alta
7,0,77,639,826,jovenes_13_17,alta
7,0,89,560,852,jovenes_13_17,alta
8,1,82,625,709,jovenes_13_17,alta
7,0,95,655,800,jovenes_13_17,alta
7,0,83,639,757,jovenes_13_17,alta
8,1,77,523,858,jovenes_13_17,alta
9,1,83,596,843,jovenes_13_17,alta
8,0,94,517,754,jovenes_13_17,alta
8,1,92,637,841,jovenes_13_17,alta
9,1,77,402,890,jovenes_13_17,alta
9,0,84,472,896,jovenes_13_17,alta
8,0,93,665,829,jovenes_13_17,alta
7,0,92,573,760,jovenes_13_17,alta
9,1,90,607,723,jovenes_13_17,alta
8,0,84,509,869,jovenes_13_17,alta
9,1,85,543,722,jovenes_13_17,alta
7,1,84,478,730,jovenes_13_17,alta
7,0,89,477,816,jovenes_13_17,alta
7,0,88,498,764,jovenes_13_17,alta
7,0,77,426,771,jovenes_13_17,alta
8,1,94,499,878,jovenes_13_17,alta
9,1,95,501,830,jovenes_13_17,alta
9,1,94,539,774,jovenes_13_17,alta
8,0,93,634,812,jovenes_13_17,alta
8,1,90,403,838,jovenes_13_17,alta
9,0,78,558,760,jovenes_13_17,alta
9,1,89,600,812,jovenes_13_17,alta
7,1,84,430,850,jovenes_13_17,alta
9,0,94,633,778,jovenes_13_17,alta
8,0,87,643,900,jovenes_13_17,alta
7,0,90,551,772,jovenes_13_17,alta
8,0,82,466,756,jovenes_13_17,alta
7,0,92,663,709,jovenes_13_17,alta
7,1,91,577,713,jovenes_13_17,alta
7,0,92,626,754,jovenes_13_17,alta
8,0,92,647,847,jovenes_13_17,alta
7,0,87,571,891,jovenes_13_17,alta
8,1,92,498,893,jovenes_13_17,alta
7,0,92,460,717,jovenes_13_17,alta
8,0,83,546,762,jovenes_13_17,alta
9,1,87,468,791,jovenes_13_17,alta
7,1,89,598,773,jovenes_13_17,alta
9,0,94,609,836,jovenes_13_17,alta
8,0,91,641,883,jovenes_13_17,alta
7,1,92,439,858,jovenes_13_17,alta
7,0,80,529,773,jovenes_13_17,alta
7,0,81,423,859,jovenes_13_17,alta
8,1,83,646,807,jovenes_13_17,alta
8,0,78,491,781,jovenes_13_17,alta
8,0,92,559,815,jovenes_13_17,alta
8,0,80,613,701,jovenes_13_17,alta
9,0,91,426,811,jovenes_13_17,alta
9,0,79,648,708,jovenes_13_17,alta
8,1,78,463,860,jovenes_13_17,alta
8,1,91,466,803,jovenes_13_17,alta
8,0,84,523,732,jovenes_13_17,alta
7,1,84,619,763,jovenes_13_17,alta
9,1,80,462,859,jovenes_13_17,alta
8,0,89,611,789,jovenes_13_17,alta
9,1,88,525,712,jovenes_13_17,alta
7,1,84,489,763,jovenes_13_17,alta
7,0,78,496,706,jovenes_13_17,alta
8,0,90,452,871,jovenes_13_17,alta
7,0,95,600,845,jovenes_13_17,alta
7,1,79,416,722,jovenes_13_17,alta
8,0,91,467,705,jovenes_13_17,alta
9,0,83,597,732,jovenes_13_17,alta
7,1,85,497,756,jovenes_13_17,alta
9,1,77,416,780,jovenes_13_17,alta
8,0,81,635,863,jovenes_13_17,alta
7,1,80,548,724,jovenes_13_17,alta
9,1,86,430,829,jovenes_13_17,alta
9,1,83,639,812,jovenes_13_17,alta
9,0,95,453,719,jovenes_13_17,alta
7,0,92,467,712,jovenes_13_17,alta
9,0,87,519,891,jovenes_13_17,alta
7,1,87,444,866,jovenes_13_17,alta
7,0,88,476,886,jovenes_13_17,alta
9,1,80,637,804,jovenes_13_17,alta
9,1,87,476,716,jovenes_13_17,alta
8,1,89,561,774,jovenes_13_17,alta
8,0,95,526,834,jovenes_13_17,alta
7,1,78,409,843,jovenes_13_17,alta
8,0,91,483,740,jovenes_13_17,alta
8,0,78,655,829,jovenes_13_17,alta
8,0,93,609,786,jovenes_13_17,alta
8,0,93,403,804,jovenes_13_17,alta
7,0,95,545,797,jovenes_13_17,alta
7,1,94,477,714,jovenes_13_17,alta
8,0,94,589,707,jovenes_13_17,alta
9,0,79,436,823,jovenes_13_17,alta
7,1,88,637,836,jovenes_13_17,alta
7,0,86,573,810,jovenes_13_17,alta
9,0,93,401,890,jovenes_13_17,alta
8,1,90,664,827,jovenes_13_17,alta
8,1,95,415,810,jovenes_13_17,alta
9,0,92,518,772,jovenes_13_17,alta
9,0,81,450,881,jovenes_13_17,alta
7,1,79,421,835,jovenes_13_17,alta
9,1,88,544,744,jovenes_13_17,alta
7,1,83,526,898,jovenes_13_17,alta
7,0,88,470,712,jovenes_13_17,alta
7,1,94,646,712,jovenes_13_17,alta
9,1,83,545,812,jovenes_13_17,alta
7,1,85,453,734,jovenes_13_17,alta
7,0,95,598,734,jovenes_13_17,alta
8,0,91,634,825,jovenes_13_17,alta
7,1,93,524,849,jovenes_13_17,alta
7,1,87,496,729,jovenes_13_17,alta
7,1,82,646,762,jovenes_13_17,alta
7,1,94,414,899,jovenes_13_17,alta
9,1,91,523,832,jovenes_13_17,alta
8,0,89,636,804,jovenes_13_17,alta
8,1,77,454,854,jovenes_13_17,alta
7,1,89,485,758,jovenes_13_17,alta
8,0,95,663,805,jovenes_13_17,alta
7,1,83,647,833,jovenes_13_17,alta
9,1,83,503,856,jovenes_13_17,alta
8,0,82,428,897,jovenes_13_17,alta
8,0,93,436,818,jovenes_13_17,alta
8,1,79,603,836,jovenes_13_17,alta
7,0,90,632,821,jovenes_13_17,alta
9,1,79,631,833,jovenes_13_17,alta
9,1,81,430,805,jovenes_13_17,alta
7,0,90,507,861,jovenes_13_17,alta
8,0,85,607,895,jovenes_13_17,alta
8,1,95,466,804,jovenes_13_17,alta
9,0,88,645,833,jovenes_13_17,alta
7,0,88,623,713,jovenes_13_17,alta
7,0,80,615,816,jovenes_13_17,alta
7,0,94,443,771,jovenes_13_17,alta
7,1,79,570,818,jovenes_13_17,alta
9,0,95,610,737,jovenes_13_17,alta
7,0,91,502,756,jovenes_13_17,alta
7,1,88,637,802,jovenes_13_17,alta
9,0,91,561,874,jovenes_13_17,alta
8,0,86,443,847,jovenes_13_17,alta
8,0,78,539,857,jovenes_13_17,alta
9,1,94,569,800,jovenes_13_17,alta
9,1,91,411,736,jovenes_13_17,alta
7,1,92,465,720,jovenes_13_17,alta
8,0,86,563,712,jovenes_13_17,alta
9,1,82,425,882,jovenes_13_17,alta
8,1,93,453,713,jovenes_13_17,alta
9,1,95,522,819,jovenes_13_17,alta
8,1,77,467,720,jovenes_13_17,alta
9,0,80,433,793,jovenes_13_17,alta
7,1,88,427,730,jovenes_13_17,alta
7,0,91,575,743,jovenes_13_17,alta
9,1,88,581,891,jovenes_13_17,alta
9,0,83,441,722,jovenes_13_17,alta
7,1,80,659,802,jovenes_13_17,alta
9,0,78,595,775,jovenes_13_17,alta
8,1,83,621,843,jovenes_13_17,alta
9,1,95,630,875,jovenes_13_17,alta
7,1,86,616,850,jovenes_13_17,alta
9,0,95,470,732,jovenes_13_17,alta
9,0,90,657,788,jovenes_13_17,alta
9,1,95,455,877,jovenes_13_17,alta
8,0,83,485,749,jovenes_13_17,alta
9,1,90,431,842,jovenes_13_17,alta
8,1,95,550,709,jovenes_13_17,alta
7,0,93,485,761,jovenes_13_17,alta
9,1,95,632,849,jovenes_13_17,alta
8,1,80,404,826,jovenes_13_17,alta
7,1,86,464,842,jovenes_13_17,alta
8,0,86,430,784,jovenes_13_17,alta
8,0,94,576,817,jovenes_13_17,alta
9,1,94,462,836,jovenes_13_17,alta
9,1,79,636,729,jovenes_13_17,alta
9,0,83,424,791,jovenes_13_17,alta
9,0,88,533,832,jovenes_13_17,alta
8,1,85,549,820,jovenes_13_17,alta
9,1,92,556,758,jovenes_13_17,alta
7,1,89,491,753,jovenes_13_17,alta
9,0,85,543,720,jovenes_13_17,alta
7,0,95,656,829,jovenes_13_17,alta
7,1,94,587,787,jovenes_13_17,alta
7,1,85,435,798,jovenes_13_17,alta
8,1,86,458,764,jovenes_13_17,alta
9,1,95,562,770,jovenes_13_17,alta
8,1,84,663,833,jovenes_13_17,alta
7,1,78,493,795,jovenes_13_17,alta
9,1,87,647,779,jovenes_13_17,alta
8,1,86,452,873,jovenes_13_17,alta
9,0,87,509,788,jovenes_13_17,alta
9,1,79,487,704,jovenes_13_17,alta
8,1,86,614,781,jovenes_13_17,alta
8,0,80,562,796,jovenes_13_17,alta
9,1,90,501,867,jovenes_13_17,alta
8,1,95,593,803,jovenes_13_17,alta
7,1,92,505,763,jovenes_13_17,alta
8,1,91,483,762,jovenes_13_17,alta
7,0,92,492,832,jovenes_13_17,alta
7,1,94,466,837,jovenes_13_17,alta
9,1,83,521,823,jovenes_13_17,alta
9,1,87,512,779,jovenes_13_17,alta
7,0,84,531,859,jovenes_13_17,alta
9,1,86,512,836,jovenes_13_17,alta
9,1,81,506,897,jovenes_13_17,alta
8,1,89,471,884,jovenes_13_17,alta
7,1,92,605,802,jovenes_13_17,alta
9,1,88,566,841,jovenes_13_17,alta
9,0,93,471,809,jovenes_13_17,alta
7,0,94,433,720,jovenes_13_17,alta
9,0,88,413,885,jovenes_13_17,alta
9,1,79,533,840,jovenes_13_17,alta
8,0,86,526,721,jovenes_13_17,alta
9,0,94,520,774,jovenes_13_17,alta
9,0,81,569,847,jovenes_13_17,alta
8,0,86,608,826,jovenes_13_17,alta
9,0,87,594,874,jovenes_13_17,alta
9,0,92,438,851,jovenes_13_17,alta
7,1,79,621,829,jovenes_13_17,alta
9,1,93,477,806,jovenes_13_17,alta
9,1,92,473,866,jovenes_13_17,alta
8,0,83,420,767,jovenes_13_17,alta
7,1,85,592,789,jovenes_13_17,alta
8,1,84,528,779,jovenes_13_17,alta
9,1,89,572,745,jovenes_13_17,alta
8,1,85,654,790,jovenes_13_17,alta
8,1,80,622,773,jovenes_13_17,alta
8,1,82,464,798,jovenes_13_17,alta
7,0,91,645,878,jovenes_13_17,alta
9,0,82,513,782,jovenes_13_17,alta
9,1,79,470,865,jovenes_13_17,alta
7,1,95,592,702,jovenes_13_17,alta
7,0,93,634,777,jovenes_13_17,alta
9,1,79,645,756,jovenes_13_17,alta
7,1,84,651,851,jovenes_13_17,alta
9,0,80,619,848,jovenes_13_17,alta
8,1,94,614,811,jovenes_13_17,alta
7,0,78,514,849,jovenes_13_17,alta
7,1,83,522,857,jovenes_13_17,alta
8,0,83,486,732,jovenes_13_17,alta
8,1,85,610,833,jovenes_13_17,alta
8,0,82,460,874,jovenes_13_17,alta
8,1,85,416,784,jovenes_13_17,alta
8,0,80,510,721,jovenes_13_17,alta
7,1,92,452,769,jovenes_13_17,alta
9,1,92,620,721,jovenes_13_17,alta
8,0,79,482,749,jovenes_13_17,alta
9,1,95,663,847,jovenes_13_17,alta
7,0,85,519,723,jovenes_13_17,alta
7,1,86,443,875,jovenes_13_17,alta
7,0,80,483,825,jovenes_13_17,alta
9,0,92,629,775,jovenes_13_17,alta
8,0,92,440,850,jovenes_13_17,alta
7,1,82,458,705,jovenes_13_17,alta
8,1,94,599,882,jovenes_13_17,alta
8,1,84,612,808,jovenes_13_17,alta
7,1,81,612,872,jovenes_13_17,alta
7,0,85,664,863,jovenes_13_17,alta
9,1,95,520,704,jovenes_13_17,alta
8,1,87,451,828,jovenes_13_17,alta
9,0,86,538,873,jovenes_13_17,alta
9,1,78,459,749,jovenes_13_17,alta
8,0,88,530,798,jovenes_13_17,alta
9,1,81,608,815,jovenes_13_17,alta
7,0,88,424,859,jovenes_13_17,alta
8,1,81,610,706,jovenes_13_17,alta
7,1,94,441,716,jovenes_13_17,alta
9,0,82,401,886,jovenes_13_17,alta
7,0,84,534,852,jovenes_13_17,alta
8,1,83,404,891,jovenes_13_17,alta
7,0,87,565,855,jovenes_13_17,alta
9,1,77,486,783,jovenes_13_17,alta
7,1,90,535,859,jovenes_13_17,alta
9,1,93,498,791,jovenes_13_17,alta
7,1,80,619,846,jovenes_13_17,alta
7,0,95,542,791,jovenes_13_17,alta
9,0,78,638,870,jovenes_13_17,alta
9,0,94,587,821,jovenes_13_17,alta
8,1,94,425,861,jovenes_13_17,alta
8,0,94,624,784,jovenes_13_17,alta
9,1,88,596,845,jovenes_13_17,alta
7,1,89,557,730,jovenes_13_17,alta
9,1,77,571,794,jovenes_13_17,alta
7,1,78,456,703,jovenes_13_17,alta
8,0,95,567,817,jovenes_13_17,alta
9,0,83,475,711,jovenes_13_17,alta
9,1,79,475,865,jovenes_13_17,alta
9,0,86,438,859,jovenes_13_17,alta
9,0,82,482,880,jovenes_13_17,alta
8,0,91,539,832,jovenes_13_17,alta
7,1,94,619,748,jovenes_13_17,alta
8,1,95,530,746,jovenes_13_17,alta
9,1,89,434,860,jovenes_13_17,alta
8,1,84,519,844,jovenes_13_17,alta
9,1,77,499,721,jovenes_13_17,alta
7,0,78,550,769,jovenes_13_17,alta
7,1,93,602,845,jovenes_13_17,alta
7,1,90,663,802,jovenes_13_17,alta
8,1,92,531,750,jovenes_13_17,alta
8,0,77,480,803,jovenes_13_17,alta
8,1,93,567,800,jovenes_13_17,alta
7,0,87,518,781,jovenes_13_17,alta
7,1,94,484,798,jovenes_13_17,alta
8,0,83,653,760,jovenes_13_17,alta
8,1,82,467,717,jovenes_13_17,alta
8,0,84,522,816,jovenes_13_17,alta
9,0,93,650,707,jovenes_13_17,alta
7,0,89,626,851,jovenes_13_17,alta
9,0,87,413,836,jovenes_13_17,alta
9,1,84,635,779,jovenes_13_17,alta
8,1,93,632,868,jovenes_13_17,alta
8,0,79,421,770,jovenes_13_17,alta
8,1,89,605,713,jovenes_13_17,alta
8,1,83,662,733,jovenes_13_17,alta
8,0,91,438,767,jovenes_13_17,alta
8,1,90,451,781,jovenes_13_17,alta
9,0,83,448,799,jovenes_13_17,alta
7,0,85,554,823,jovenes_13_17,alta
9,1,88,403,715,jovenes_13_17,alta
7,1,77,476,826,jovenes_13_17,alta
9,0,83,610,854,jovenes_13_17,alta
7,1,87,400,838,jovenes_13_17,alta
7,1,88,534,718,jovenes_13_17,alta
7,0,81,630,724,jovenes_13_17,alta
8,0,93,631,847,jovenes_13_17,alta
9,0,90,641,703,jovenes_13_17,alta
8,0,82,627,757,jovenes_13_17,alta
7,0,92,662,804,jovenes_13_17,alta
9,0,84,619,814,jovenes_13_17,alta
9,0,81,609,864,jovenes_13_17,alta
8,0,86,627,770,jovenes_13_17,alta
7,1,94,405,829,jovenes_13_17,alta
7,0,93,592,781,jovenes_13_17,alta
9,0,82,666,807,jovenes_13_17,alta
7,1,86,596,732,jovenes_13_17,alta
9,0,79,622,784,jovenes_13_17,alta
9,1,86,406,730,jovenes_13_17,alta
8,1,94,630,805,jovenes_13_17,alta
9,0,92,432,777,jovenes_13_17,alta
7,1,95,618,882,jovenes_13_17,alta
7,0,90,481,794,jovenes_13_17,alta
9,0,92,619,888,jovenes_13_17,alta
9,1,78,493,759,jovenes_13_17,alta
9,1,85,548,781,jovenes_13_17,alta
9,0,82,565,717,jovenes_13_17,alta
9,1,94,439,776,jovenes_13_17,alta
7,0,83,441,822,jovenes_13_17,alta
8,0,91,419,818,jovenes_13_17,alta
7,1,80,429,708,jovenes_13_17,alta
8,1,80,581,879,jovenes_13_17,alta
9,1,88,478,826,jovenes_13_17,alta
9,1,77,444,750,jovenes_13_17,alta
7,1,79,531,767,jovenes_13_17,alta
7,0,85,594,842,jovenes_13_17,alta
7,1,80,502,775,jovenes_13_17,alta
8,1,89,535,718,jovenes_13_17,alta
8,0,91,408,734,jovenes_13_17,alta
7,1,89,645,850,jovenes_13_17,alta
7,1,88,659,757,jovenes_13_17,alta
9,0,82,513,779,jovenes_13_17,alta
7,1,79,628,750,jovenes_13_17,alta
7,1,86,567,794,jovenes_13_17,alta
9,0,78,490,704,jovenes_13_17,alta
8,0,88,445,796,jovenes_13_17,alta
8,1,94,420,837,jovenes_13_17,alta
7,1,87,652,884,jovenes_13_17,alta
8,0,86,474,790,jovenes_13_17,alta
7,0,84,476,790,jovenes_13_17,alta
7,1,87,481,840,jovenes_13_17,alta
8,1,78,605,719,jovenes_13_17,alta
8,1,83,470,716,jovenes_13_17,alta
8,0,83,524,808,jovenes_13_17,alta
8,1,80,606,735,jovenes_13_17,alta
9,1,80,511,726,jovenes_13_17,alta
8,0,85,597,737,jovenes_13_17,alta
7,0,93,615,800,jovenes_13_17,alta
8,0,88,420,712,jovenes_13_17,alta
7,0,90,401,768,jovenes_13_17,alta
7,0,93,574,756,jovenes_13_17,alta
7,0,78,615,702,jovenes_13_17,alta
7,0,92,507,897,jovenes_13_17,alta
8,0,78,505,717,jovenes_13_17,alta
9,0,77,614,704,jovenes_13_17,alta
8,0,88,629,813,jovenes_13_17,alta
9,0,84,465,778,jovenes_13_17,alta
8,0,89,509,810,jovenes_13_17,alta
7,1,84,529,744,jovenes_13_17,alta
7,1,95,497,880,jovenes_13_17,alta
9,0,81,496,874,jovenes_13_17,alta
9,0,86,409,851,jovenes_13_17,alta
9,0,89,501,782,jovenes_13_17,alta
7,0,86,525,795,jovenes_13_17,alta
8,1,88,507,720,jovenes_13_17,alta
7,1,89,563,754,jovenes_13_17,alta
9,0,81,463,715,jovenes_13_17,alta
9,1,92,578,754,jovenes_13_17,alta
9,1,80,586,887,jovenes_13_17,alta
8,0,81,581,817,jovenes_13_17,alta
7,1,78,523,881,jovenes_13_17,alta
8,0,86,456,766,jovenes_13_17,alta
8,1,81,497,874,jovenes_13_17,alta
9,1,80,418,819,jovenes_13_17,alta
7,1,81,448,703,jovenes_13_17,alta
7,0,89,429,827,jovenes_13_17,alta
9,0,86,518,767,jovenes_13_17,alta
8,0,90,639,775,jovenes_13_17,alta
8,0,86,536,723,jovenes_13_17,alta
7,0,85,660,823,jovenes_13_17,alta
8,1,91,549,880,jovenes_13_17,alta
9,0,79,497,769,jovenes_13_17,alta
7,0,90,616,720,jovenes_13_17,alta
9,1,93,599,835,jovenes_13_17,alta
7,1,81,459,796,jovenes_13_17,alta
7,1,95,411,811,jovenes_13_17,alta
8,1,79,523,812,jovenes_13_17,alta
9,0,94,596,806,jovenes_13_17,alta
8,1,86,451,753,jovenes_13_17,alta
7,1,81,635,893,jovenes_13_17,alta
9,1,80,588,715,jovenes_13_17,alta
9,1,85,620,712,jovenes_13_17,alta
9,1,95,465,858,jovenes_13_17,alta
8,0,78,414,859,jovenes_13_17,alta
7,0,86,531,745,jovenes_13_17,alta
7,0,88,536,866,jovenes_13_17,alta
8,1,89,631,794,jovenes_13_17,alta
7,1,94,568,818,jovenes_13_17,alta
8,0,90,562,764,jovenes_13_17,alta
9,1,91,564,813,jovenes_13_17,alta
9,1,84,650,752,jovenes_13_17,alta
9,0,85,401,844,jovenes_13_17,alta
7,0,94,664,865,jovenes_13_17,alta
9,0,91,454,760,jovenes_13_17,alta
9,1,83,593,732,jovenes_13_17,alta
7,0,82,480,888,jovenes_13_17,alta
8,0,80,491,832,jovenes_13_17,alta
8,1,92,630,830,jovenes_13_17,alta
9,1,78,442,809,jovenes_13_17,alta
9,1,92,414,808,jovenes_13_17,alta
7,1,77,561,851,jovenes_13_17,alta
8,0,85,465,813,jovenes_13_17,alta
9,0,90,401,847,jovenes_13_17,alta
7,1,88,586,813,jovenes_13_17,alta
9,0,84,521,845,jovenes_13_17,alta
8,1,81,455,845,jovenes_13_17,alta
8,1,80,650,700,jovenes_13_17,alta
7,0,78,553,846,jovenes_13_17,alta
9,1,93,519,742,jovenes_13_17,alta
8,0,82,478,872,jovenes_13_17,alta
8,1,77,463,762,jovenes_13_17,alta
7,0,79,544,772,jovenes_13_17,alta
8,1,95,511,821,jovenes_13_17,alta
7,0,94,555,740,jovenes_13_17,alta
8,0,81,444,700,jovenes_13_17,alta
8,1,84,444,713,jovenes_13_17,alta
8,0,91,499,836,jovenes_13_17,alta
9,0,80,413,785,jovenes_13_17,alta
9,1,92,453,716,jovenes_13_17,alta
9,1,83,665,862,jovenes_13_17,alta
9,1,95,559,804,jovenes_13_17,alta
7,1,94,546,859,jovenes_13_17,alta
8,0,88,503,860,jovenes_13_17,alta
9,0,80,456,742,jovenes_13_17,alta
7,1,88,644,795,jovenes_13_17,alta
8,1,89,409,705,jovenes_13_17,alta
9,0,92,652,890,jovenes_13_17,alta
8,0,93,658,750,jovenes_13_17,alta
9,0,85,446,839,jovenes_13_17,alta
8,0,84,412,753,jovenes_13_17,alta
8,1,86,495,861,jovenes_13_17,alta
8,0,79,448,720,jovenes_13_17,alta
8,0,79,619,747,jovenes_13_17,alta
9,0,82,575,868,jovenes_13_17,alta
9,1,85,400,714,jovenes_13_17,alta
7,1,92,587,750,jovenes_13_17,alta
9,1,85,487,752,jovenes_13_17,alta
8,1,91,406,834,jovenes_13_17,alta
9,0,95,572,725,jovenes_13_17,alta
8,1,78,409,810,jovenes_13_17,alta
8,1,79,566,728,jovenes_13_17,alta
9,0,87,479,839,jovenes_13_17,alta
9,0,92,416,887,jovenes_13_17,alta
7,0,82,555,827,jovenes_13_17,alta
9,0,83,643,758,jovenes_13_17,alta
9,0,88,554,827,jovenes_13_17,alta
8,0,95,574,812,jovenes_13_17,alta
7,0,86,464,835,jovenes_13_17,alta
7,0,90,452,886,jovenes_13_17,alta
8,1,78,518,789,jovenes_13_17,alta
8,0,95,489,785,jovenes_13_17,alta
8,1,80,448,717,jovenes_13_17,alta
7,1,77,543,735,jovenes_13_17,alta
7,1,81,571,858,jovenes_13_17,alta
8,1,83,446,725,jovenes_13_17,alta
8,1,90,609,775,jovenes_13_17,alta
8,0,83,591,743,jovenes_13_17,alta
8,1,85,440,827,jovenes_13_17,alta
7,0,94,467,842,jovenes_13_17,alta
9,0,78,408,855,jovenes_13_17,alta
8,1,80,519,883,jovenes_13_17,alta
8,1,88,508,825,jovenes_13_17,alta
7,0,85,589,702,jovenes_13_17,alta
8,0,85,414,850,jovenes_13_17,alta
8,0,85,582,831,jovenes_13_17,alta
9,0,86,543,815,jovenes_13_17,alta
8,1,87,448,833,jovenes_13_17,alta
9,1,86,441,869,jovenes_13_17,alta
7,0,87,544,795,jovenes_13_17,alta
7,1,88,412,858,jovenes_13_17,alta
9,0,79,408,865,jovenes_13_17,alta
9,1,85,613,766,jovenes_13_17,alta
9,1,84,545,754,jovenes_13_17,alta
8,1,91,469,791,jovenes_13_17,alta
7,0,90,414,801,jovenes_13_17,alta
7,0,78,601,734,jovenes_13_17,alta
8,1,92,559,701,jovenes_13_17,alta
9,1,86,601,760,jovenes_13_17,alta
8,1,92,526,835,jovenes_13_17,alta
8,1,78,591,767,jovenes_13_17,alta
9,1,94,605,864,jovenes_13_17,alta
8,1,94,413,711,jovenes_13_17,alta
9,1,94,462,763,jovenes_13_17,alta
7,0,77,415,896,jovenes_13_17,alta
8,1,87,592,897,jovenes_13_17,alta
9,1,89,504,845,jovenes_13_17,alta
8,1,79,455,772,jovenes_13_17,alta
9,1,95,471,720,jovenes_13_17,alta
8,0,79,632,870,jovenes_13_17,alta
8,1,92,548,863,jovenes_13_17,alta
8,1,87,580,770,jovenes_13_17,alta
8,0,84,553,845,jovenes_13_17,alta
9,0,90,634,783,jovenes_13_17,alta
9,1,78,456,792,jovenes_13_17,alta
7,0,86,540,827,jovenes_13_17,alta
8,0,78,578,869,jovenes_13_17,alta
9,0,86,414,701,jovenes_13_17,alta
9,0,90,410,873,jovenes_13_17,alta
7,1,81,637,771,jovenes_13_17,alta
7,1,82,635,700,jovenes_13_17,alta
7,0,77,645,862,jovenes_13_17,alta
8,0,91,630,707,jovenes_13_17,alta
9,0,77,535,857,jovenes_13_17,alta
8,1,82,635,873,jovenes_13_17,alta
9,0,77,470,775,jovenes_13_17,alta
9,1,86,474,812,jovenes_13_17,alta
7,0,93,517,851,jovenes_13_17,alta
7,0,86,568,791,jovenes_13_17,alta
7,1,80,666,740,jovenes_13_17,alta
7,1,77,623,825,jovenes_13_17,alta
8,1,85,565,796,jovenes_13_17,alta
9,1,87,601,878,jovenes_13_17,alta
9,0,91,570,809,jovenes_13_17,alta
7,1,78,577,758,jovenes_13_17,alta
8,1,77,553,841,jovenes_13_17,alta
7,0,94,584,833,jovenes_13_17,alta
7,1,94,559,869,jovenes_13_17,alta
7,0,91,463,701,jovenes_13_17,alta
7,0,85,418,757,jovenes_13_17,alta
9,1,84,639,720,jovenes_13_17,alta
7,0,87,482,855,jovenes_13_17,alta
9,1,93,591,787,jovenes_13_17,alta
8,1,82,547,757,jovenes_13_17,alta
8,1,80,656,771,jovenes_13_17,alta
7,1,92,654,757,jovenes_13_17,alta
9,0,86,614,862,jovenes_13_17,alta
7,0,80,442,847,jovenes_13_17,alta
9,0,89,478,869,jovenes_13_17,alta
9,1,91,594,753,jovenes_13_17,alta
9,1,78,563,727,jovenes_13_17,alta
9,0,85,466,833,jovenes_13_17,alta
8,1,85,421,844,jovenes_13_17,alta
8,0,86,569,858,jovenes_13_17,alta
7,1,89,473,705,jovenes_13_17,alta
7,0,77,597,841,jovenes_13_17,alta
8,0,89,406,900,jovenes_13_17,alta
7,0,80,429,783,jovenes_13_17,alta
9,1,87,511,729,jovenes_13_17,alta
9,1,94,624,863,jovenes_13_17,alta
8,1,87,470,813,jovenes_13_17,alta
8,1,84,648,866,jovenes_13_17,alta
8,0,79,644,725,jovenes_13_17,alta
9,0,80,664,884,jovenes_13_17,alta
7,0,91,500,885,jovenes_13_17,alta
7,0,82,633,700,jovenes_13_17,alta
8,0,81,408,741,jovenes_13_17,alta
9,1,87,441,766,jovenes_13_17,alta
8,1,86,552,823,jovenes_13_17,alta
9,0,82,454,845,jovenes_13_17,alta
8,0,92,607,825,jovenes_13_17,alta
8,0,81,604,893,jovenes_13_17,alta
8,0,93,661,777,jovenes_13_17,alta
7,1,79,534,752,jovenes_13_17,alta
8,1,89,630,715,jovenes_13_17,alta
7,1,87,505,866,jovenes_13_17,alta
8,0,78,637,712,jovenes_13_17,alta
7,1,81,552,750,jovenes_13_17,alta
9,0,93,548,854,jovenes_13_17,alta
7,0,93,633,747,jovenes_13_17,alta
8,1,87,561,728,jovenes_13_17,alta
7,1,83,555,767,jovenes_13_17,alta
8,0,92,441,816,jovenes_13_17,alta
9,0,91,558,870,jovenes_13_17,alta
9,1,78,517,853,jovenes_13_17,alta
7,1,89,577,802,jovenes_13_17,alta
8,0,85,657,889,jovenes_13_17,alta
9,0,91,641,745,jovenes_13_17,alta
7,0,88,463,878,jovenes_13_17,alta
7,1,82,594,855,jovenes_13_17,alta
9,0,77,654,889,jovenes_13_17,alta
9,1,88,623,822,jovenes_13_17,alta
7,1,82,635,865,jovenes_13_17,alta
8,1,84,427,880,jovenes_13_17,alta
9,1,80,555,830,jovenes_13_17,alta
8,0,82,419,752,jovenes_13_17,alta
9,1,82,491,881,jovenes_13_17,alta
7,1,80,597,859,jovenes_13_17,alta
8,1,95,427,765,jovenes_13_17,alta
8,0,83,503,720,jovenes_13_17,alta
8,0,78,466,821,jovenes_13_17,alta
7,0,91,566,868,jovenes_13_17,alta
7,1,78,405,796,jovenes_13_17,alta
9,0,79,442,736,jovenes_13_17,alta
7,0,85,654,900,jovenes_13_17,alta
8,0,79,636,740,jovenes_13_17,alta
9,1,82,633,770,jovenes_13_17,alta
7,1,92,540,743,jovenes_13_17,alta
8,0,86,501,805,jovenes_13_17,alta
7,0,89,480,863,jovenes_13_17,alta
8,0,82,595,823,jovenes_13_17,alta
9,0,87,423,842,jovenes_13_17,alta
9,1,89,416,894,jovenes_13_17,alta
7,1,86,580,893,jovenes_13_17,alta
7,1,94,499,702,jovenes_13_17,alta
8,0,83,576,858,jovenes_13_17,alta
7,1,77,587,707,jovenes_13_17,alta
8,0,79,549,894,jovenes_13_17,alta
7,0,82,644,878,jovenes_13_17,alta
7,0,91,506,882,jovenes_13_17,alta
8,0,94,589,757,jovenes_13_17,alta
7,1,86,649,854,jovenes_13_17,alta
7,1,83,609,834,jovenes_13_17,alta
9,1,79,527,886,jovenes_13_17,alta
9,1,91,476,887,jovenes_13_17,alta
9,1,95,534,844,jovenes_13_17,alta
9,0,91,433,803,jovenes_13_17,alta
7,0,94,522,894,jovenes_13_17,alta
8,1,80,659,891,jovenes_13_17,alta
7,1,90,525,830,jovenes_13_17,alta
7,0,79,537,870,jovenes_13_17,alta
9,0,79,656,831,jovenes_13_17,alta
9,0,83,543,801,jovenes_13_17,alta
7,1,94,613,854,jovenes_13_17,alta
8,0,83,629,716,jovenes_13_17,alta
8,1,80,429,889,jovenes_13_17,alta
8,0,79,446,765,jovenes_13_17,alta
9,1,83,491,774,jovenes_13_17,alta
8,0,84,421,798,jovenes_13_17,alta
9,0,88,507,854,jovenes_13_17,alta
9,1,93,561,740,jovenes_13_17,alta
8,1,85,553,784,jovenes_13_17,alta
7,0,81,555,809,jovenes_13_17,alta
9,1,91,444,883,jovenes_13_17,alta
8,0,80,551,804,jovenes_13_17,alta
7,0,94,412,782,jovenes_13_17,alta
8,1,90,521,866,jovenes_13_17,alta
7,1,86,400,788,jovenes_13_17,alta
7,0,91,599,737,jovenes_13_17,alta
9,1,79,445,739,jovenes_13_17,alta
8,1,91,470,727,jovenes_13_17,alta
8,0,89,637,845,jovenes_13_17,alta
8,0,95,497,725,jovenes_13_17,alta
7,0,91,522,889,jovenes_13_17,alta
8,1,92,451,862,jovenes_13_17,alta
8,1,81,402,718,jovenes_13_17,alta
9,1,78,469,764,jovenes_13_17,alta
8,1,81,625,831,jovenes_13_17,alta
9,0,85,629,809,jovenes_13_17,alta
8,0,88,614,887,jovenes_13_17,alta
7,0,93,496,739,jovenes_13_17,alta
7,1,90,621,889,jovenes_13_17,alta
9,0,90,563,769,jovenes_13_17,alta
8,0,94,606,797,jovenes_13_17,alta
9,1,80,572,746,jovenes_13_17,alta
7,0,78,467,813,jovenes_13_17,alta
9,1,92,409,818,jovenes_13_17,alta
8,0,79,538,837,jovenes_13_17,alta
9,1,85,553,875,jovenes_13_17,alta
8,1,92,610,888,jovenes_13_17,alta
7,1,85,521,892,jovenes_13_17,alta
8,0,93,487,769,jovenes_13_17,alta
8,1,86,464,842,jovenes_13_17,alta
8,0,88,431,701,jovenes_13_17,alta
9,1,77,434,880,jovenes_13_17,alta
8,1,90,504,874,jovenes_13_17,alta
8,0,92,451,799,jovenes_13_17,alta
9,1,81,478,749,jovenes_13_17,alta
8,1,80,457,871,jovenes_13_17,alta
8,1,88,581,720,jovenes_13_17,alta
7,1,85,646,717,jovenes_13_17,alta
8,1,93,504,862,jovenes_13_17,alta
8,0,85,476,795,jovenes_13_17,alta
9,1,87,496,836,jovenes_13_17,alta
8,0,79,531,787,jovenes_13_17,alta
9,1,83,446,856,jovenes_13_17,alta
9,1,83,492,735,jovenes_13_17,alta
9,1,92,642,707,jovenes_13_17,alta
7,0,80,559,885,jovenes_13_17,alta
9,1,89,407,845,jovenes_13_17,alta
8,1,85,432,771,jovenes_13_17,alta
7,0,87,584,841,jovenes_13_17,alta
8,1,81,474,748,jovenes_13_17,alta
8,1,77,442,857,jovenes_13_17,alta
9,1,77,521,752,jovenes_13_17,alta
7,1,78,417,744,jovenes_13_17,alta
8,1,91,592,713,jovenes_13_17,alta
8,0,78,636,871,jovenes_13_17,alta
7,1,85,424,898,jovenes_13_17,alta
9,1,80,495,892,jovenes_13_17,alta
9,0,80,605,760,jovenes_13_17,alta
8,1,84,456,856,jovenes_13_17,alta
8,0,94,537,811,jovenes_13_17,alta
8,1,80,489,865,jovenes_13_17,alta
7,0,79,644,828,jovenes_13_17,alta
7,1,77,576,861,jovenes_13_17,alta
9,1,94,508,877,jovenes_13_17,alta
8,0,93,507,790,jovenes_13_17,alta
9,0,79,477,867,jovenes_13_17,alta
8,0,87,616,718,jovenes_13_17,alta
9,1,79,532,893,jovenes_13_17,alta
9,0,91,616,769,jovenes_13_17,alta
9,1,86,482,739,jovenes_13_17,alta
7,0,91,618,720,jovenes_13_17,alta
9,0,85,607,721,jovenes_13_17,alta
9,0,89,596,854,jovenes_13_17,alta
9,0,86,575,875,jovenes_13_17,alta
8,1,90,468,852,jovenes_13_17,alta
8,1,89,547,700,jovenes_13_17,alta
9,0,91,558,822,jovenes_13_17,alta
8,1,79,621,834,jovenes_13_17,alta
7,0,84,519,713,jovenes_13_17,alta
9,0,80,620,900,jovenes_13_17,alta
9,1,85,557,716,jovenes_13_17,alta
7,0,91,457,787,jovenes_13_17,alta
7,1,81,663,809,jovenes_13_17,alta
7,1,83,632,773,jovenes_13_17,alta
7,0,94,513,875,jovenes_13_17,alta
7,1,78,480,731,jovenes_13_17,alta
9,1,93,484,838,jovenes_13_17,alta
7,1,93,514,811,jovenes_13_17,alta
8,1,85,498,889,jovenes_13_17,alta
8,0,84,425,862,jovenes_13_17,alta
7,0,92,542,742,jovenes_13_17,alta
7,1,91,608,712,jovenes_13_17,alta
9,1,91,489,793,jovenes_13_17,alta
9,1,81,528,865,jovenes_13_17,alta
7,0,92,473,771,jovenes_13_17,alta
7,0,88,508,802,jovenes_13_17,alta
8,0,91,489,798,jovenes_13_17,alta
9,0,77,538,875,jovenes_13_17,alta
9,1,79,608,807,jovenes_13_17,alta
7,0,77,534,764,jovenes_13_17,alta
7,0,91,574,713,jovenes_13_17,alta
7,0,89,467,886,jovenes_13_17,alta
9,1,82,653,821,jovenes_13_17,alta
7,0,84,416,786,jovenes_13_17,alta
7,1,87,638,833,jovenes_13_17,alta
9,0,89,629,741,jovenes_13_17,alta
8,1,89,453,772,jovenes_13_17,alta
9,1,80,441,734,jovenes_13_17,alta
7,1,95,528,777,jovenes_13_17,alta
7,0,94,410,847,jovenes_13_17,alta
9,1,94,486,763,jovenes_13_17,alta
8,1,88,656,888,jovenes_13_17,alta
7,0,80,449,800,jovenes_13_17,alta
9,1,92,493,728,jovenes_13_17,alta
8,0,79,464,754,jovenes_13_17,alta
5,4,52,862,497,adultos_18+,baja
4,4,59,860,542,adultos_18+,baja
5,3,63,843,549,adultos_18+,baja
6,3,62,864,568,adultos_18+,baja
6,3,53,988,440,adultos_18+,baja
6,3,60,793,454,adultos_18+,baja
6,3,63,929,586,adultos_18+,baja
6,3,53,810,577,adultos_18+,baja
4,3,59,847,590,adultos_18+,baja
4,4,52,964,524,adultos_18+,baja
6,3,66,874,582,adultos_18+,baja
4,4,51,1000,443,adultos_18+,baja
4,4,60,826,484,adultos_18+,baja
6,3,55,838,592,adultos_18+,baja
6,3,51,807,403,adultos_18+,baja
6,4,53,963,484,adultos_18+,baja
4,3,57,807,496,adultos_18+,baja
6,4,50,868,594,adultos_18+,baja
4,4,64,899,418,adultos_18+,baja
5,3,58,977,431,adultos_18+,baja
4,4,50,814,523,adultos_18+,baja
4,4,54,887,466,adultos_18+,baja
6,3,56,817,412,adultos_18+,baja
6,4,58,835,564,adultos_18+,baja
5,3,60,857,458,adultos_18+,baja
5,4,52,891,494,adultos_18+,baja
5,4,57,902,441,adultos_18+,baja
6,4,53,863,499,adultos_18+,baja
6,3,56,868,523,adultos_18+,baja
5,4,52,841,421,adultos_18+,baja
5,4,64,810,558,adultos_18+,baja
5,4,56,973,545,adultos_18+,baja
5,3,53,848,540,adultos_18+,baja
5,4,52,878,480,adultos_18+,baja
5,4,51,986,505,adultos_18+,baja
5,3,58,985,485,adultos_18+,baja
5,3,55,909,600,adultos_18+,baja
4,4,60,887,517,adultos_18+,baja
5,3,64,788,494,adultos_18+,baja
5,3,60,798,559,adultos_18+,baja
5,3,50,835,497,adultos_18+,baja
4,4,52,970,490,adultos_18+,baja
5,3,66,848,461,adultos_18+,baja
4,3,52,808,475,adultos_18+,baja
4,4,57,818,468,adultos_18+,baja
6,4,59,943,434,adultos_18+,baja
4,4,66,807,565,adultos_18+,baja
5,3,54,815,511,adultos_18+,baja
5,3,55,845,408,adultos_18+,baja
4,3,59,884,581,adultos_18+,baja
6,4,57,992,457,adultos_18+,baja
4,4,58,1000,518,adultos_18+,baja
6,4,61,929,582,adultos_18+,baja
4,4,64,990,475,adultos_18+,baja
6,4,62,824,414,adultos_18+,baja
5,3,55,1000,526,adultos_18+,baja
5,3,52,961,486,adultos_18+,baja
4,3,58,871,599,adultos_18+,baja
4,3,51,797,438,adultos_18+,baja
6,4,64,913,561,adultos_18+,baja
4,4,63,980,519,adultos_18+,baja
4,4,64,894,594,adultos_18+,baja
6,3,56,939,457,adultos_18+,baja
6,3,51,797,557,adultos_18+,baja
5,4,53,981,515,adultos_18+,baja
6,4,59,849,464,adultos_18+,baja
4,4,54,840,441,adultos_18+,baja
6,4,58,884,443,adultos_18+,baja
5,4,63,988,582,adultos_18+,baja
6,4,61,809,496,adultos_18+,baja
4,4,60,865,554,adultos_18+,baja
4,4,60,969,577,adultos_18+,baja
5,4,62,891,431,adultos_18+,baja
5,3,54,917,418,adultos_18+,baja
4,3,64,827,517,adultos_18+,baja
4,4,51,944,480,adultos_18+,baja
6,4,59,894,498,adultos_18+,baja
4,3,57,919,499,adultos_18+,baja
6,4,63,788,585,adultos_18+,baja
5,4,59,904,404,adultos_18+,baja
5,4,52,951,468,adultos_18+,baja
5,3,56,943,460,adultos_18+,baja
6,3,54,841,519,adultos_18+,baja
4,3,51,890,413,adultos_18+,baja
5,4,55,979,576,adultos_18+,baja
6,4,53,917,464,adultos_18+,baja
4,3,57,823,517,adultos_18+,baja
4,3,65,856,488,adultos_18+,baja
4,3,57,919,546,adultos_18+,baja
4,3,51,917,534,adultos_18+,baja
5,3,62,801,587,adultos_18+,baja
4,3,65,793,545,adultos_18+,baja
4,3,59,901,405,adultos_18+,baja
6,3,54,983,511,adultos_18+,baja
4,3,54,848,434,adultos_18+,baja
4,4,54,988,598,adultos_18+,baja
6,4,54,995,448,adultos_18+,baja
5,3,58,823,479,adultos_18+,baja
4,3,59,795,498,adultos_18+,baja
5,3,55,994,493,adultos_18+,baja
6,3,66,987,569,adultos_18+,baja
4,4,61,968,416,adultos_18+,baja
5,4,65,844,471,adultos_18+,baja
4,4,66,832,508,adultos_18+,baja
5,4,55,829,523,adultos_18+,baja
4,4,60,830,506,adultos_18+,baja
6,4,59,986,570,adultos_18+,baja
6,3,64,946,446,adultos_18+,baja
6,3,63,818,422,adultos_18+,baja
5,4,56,851,568,adultos_18+,baja
5,3,62,937,417,adultos_18+,baja
5,4,52,911,527,adultos_18+,baja
4,3,62,843,504,adultos_18+,baja
4,3,56,913,437,adultos_18+,baja
6,3,64,981,411,adultos_18+,baja
4,3,53,828,440,adultos_18+,baja
5,4,61,789,534,adultos_18+,baja
4,4,52,934,458,adultos_18+,baja
5,4,58,996,525,adultos_18+,baja
5,3,63,878,474,adultos_18+,baja
5,3,64,956,507,adultos_18+,baja
5,4,63,876,453,adultos_18+,baja
4,3,53,877,512,adultos_18+,baja
5,4,64,826,478,adultos_18+,baja
4,3,58,961,455,adultos_18+,baja
6,3,64,975,579,adultos_18+,baja
6,3,57,868,590,adultos_18+,baja
4,3,59,931,427,adultos_18+,baja
4,3,64,846,412,adultos_18+,baja
6,4,62,951,502,adultos_18+,baja
5,4,65,871,447,adultos_18+,baja
6,3,54,966,544,adultos_18+,baja
4,3,60,899,489,adultos_18+,baja
4,3,61,884,496,adultos_18+,baja
5,4,53,862,436,adultos_18+,baja
6,4,54,804,525,adultos_18+,baja
5,4,55,990,545,adultos_18+,baja
6,4,65,925,556,adultos_18+,baja
5,3,65,970,429,adultos_18+,baja
4,4,57,845,465,adultos_18+,baja
5,4,66,920,472,adultos_18+,baja
5,4,62,803,537,adultos_18+,baja
5,4,54,996,532,adultos_18+,baja
4,4,52,830,482,adultos_18+,baja
6,3,56,956,509,adultos_18+,baja
4,3,62,809,569,adultos_18+,baja
5,4,52,994,531,adultos_18+,baja
4,4,52,966,539,adultos_18+,baja
4,3,53,911,454,adultos_18+,baja
4,4,50,977,574,adultos_18+,baja
4,3,53,989,459,adultos_18+,baja
4,3,61,978,448,adultos_18+,baja
6,4,52,784,509,adultos_18+,baja
6,3,51,888,520,adultos_18+,baja
6,4,63,961,551,adultos_18+,baja
5,4,56,874,485,adultos_18+,baja
6,3,58,808,411,adultos_18+,baja
5,4,52,938,492,adultos_18+,baja
6,4,59,894,428,adultos_18+,baja
6,4,55,876,501,adultos_18+,baja
4,4,56,964,548,adultos_18+,baja
5,3,50,853,454,adultos_18+,baja
5,3,56,898,422,adultos_18+,baja
5,4,55,993,598,adultos_18+,baja
5,3,58,920,578,adultos_18+,baja
6,3,62,818,510,adultos_18+,baja
4,4,59,986,559,adultos_18+,baja
5,4,64,865,520,adultos_18+,baja
6,3,50,903,461,adultos_18+,baja
5,3,50,823,589,adultos_18+,baja
6,3,62,851,507,adultos_18+,baja
5,3,61,822,422,adultos_18+,baja
5,3,53,907,437,adultos_18+,baja
6,4,56,786,486,adultos_18+,baja
4,3,57,993,479,adultos_18+,baja
5,3,51,870,464,adultos_18+,baja
5,4,66,829,527,adultos_18+,baja
4,3,61,828,585,adultos_18+,baja
6,4,59,802,565,adultos_18+,baja
4,3,59,793,464,adultos_18+,baja
5,3,55,944,425,adultos_18+,baja
6,3,57,845,497,adultos_18+,baja
5,3,64,958,565,adultos_18+,baja
5,3,66,852,402,adultos_18+,baja
6,3,57,866,407,adultos_18+,baja
5,3,66,918,537,adultos_18+,baja
4,3,62,901,450,adultos_18+,baja
6,4,65,891,449,adultos_18+,baja
6,3,56,936,409,adultos_18+,baja
4,4,57,936,431,adultos_18+,baja
6,4,56,818,562,adultos_18+,baja
4,3,55,867,512,adultos_18+,baja
5,4,60,939,517,adultos_18+,baja
6,4,50,921,429,adultos_18+,baja
6,4,51,902,450,adultos_18+,baja
6,3,63,939,476,adultos_18+,baja
4,4,53,941,503,adultos_18+,baja
6,4,55,931,401,adultos_18+,baja
5,3,50,862,486,adultos_18+,baja
6,3,60,912,534,adultos_18+,baja
5,3,59,925,423,adultos_18+,baja
4,4,56,851,599,adultos_18+,baja
5,4,52,859,514,adultos_18+,baja
5,3,64,996,436,adultos_18+,baja
6,4,64,885,560,adultos_18+,baja
6,4,50,928,486,adultos_18+,baja
6,4,65,803,407,adultos_18+,baja
6,4,58,902,438,adultos_18+,baja
6,4,58,895,514,adultos_18+,baja
5,3,66,895,560,adultos_18+,baja
5,4,59,844,433,adultos_18+,baja
4,3,65,965,425,adultos_18+,baja
5,4,62,871,539,adultos_18+,baja
6,4,51,799,420,adultos_18+,baja
4,4,58,896,427,adultos_18+,baja
5,4,63,880,482,adultos_18+,baja
6,3,62,899,481,adultos_18+,baja
4,3,51,837,584,adultos_18+,baja
5,3,58,910,435,adultos_18+,baja
5,4,55,820,480,adultos_18+,baja
5,3,59,920,569,adultos_18+,baja
5,3,60,879,460,adultos_18+,baja
4,3,57,827,581,adultos_18+,baja
6,4,52,988,502,adultos_18+,baja
5,3,54,843,478,adultos_18+,baja
4,4,61,789,486,adultos_18+,baja
4,3,58,961,593,adultos_18+,baja
4,4,55,940,540,adultos_18+,baja
5,4,59,941,562,adultos_18+,baja
4,3,51,965,529,adultos_18+,baja
5,3,63,820,479,adultos_18+,baja
4,3,65,881,478,adultos_18+,baja
6,4,64,786,402,adultos_18+,baja
6,3,53,843,425,adultos_18+,baja
4,3,57,965,470,adultos_18+,baja
4,4,57,880,419,adultos_18+,baja
4,3,57,856,548,adultos_18+,baja
6,3,66,884,453,adultos_18+,baja
4,4,50,831,467,adultos_18+,baja
6,4,54,987,536,adultos_18+,baja
5,3,63,960,468,adultos_18+,baja
5,3,61,826,560,adultos_18+,baja
6,4,50,996,430,adultos_18+,baja
4,4,53,949,583,adultos_18+,baja
4,3,63,842,409,adultos_18+,baja
4,3,65,869,575,adultos_18+,baja
4,3,54,849,589,adultos_18+,baja
6,3,55,997,438,adultos_18+,baja
5,3,61,856,566,adultos_18+,baja
6,4,55,860,414,adultos_18+,baja
5,4,61,974,485,adultos_18+,baja
5,4,63,893,525,adultos_18+,baja
5,4,57,985,498,adultos_18+,baja
6,4,64,823,438,adultos_18+,baja
5,3,58,932,519,adultos_18+,baja
6,3,65,855,585,adultos_18+,baja
4,3,57,813,597,adultos_18+,baja
5,4,60,837,504,adultos_18+,baja
5,3,50,987,472,adultos_18+,baja
5,3,58,807,491,adultos_18+,baja
4,3,50,929,484,adultos_18+,baja
5,3,53,846,587,adultos_18+,baja
4,3,63,908,565,adultos_18+,baja
5,3,56,879,558,adultos_18+,baja
5,4,53,995,433,adultos_18+,baja
4,3,56,943,546,adultos_18+,baja
6,3,54,841,568,adultos_18+,baja
4,4,65,867,455,adultos_18+,baja
6,4,59,947,502,adultos_18+,baja
6,4,56,966,552,adultos_18+,baja
6,4,56,921,416,adultos_18+,baja
5,4,60,987,418,adultos_18+,baja
4,3,63,967,400,adultos_18+,baja
5,3,63,830,409,adultos_18+,baja
6,4,50,827,466,adultos_18+,baja
4,4,60,871,554,adultos_18+,baja
5,4,52,835,467,adultos_18+,baja
6,4,65,899,509,adultos_18+,baja
6,4,55,919,558,adultos_18+,baja
4,3,60,883,440,adultos_18+,baja
6,3,58,810,437,adultos_18+,baja
4,4,65,865,512,adultos_18+,baja
4,4,50,837,572,adultos_18+,baja
5,3,50,796,490,adultos_18+,baja
6,4,65,946,569,adultos_18+,baja
5,3,51,803,455,adultos_18+,baja
6,4,59,934,480,adultos_18+,baja
4,3,52,848,539,adultos_18+,baja
6,4,65,880,600,adultos_18+,baja
6,3,56,987,486,adultos_18+,baja
4,4,51,870,537,adultos_18+,baja
6,4,63,822,583,adultos_18+,baja
4,3,60,880,569,adultos_18+,baja
5,4,56,970,445,adultos_18+,baja
5,3,56,860,487,adultos_18+,baja
6,3,63,887,506,adultos_18+,baja
4,3,60,902,437,adultos_18+,baja
6,4,60,861,443,adultos_18+,baja
6,3,63,844,576,adultos_18+,baja
6,4,62,820,596,adultos_18+,baja
6,4,65,871,511,adultos_18+,baja
4,3,61,924,451,adultos_18+,baja
6,4,56,824,448,adultos_18+,baja
5,3,65,987,469,adultos_18+,baja
4,4,61,926,406,adultos_18+,baja
4,3,61,808,446,adultos_18+,baja
5,4,59,849,421,adultos_18+,baja
4,3,50,929,438,adultos_18+,baja
6,3,50,976,552,adultos_18+,baja
5,4,56,914,597,adultos_18+,baja
5,3,58,875,527,adultos_18+,baja
6,3,51,919,545,adultos_18+,baja
5,4,56,987,407,adultos_18+,baja
4,4,52,992,412,adultos_18+,baja
5,3,55,935,459,adultos_18+,baja
5,3,52,981,559,adultos_18+,baja
5,4,54,920,488,adultos_18+,baja
5,4,50,818,408,adultos_18+,baja
5,4,59,847,572,adultos_18+,baja
5,4,57,811,565,adultos_18+,baja
5,4,66,789,473,adultos_18+,baja
6,4,57,801,523,adultos_18+,baja
4,4,52,810,405,adultos_18+,baja
4,4,54,850,528,adultos_18+,baja
5,4,61,904,453,adultos_18+,baja
4,4,60,875,526,adultos_18+,baja
4,4,66,891,541,adultos_18+,baja
5,4,66,850,478,adultos_18+,baja
6,3,59,796,583,adultos_18+,baja
5,3,64,793,424,adultos_18+,baja
6,3,50,829,420,adultos_18+,baja
6,4,52,907,485,adultos_18+,baja
6,3,62,953,487,adultos_18+,baja
5,3,65,970,420,adultos_18+,baja
4,4,58,804,499,adultos_18+,baja
5,3,60,993,449,adultos_18+,baja
5,4,59,973,467,adultos_18+,baja
6,4,53,837,565,adultos_18+,baja
6,4,51,886,571,adultos_18+,baja
6,4,55,959,504,adultos_18+,baja
4,4,64,834,410,adultos_18+,baja
4,4,61,786,400,adultos_18+,baja
5,3,55,847,559,adultos_18+,baja
4,4,56,969,542,adultos_18+,baja
6,3,54,872,452,adultos_18+,baja
5,3,55,816,531,adultos_18+,baja
5,4,60,993,481,adultos_18+,baja
6,3,59,908,589,adultos_18+,baja
4,3,59,905,463,adultos_18+,baja
6,4,50,803,540,adultos_18+,baja
4,3,62,991,468,adultos_18+,baja
6,4,55,932,459,adultos_18+,baja
5,4,54,953,599,adultos_18+,baja
5,4,51,815,522,adultos_18+,baja
6,4,58,872,414,adultos_18+,baja
6,3,64,864,583,adultos_18+,baja
4,3,65,977,447,adultos_18+,baja
6,3,56,833,583,adultos_18+,baja
6,4,64,810,561,adultos_18+,baja
4,4,61,832,534,adultos_18+,baja
6,4,66,796,556,adultos_18+,baja
6,4,52,939,549,adultos_18+,baja
4,4,61,829,444,adultos_18+,baja
4,4,65,832,546,adultos_18+,baja
6,4,59,899,549,adultos_18+,baja
5,4,58,821,454,adultos_18+,baja
5,4,66,975,549,adultos_18+,baja
5,4,57,929,580,adultos_18+,baja
6,3,57,841,514,adultos_18+,baja
6,4,64,838,401,adultos_18+,baja
4,3,62,875,513,adultos_18+,baja
4,4,53,939,491,adultos_18+,baja
6,3,54,861,552,adultos_18+,baja
4,4,63,989,576,adultos_18+,baja
5,4,60,842,470,adultos_18+,baja
5,4,53,936,499,adultos_18+,baja
5,3,58,793,522,adultos_18+,baja
4,3,55,920,522,adultos_18+,baja
5,3,62,880,536,adultos_18+,baja
5,4,66,899,573,adultos_18+,baja
5,3,52,810,568,adultos_18+,baja
5,3,64,964,477,adultos_18+,baja
5,3,63,847,558,adultos_18+,baja
6,3,61,836,466,adultos_18+,baja
4,3,50,806,530,adultos_18+,baja
5,4,64,930,507,adultos_18+,baja
5,4,53,887,600,adultos_18+,baja
4,3,50,864,577,adultos_18+,baja
6,3,58,828,453,adultos_18+,baja
5,3,55,802,432,adultos_18+,baja
4,4,64,836,412,adultos_18+,baja
4,3,64,884,480,adultos_18+,baja
4,4,66,988,409,adultos_18+,baja
4,4,59,861,539,adultos_18+,baja
5,3,58,823,546,adultos_18+,baja
6,4,57,943,424,adultos_18+,baja
4,4,52,942,485,adultos_18+,baja
5,3,53,893,523,adultos_18+,baja
4,3,58,950,437,adultos_18+,baja
6,3,60,840,574,adultos_18+,baja
4,3,52,929,588,adultos_18+,baja
6,3,62,888,499,adultos_18+,baja
6,3,61,875,493,adultos_18+,baja
6,4,62,944,486,adultos_18+,baja
6,3,61,927,570,adultos_18+,baja
5,3,56,918,405,adultos_18+,baja
5,3,53,802,547,adultos_18+,baja
4,3,54,890,575,adultos_18+,baja
6,3,52,884,559,adultos_18+,baja
6,4,61,864,546,adultos_18+,baja
5,4,65,811,413,adultos_18+,baja
4,4,55,1000,406,adultos_18+,baja
5,4,51,855,548,adultos_18+,baja
6,4,58,804,462,adultos_18+,baja
5,4,64,807,468,adultos_18+,baja
5,3,55,814,513,adultos_18+,baja
6,3,58,959,439,adultos_18+,baja
6,3,55,785,447,adultos_18+,baja
6,4,55,982,482,adultos_18+,baja
4,4,56,834,489,adultos_18+,baja
5,3,51,905,474,adultos_18+,baja
5,4,64,858,550,adultos_18+,baja
4,4,54,883,505,adultos_18+,baja
4,3,50,820,585,adultos_18+,baja
5,4,60,844,495,adultos_18+,baja
4,4,56,874,579,adultos_18+,baja
6,3,51,942,575,adultos_18+,baja
4,4,53,810,537,adultos_18+,baja
6,4,56,947,401,adultos_18+,baja
5,4,53,1000,502,adultos_18+,baja
6,4,56,810,509,adultos_18+,baja
6,4,62,867,417,adultos_18+,baja
5,3,66,865,515,adultos_18+,baja
5,4,52,960,560,adultos_18+,baja
5,3,50,805,466,adultos_18+,baja
5,4,64,821,454,adultos_18+,baja
4,3,54,978,472,adultos_18+,baja
5,4,51,831,510,adultos_18+,baja
6,3,51,984,504,adultos_18+,baja
6,3,56,920,583,adultos_18+,baja
5,4,50,968,513,adultos_18+,baja
5,4,51,836,438,adultos_18+,baja
6,3,64,922,588,adultos_18+,baja
5,3,58,904,483,adultos_18+,baja
6,4,63,869,446,adultos_18+,baja
5,3,63,989,532,adultos_18+,baja
6,3,56,826,566,adultos_18+,baja
6,4,57,868,530,adultos_18+,baja
4,4,52,810,540,adultos_18+,baja
4,3,62,860,455,adultos_18+,baja
4,3,58,873,440,adultos_18+,baja
4,3,66,986,578,adultos_18+,baja
5,3,54,942,504,adultos_18+,baja
6,3,58,925,501,adultos_18+,baja
5,4,53,888,552,adultos_18+,baja
5,3,66,797,440,adultos_18+,baja
4,4,53,995,588,adultos_18+,baja
6,4,59,988,482,adultos_18+,baja
5,4,52,867,453,adultos_18+,baja
6,3,57,912,550,adultos_18+,baja
5,3,55,804,445,adultos_18+,baja
6,3,55,787,420,adultos_18+,baja
6,4,63,878,597,adultos_18+,baja
5,3,63,855,455,adultos_18+,baja
6,4,60,794,409,adultos_18+,baja
5,4,50,820,406,adultos_18+,baja
6,3,64,955,592,adultos_18+,baja
4,3,59,992,515,adultos_18+,baja
6,4,59,947,470,adultos_18+,baja
5,3,66,836,581,adultos_18+,baja
6,4,65,983,403,adultos_18+,baja
4,3,66,806,528,adultos_18+,baja
4,3,56,832,425,adultos_18+,baja
6,4,52,973,534,adultos_18+,baja
5,3,66,850,480,adultos_18+,baja
5,4,57,913,551,adultos_18+,baja
5,3,54,935,421,adultos_18+,baja
6,4,51,831,500,adultos_18+,baja
4,4,55,808,593,adultos_18+,baja
4,3,61,875,454,adultos_18+,baja
5,4,57,870,453,adultos_18+,baja
5,3,51,902,511,adultos_18+,baja
6,3,57,872,501,adultos_18+,baja
6,3,54,973,491,adultos_18+,baja
4,3,61,981,464,adultos_18+,baja
5,3,63,954,518,adultos_18+,baja
6,4,52,792,434,adultos_18+,baja
4,4,53,964,494,adultos_18+,baja
6,3,56,855,579,adultos_18+,baja
4,3,57,981,527,adultos_18+,baja
6,3,64,786,571,adultos_18+,baja
5,4,59,889,521,adultos_18+,baja
6,3,50,802,424,adultos_18+,baja
6,4,55,802,414,adultos_18+,baja
4,4,61,826,471,adultos_18+,baja
5,4,56,827,469,adultos_18+,baja
5,4,64,985,413,adultos_18+,baja
5,3,61,912,460,adultos_18+,baja
5,3,53,948,407,adultos_18+,baja
5,3,55,924,411,adultos_18+,baja
4,3,63,841,410,adultos_18+,baja
5,3,55,940,569,adultos_18+,baja
5,3,62,842,561,adultos_18+,baja
4,4,63,955,469,adultos_18+,baja
5,4,55,957,441,adultos_18+,baja
6,3,64,973,585,adultos_18+,baja
5,4,53,935,463,adultos_18+,baja
6,4,66,947,480,adultos_18+,baja
6,4,62,819,400,adultos_18+,baja
4,3,53,981,498,adultos_18+,baja
5,3,56,954,494,adultos_18+,baja
5,3,64,837,588,adultos_18+,baja
5,4,50,798,584,adultos_18+,baja
5,4,61,900,511,adultos_18+,baja
4,3,56,845,540,adultos_18+,baja
5,3,52,825,464,adultos_18+,baja
4,3,64,794,590,adultos_18+,baja
5,3,52,895,486,adultos_18+,baja
5,4,50,841,514,adultos_18+,baja
6,4,62,888,508,adultos_18+,baja
4,4,57,930,575,adultos_18+,baja
6,3,63,862,446,adultos_18+,baja
6,3,51,928,524,adultos_18+,baja
4,3,65,984,459,adultos_18+,baja
5,3,54,941,491,adultos_18+,baja
5,4,58,820,446,adultos_18+,baja
6,3,65,965,442,adultos_18+,baja
5,3,62,909,438,adultos_18+,baja
4,4,55,972,416,adultos_18+,baja
5,4,64,982,499,adultos_18+,baja
4,4,53,973,500,adultos_18+,baja
6,3,64,916,569,adultos_18+,baja
6,3,55,893,542,adultos_18+,baja
6,4,60,995,525,adultos_18+,baja
6,3,56,791,515,adultos_18+,baja
6,3,66,833,454,adultos_18+,baja
5,3,56,938,440,adultos_18+,baja
4,3,53,879,510,adultos_18+,baja
4,4,65,956,423,adultos_18+,baja
6,3,56,992,463,adultos_18+,baja
5,4,50,864,568,adultos_18+,baja
5,4,65,973,587,adultos_18+,baja
4,3,54,959,536,adultos_18+,baja
6,3,55,798,565,adultos_18+,baja
6,4,53,823,474,adultos_18+,baja
5,4,66,833,457,adultos_18+,baja
5,4,61,805,588,adultos_18+,baja
4,4,56,785,543,adultos_18+,baja
5,3,52,803,483,adultos_18+,baja
6,4,58,885,599,adultos_18+,baja
4,3,53,901,539,adultos_18+,baja
4,4,62,890,477,adultos_18+,baja
5,3,50,829,535,adultos_18+,baja
6,4,54,995,435,adultos_18+,baja
4,3,66,939,425,adultos_18+,baja
6,3,50,817,447,adultos_18+,baja
5,4,63,907,431,adultos_18+,baja
4,3,66,884,519,adultos_18+,baja
5,3,52,891,404,adultos_18+,baja
5,4,59,962,404,adultos_18+,baja
5,3,64,978,403,adultos_18+,baja
4,3,65,793,596,adultos_18+,baja
6,4,66,978,446,adultos_18+,baja
6,4,64,851,581,adultos_18+,baja
6,3,53,995,498,adultos_18+,baja
6,4,51,858,521,adultos_18+,baja
5,3,61,812,524,adultos_18+,baja
4,3,50,889,543,adultos_18+,baja
5,3,56,957,463,adultos_18+,baja
4,4,57,848,530,adultos_18+,baja
4,4,61,862,448,adultos_18+,baja
4,4,61,797,479,adultos_18+,baja
4,4,60,840,501,adultos_18+,baja
4,4,60,892,419,adultos_18+,baja
6,4,64,990,440,adultos_18+,baja
5,4,51,833,545,adultos_18+,baja
4,3,65,870,515,adultos_18+,baja
4,3,54,807,558,adultos_18+,baja
4,3,60,902,416,adultos_18+,baja
4,4,58,794,544,adultos_18+,baja
5,3,61,884,468,adultos_18+,baja
6,3,60,913,432,adultos_18+,baja
4,4,59,858,476,adultos_18+,baja
5,3,63,918,475,adultos_18+,baja
6,4,56,991,420,adultos_18+,baja
6,3,61,823,572,adultos_18+,baja
6,3,60,804,501,adultos_18+,baja
6,3,53,830,452,adultos_18+,baja
6,3,56,845,530,adultos_18+,baja
5,3,54,842,588,adultos_18+,baja
4,4,62,826,513,adultos_18+,baja
6,4,58,831,540,adultos_18+,baja
4,4,54,954,598,adultos_18+,baja
5,4,65,873,589,adultos_18+,baja
6,4,62,1000,579,adultos_18+,baja
5,3,60,861,449,adultos_18+,baja
6,3,64,826,558,adultos_18+,baja
6,4,57,898,589,adultos_18+,baja
6,4,60,887,494,adultos_18+,baja
6,3,50,968,456,adultos_18+,baja
5,3,57,793,443,adultos_18+,baja
4,3,54,861,421,adultos_18+,baja
6,3,53,802,542,adultos_18+,baja
6,3,64,946,595,adultos_18+,baja
4,3,51,891,542,adultos_18+,baja
5,4,60,956,595,adultos_18+,baja
5,3,53,858,477,adultos_18+,baja
5,4,64,931,475,adultos_18+,baja
6,3,63,908,404,adultos_18+,baja
6,3,52,844,573,adultos_18+,baja
4,4,57,946,511,adultos_18+,baja
5,3,61,979,473,adultos_18+,baja
4,4,58,806,585,adultos_18+,baja
5,3,58,855,463,adultos_18+,baja
6,4,59,836,585,adultos_18+,baja
6,3,63,874,566,adultos_18+,baja
4,3,50,810,599,adultos_18+,baja
6,3,65,877,541,adultos_18+,baja
5,3,65,952,571,adultos_18+,baja
6,4,58,1000,596,adultos_18+,baja
5,3,51,836,460,adultos_18+,baja
6,4,52,912,594,adultos_18+,baja
4,4,60,997,578,adultos_18+,baja
4,4,63,795,409,adultos_18+,baja
5,4,63,794,515,adultos_18+,baja
4,3,61,809,593,adultos_18+,baja
6,4,66,873,570,adultos_18+,baja
5,4,64,932,458,adultos_18+,baja
5,3,50,933,413,adultos_18+,baja
4,3,61,823,523,adultos_18+,baja
4,4,58,992,471,adultos_18+,baja
5,4,61,880,479,adultos_18+,baja
6,4,63,970,549,adultos_18+,baja
5,3,64,996,447,adultos_18+,baja
5,3,65,865,529,adultos_18+,baja
5,4,64,955,581,adultos_18+,baja
6,4,54,956,416,adultos_18+,baja
6,4,63,922,484,adultos_18+,baja
4,3,52,942,455,adultos_18+,baja
5,4,60,988,497,adultos_18+,baja
4,4,61,797,582,adultos_18+,baja
6,3,57,968,530,adultos_18+,baja
5,4,62,786,426,adultos_18+,baja
5,4,61,939,418,adultos_18+,baja
6,4,66,962,461,adultos_18+,baja
4,4,62,934,523,adultos_18+,baja
6,3,64,883,449,adultos_18+,baja
6,4,51,830,545,adultos_18+,baja
6,3,56,985,586,adultos_18+,baja
4,4,54,917,487,adultos_18+,baja
6,3,54,983,558,adultos_18+,baja
5,4,66,865,436,adultos_18+,baja
6,3,55,788,480,adultos_18+,baja
4,3,51,844,576,adultos_18+,baja
6,3,63,885,427,adultos_18+,baja
5,4,53,855,542,adultos_18+,baja
6,4,64,958,449,adultos_18+,baja
5,4,56,883,510,adultos_18+,baja
6,3,52,802,571,adultos_18+,baja
6,4,54,886,405,adultos_18+,baja
6,4,56,983,550,adultos_18+,baja
4,4,64,809,489,adultos_18+,baja
4,4,61,939,550,adultos_18+,baja
5,4,54,799,509,adultos_18+,baja
6,3,58,967,498,adultos_18+,baja
4,3,62,953,584,adultos_18+,baja
6,3,64,979,544,adultos_18+,baja
4,3,51,789,401,adultos_18+,baja
6,4,51,851,575,adultos_18+,baja
4,4,66,919,479,adultos_18+,baja
6,4,58,943,565,adultos_18+,baja
5,3,62,909,474,adultos_18+,baja
5,3,53,856,479,adultos_18+,baja
4,3,55,931,502,adultos_18+,baja
5,4,54,865,464,adultos_18+,baja
6,3,59,949,424,adultos_18+,baja
6,4,60,818,503,adultos_18+,baja
6,3,64,863,505,adultos_18+,baja
5,4,64,927,563,adultos_18+,baja
5,3,60,831,525,adultos_18+,baja
5,3,62,931,438,adultos_18+,baja
5,3,50,997,546,adultos_18+,baja
4,3,60,967,496,adultos_18+,baja
5,3,56,927,491,adultos_18+,baja
5,3,54,863,404,adultos_18+,baja
5,4,61,842,415,adultos_18+,baja
6,4,59,843,600,adultos_18+,baja
4,3,56,862,439,adultos_18+,baja
5,4,55,928,438,adultos_18+,baja
5,4,53,987,570,adultos_18+,baja
4,4,53,879,540,adultos_18+,baja
6,3,61,858,510,adultos_18+,baja
5,3,59,968,485,adultos_18+,baja
5,4,55,839,574,adultos_18+,baja
4,4,56,905,579,adultos_18+,baja
5,4,53,900,589,adultos_18+,baja
6,3,52,828,525,adultos_18+,baja
4,3,54,814,508,adultos_18+,baja
4,4,60,894,441,adultos_18+,baja
5,3,57,792,451,adultos_18+,baja
6,3,56,898,471,adultos_18+,baja
4,3,58,792,502,adultos_18+,baja
5,3,53,878,588,adultos_18+,baja
4,3,50,884,560,adultos_18+,baja
5,4,51,800,570,adultos_18+,baja
5,3,66,820,464,adultos_18+,baja
5,3,63,958,579,adultos_18+,baja
5,4,51,892,565,adultos_18+,baja
6,4,62,899,480,adultos_18+,baja
5,3,60,958,432,adultos_18+,baja
4,4,50,889,587,adultos_18+,baja
5,4,53,840,586,adultos_18+,baja
4,4,58,942,466,adultos_18+,baja
4,3,53,924,537,adultos_18+,baja
5,4,51,813,431,adultos_18+,baja
5,3,63,994,454,adultos_18+,baja
4,4,62,852,588,adultos_18+,baja
4,4,64,927,531,adultos_18+,baja
4,3,54,936,580,adultos_18+,baja
4,4,57,883,579,adultos_18+,baja
4,3,56,950,516,adultos_18+,baja
4,3,66,818,552,adultos_18+,baja
6,4,52,874,492,adultos_18+,baja
6,3,64,788,580,adultos_18+,baja
6,4,59,917,568,adultos_18+,baja
4,3,52,792,494,adultos_18+,baja
6,4,63,845,521,adultos_18+,baja
5,4,57,821,600,adultos_18+,baja
6,4,53,938,416,adultos_18+,baja
6,4,59,956,465,adultos_18+,baja
5,3,64,856,560,adultos_18+,baja
4,3,66,940,569,adultos_18+,baja
6,3,58,902,505,adultos_18+,baja
5,3,62,936,470,adultos_18+,baja
4,4,51,968,538,adultos_18+,baja
4,4,58,813,559,adultos_18+,baja
5,3,58,866,402,adultos_18+,baja
6,3,58,788,514,adultos_18+,baja
5,3,54,926,401,adultos_18+,baja
4,3,52,805,450,adultos_18+,baja
4,4,61,972,599,adultos_18+,baja
6,4,54,970,529,adultos_18+,baja
4,4,65,997,422,adultos_18+,baja
5,3,60,883,561,adultos_18+,baja
5,3,51,936,402,adultos_18+,baja
5,4,53,944,568,adultos_18+,baja
4,4,63,924,452,adultos_18+,baja
5,4,57,799,559,adultos_18+,baja
4,4,50,916,465,adultos_18+,baja
6,4,54,813,549,adultos_18+,baja
4,4,55,916,401,adultos_18+,baja
5,3,62,849,501,adultos_18+,baja
6,3,62,960,445,adultos_18+,baja
4,4,51,988,505,adultos_18+,baja
6,3,57,818,510,adultos_18+,baja
5,4,62,927,503,adultos_18+,baja
4,3,51,790,554,adultos_18+,baja
4,3,52,918,480,adultos_18+,baja
4,3,52,961,407,adultos_18+,baja
4,4,58,896,444,adultos_18+,baja
6,3,57,943,551,adultos_18+,baja
4,4,61,813,538,adultos_18+,baja
5,4,62,955,536,adultos_18+,baja
5,3,57,788,449,adultos_18+,baja
6,3,64,892,457,adultos_18+,baja
6,3,63,810,495,adultos_18+,baja
5,4,65,991,416,adultos_18+,baja
6,3,57,939,565,adultos_18+,baja
6,4,58,837,561,adultos_18+,baja
4,4,60,931,425,adultos_18+,baja
4,4,58,804,495,adultos_18+,baja
6,3,62,885,403,adultos_18+,baja
6,3,51,804,415,adultos_18+,baja
5,4,61,850,576,adultos_18+,baja
6,4,57,922,570,adultos_18+,baja
4,3,60,819,428,adultos_18+,baja
4,3,54,852,569,adultos_18+,baja
6,4,52,988,559,adultos_18+,baja
4,4,57,928,528,adultos_18+,baja
4,4,60,965,496,adultos_18+,baja
4,3,52,880,515,adultos_18+,baja
5,4,52,873,472,adultos_18+,baja
5,3,52,840,590,adultos_18+,baja
6,3,65,839,455,adultos_18+,baja
5,4,55,952,530,adultos_18+,baja
5,3,60,817,497,adultos_18+,baja
5,4,51,982,496,adultos_18+,baja
4,3,66,803,463,adultos_18+,baja
4,3,52,888,571,adultos_18+,baja
6,4,59,803,453,adultos_18+,baja
6,4,64,959,586,adultos_18+,baja
4,3,60,994,410,adultos_18+,baja
6,3,53,928,583,adultos_18+,baja
4,3,52,959,585,adultos_18+,baja
5,4,50,853,437,adultos_18+,baja
5,3,63,872,499,adultos_18+,baja
4,3,64,839,577,adultos_18+,baja
5,3,59,953,447,adultos_18+,baja
4,3,52,823,440,adultos_18+,baja
6,3,53,998,477,adultos_18+,baja
4,4,58,943,599,adultos_18+,baja
5,3,56,833,546,adultos_18+,baja
4,4,62,990,536,adultos_18+,baja
4,3,61,978,523,adultos_18+,baja
4,3,59,819,427,adultos_18+,baja
4,3,58,887,529,adultos_18+,baja
5,3,59,900,550,adultos_18+,baja
4,4,51,875,556,adultos_18+,baja
5,4,57,954,425,adultos_18+,baja
5,4,63,802,458,adultos_18+,baja
5,3,56,803,581,adultos_18+,baja
5,3,61,878,430,adultos_18+,baja
4,3,61,876,437,adultos_18+,baja
4,3,62,794,401,adultos_18+,baja
5,4,66,938,565,adultos_18+,baja
4,4,62,817,579,adultos_18+,baja
4,3,64,929,438,adultos_18+,baja
5,3,60,967,499,adultos_18+,baja
6,3,55,791,417,adultos_18+,baja
5,3,65,933,558,adultos_18+,baja
4,4,56,792,476,adultos_18+,baja
6,3,57,840,526,adultos_18+,baja
6,4,50,820,477,adultos_18+,baja
6,4,52,930,424,adultos_18+,baja
5,4,59,888,485,adultos_18+,baja
4,4,52,932,525,adultos_18+,baja
6,4,54,1000,509,adultos_18+,baja
6,3,54,792,561,adultos_18+,baja
5,3,53,934,491,adultos_18+,baja
4,4,53,951,511,adultos_18+,baja
4,3,63,974,455,adultos_18+,baja
5,3,53,985,589,adultos_18+,baja
6,4,65,834,529,adultos_18+,baja
4,3,63,948,446,adultos_18+,baja
6,3,63,996,475,adultos_18+,baja
4,3,51,896,591,adultos_18+,baja
4,3,60,899,417,adultos_18+,baja
4,3,58,880,412,adultos_18+,baja
4,3,65,933,462,adultos_18+,baja
6,4,61,942,455,adultos_18+,baja
5,3,59,860,535,adultos_18+,baja
6,4,66,961,544,adultos_18+,baja
5,4,65,998,576,adultos_18+,baja
6,3,52,858,563,adultos_18+,baja
4,4,57,936,519,adultos_18+,baja
5,4,56,828,538,adultos_18+,baja
6,4,59,949,598,adultos_18+,baja
4,4,60,969,466,adultos_18+,baja
6,3,64,828,459,adultos_18+,baja
5,3,51,933,597,adultos_18+,baja
6,3,63,942,500,adultos_18+,baja
4,4,56,815,433,adultos_18+,baja
6,4,64,894,454,adultos_18+,baja
5,3,65,822,492,adultos_18+,baja
6,4,60,868,539,adultos_18+,baja
4,4,58,845,513,adultos_18+,baja
6,4,53,972,533,adultos_18+,baja
4,3,51,989,532,adultos_18+,baja
5,4,63,884,539,adultos_18+,baja
5,3,66,940,531,adultos_18+,baja
4,4,55,880,532,adultos_18+,baja
4,4,60,861,548,adultos_18+,baja
5,4,63,804,574,adultos_18+,baja
4,4,51,836,502,adultos_18+,baja
6,3,50,825,516,adultos_18+,baja
4,4,65,848,418,adultos_18+,baja
6,4,56,979,481,adultos_18+,baja
5,3,56,804,421,adultos_18+,baja
6,3,57,990,514,adultos_18+,baja
6,4,53,986,504,adultos_18+,baja
5,4,56,891,456,adultos_18+,baja
6,4,52,823,466,adultos_18+,baja
6,4,56,963,512,adultos_18+,baja
4,4,63,859,429,adultos_18+,baja
5,3,56,929,420,adultos_18+,baja
5,3,54,893,585,adultos_18+,baja
6,3,62,795,461,adultos_18+,baja
5,3,61,986,575,adultos_18+,baja
5,4,63,851,448,adultos_18+,baja
5,4,59,798,575,adultos_18+,baja
6,3,62,994,434,adultos_18+,baja
5,3,60,958,528,adultos_18+,baja
6,4,64,981,514,adultos_18+,baja
4,3,64,876,469,adultos_18+,baja
4,4,56,884,515,adultos_18+,baja
6,3,51,916,445,adultos_18+,baja
5,3,62,851,432,adultos_18+,baja
5,3,60,962,415,adultos_18+,baja
4,4,60,880,445,adultos_18+,baja
4,4,55,857,589,adultos_18+,baja
6,3,58,935,466,adultos_18+,baja
4,3,61,890,409,adultos_18+,baja
5,4,50,860,447,adultos_18+,baja
4,4,53,856,576,adultos_18+,baja
5,3,53,797,576,adultos_18+,baja
5,3,65,916,521,adultos_18+,baja
5,3,56,960,505,adultos_18+,baja
5,3,58,961,471,adultos_18+,baja
5,4,65,938,542,adultos_18+,baja
6,3,66,880,440,adultos_18+,baja
5,4,54,859,522,adultos_18+,baja
6,4,56,949,435,adultos_18+,baja
4,3,51,926,480,adultos_18+,baja
4,3,66,960,436,adultos_18+,baja
5,3,54,971,549,adultos_18+,baja
6,4,53,857,438,adultos_18+,baja
4,4,55,822,569,adultos_18+,baja
4,3,61,784,420,adultos_18+,baja
4,4,62,871,517,adultos_18+,baja
4,3,50,797,559,adultos_18+,baja
4,4,62,973,572,adultos_18+,baja
4,3,66,788,570,adultos_18+,baja
6,3,52,918,579,adultos_18+,baja
6,3,51,875,587,adultos_18+,baja
6,4,64,943,499,adultos_18+,baja
5,3,63,862,408,adultos_18+,baja
6,4,62,812,581,adultos_18+,baja
5,3,50,844,520,adultos_18+,baja
6,3,60,852,448,adultos_18+,baja
5,3,56,939,419,adultos_18+,baja
4,4,65,860,599,adultos_18+,baja
6,4,55,962,598,adultos_18+,baja
4,4,53,809,593,adultos_18+,baja
6,4,56,909,599,adultos_18+,baja
4,3,51,950,463,adultos_18+,baja
6,4,51,891,513,adultos_18+,baja
5,4,60,933,402,adultos_18+,baja
5,4,59,900,587,adultos_18+,baja
4,4,53,817,409,adultos_18+,baja
5,4,65,893,548,adultos_18+,baja
5,3,50,971,518,adultos_18+,baja
4,4,53,894,518,adultos_18+,baja
6,4,61,881,508,adultos_18+,baja
6,3,53,952,533,adultos_18+,baja
5,4,52,818,566,adultos_18+,baja
6,4,54,873,526,adultos_18+,baja
6,3,54,935,590,adultos_18+,baja
6,4,64,785,595,adultos_18+,baja
5,3,53,953,579,adultos_18+,baja
5,4,58,927,559,adultos_18+,baja
6,3,51,980,476,adultos_18+,baja
4,3,66,791,463,adultos_18+,baja
5,4,62,934,413,adultos_18+,baja
4,4,59,829,563,adultos_18+,baja
6,4,60,896,540,adultos_18+,baja
6,3,60,965,461,adultos_18+,baja
5,4,63,889,421,adultos_18+,baja
4,4,59,936,425,adultos_18+,baja
4,4,55,990,549,adultos_18+,baja
4,3,63,804,594,adultos_18+,baja
4,4,64,872,440,adultos_18+,baja
6,3,63,955,528,adultos_18+,baja
4,4,57,842,511,adultos_18+,baja
6,3,64,982,410,adultos_18+,baja
6,3,62,893,581,adultos_18+,baja
4,3,50,838,520,adultos_18+,baja
5,3,58,889,596,adultos_18+,baja
5,4,54,978,574,adultos_18+,baja
5,3,58,923,400,adultos_18+,baja
6,4,57,941,426,adultos_18+,baja
4,3,64,975,506,adultos_18+,baja
4,3,61,907,465,adultos_18+,baja
4,4,58,811,555,adultos_18+,baja
6,3,51,806,576,adultos_18+,baja
4,3,56,886,522,adultos_18+,baja
5,4,58,959,415,adultos_18+,baja
6,4,61,994,402,adultos_18+,baja
4,3,62,824,474,adultos_18+,baja
5,4,59,974,597,adultos_18+,baja
5,4,52,814,576,adultos_18+,baja
5,3,61,950,484,adultos_18+,baja
6,4,58,843,456,adultos_18+,baja
4,4,65,912,510,adultos_18+,baja
5,3,61,905,533,adultos_18+,baja
4,4,61,908,421,adultos_18+,baja
5,3,51,921,464,adultos_18+,baja
5,4,53,891,507,adultos_18+,baja
6,4,59,938,431,adultos_18+,baja
6,4,63,883,435,adultos_18+,baja
4,4,63,812,508,adultos_18+,baja
4,4,50,834,571,adultos_18+,baja
5,3,50,808,463,adultos_18+,baja
6,4,58,1000,585,adultos_18+,baja
5,4,62,857,458,adultos_18+,baja
6,4,57,836,457,adultos_18+,baja
6,3,54,948,521,adultos_18+,baja
5,3,66,795,509,adultos_18+,baja
4,4,51,865,501,adultos_18+,baja
5,4,66,916,506,adultos_18+,baja
4,3,59,795,568,adultos_18+,baja
5,3,64,898,589,adultos_18+,baja
6,3,52,801,550,adultos_18+,baja
4,3,50,967,569,adultos_18+,baja
4,3,58,903,406,adultos_18+,baja
5,4,55,901,440,adultos_18+,baja
5,3,55,811,410,adultos_18+,baja
6,4,52,942,457,adultos_18+,baja
4,3,61,790,547,adultos_18+,baja
5,3,58,814,407,adultos_18+,baja
4,4,51,923,516,adultos_18+,baja
5,3,54,791,416,adultos_18+,baja
6,4,64,982,508,adultos_18+,baja
5,4,65,841,455,adultos_18+,baja
5,3,50,831,481,adultos_18+,baja
5,3,50,908,516,adultos_18+,baja
6,4,50,905,574,adultos_18+,baja
6,3,63,857,594,adultos_18+,baja
4,4,66,833,483,adultos_18+,baja
4,3,64,797,588,adultos_18+,baja
6,3,61,934,486,adultos_18+,baja
5,3,53,869,426,adultos_18+,baja
4,3,54,970,466,adultos_18+,baja
6,3,62,968,545,adultos_18+,baja
4,4,57,990,452,adultos_18+,baja
4,3,55,896,566,adultos_18+,baja
4,4,58,942,538,adultos_18+,baja
4,4,54,930,448,adultos_18+,baja
4,4,51,950,586,adultos_18+,baja
4,3,65,910,524,adultos_18+,baja
6,4,59,927,528,adultos_18+,baja
4,3,50,926,593,adultos_18+,baja
5,3,60,817,438,adultos_18+,baja
6,4,52,836,553,adultos_18+,baja
5,3,60,954,454,adultos_18+,baja
4,3,60,851,472,adultos_18+,baja
5,4,55,931,400,adultos_18+,baja
4,3,50,961,434,adultos_18+,baja
6,4,57,994,424,adultos_18+,baja
5,4,60,915,534,adultos_18+,baja
5,4,60,840,410,adultos_18+,baja
5,3,63,813,432,adultos_18+,baja
6,3,50,952,410,adultos_18+,baja
4,4,58,916,482,adultos_18+,baja
5,3,52,857,415,adultos_18+,baja
6,3,52,847,422,adultos_18+,baja
5,4,52,893,572,adultos_18+,baja
6,3,51,963,403,adultos_18+,baja
6,3,50,848,587,adultos_18+,baja
4,3,59,809,486,adultos_18+,baja
4,4,64,844,523,adultos_18+,baja
4,4,66,996,530,adultos_18+,baja
4,3,54,913,496,adultos_18+,baja
4,4,59,958,544,adultos_18+,baja
5,4,58,969,479,adultos_18+,baja
4,4,64,792,576,adultos_18+,baja
4,4,53,822,564,adultos_18+,baja
6,4,57,893,531,adultos_18+,baja
4,3,51,891,480,adultos_18+,baja
6,3,62,923,456,adultos_18+,baja
4,4,59,813,590,adultos_18+,baja
6,3,61,973,442,adultos_18+,baja
4,4,64,979,456,adultos_18+,baja
4,4,66,865,518,adultos_18+,baja
6,3,55,946,482,adultos_18+,baja
6,3,60,925,595,adultos_18+,baja
4,4,59,814,526,adultos_18+,baja
4,4,50,828,597,adultos_18+,baja
6,4,56,866,481,adultos_18+,baja
6,3,61,829,587,adultos_18+,baja
5,4,51,902,530,adultos_18+,baja
6,4,65,984,594,adultos_18+,baja
6,4,50,844,424,adultos_18+,baja
5,3,66,826,551,adultos_18+,baja
5,3,58,857,599,adultos_18+,baja
5,4,63,964,424,adultos_18+,baja
5,4,53,843,562,adultos_18+,baja
5,4,60,797,494,adultos_18+,baja
4,4,63,966,477,adultos_18+,baja
5,4,65,904,404,adultos_18+,baja
4,3,65,882,405,adultos_18+,baja
5,3,65,836,527,adultos_18+,baja
5,4,63,858,600,adultos_18+,baja
4,4,54,942,482,adultos_18+,baja
4,4,54,790,435,adultos_18+,baja
6,4,51,984,553,adultos_18+,baja
6,3,59,789,492,adultos_18+,baja
4,3,59,868,566,adultos_18+,baja
6,4,57,841,417,adultos_18+,baja
6,4,58,863,417,adultos_18+,baja
4,3,65,876,485,adultos_18+,baja
6,4,51,900,454,adultos_18+,baja
5,3,65,872,476,adultos_18+,baja
5,4,55,893,505,adultos_18+,baja
4,4,50,820,559,adultos_18+,baja
4,3,52,787,452,adultos_18+,baja
6,4,57,791,507,adultos_18+,baja
4,4,59,911,561,adultos_18+,baja
4,3,52,885,566,adultos_18+,baja
4,3,65,799,411,adultos_18+,baja
4,3,52,987,491,adultos_18+,baja
5,4,51,841,525,adultos_18+,baja
5,3,65,896,471,adultos_18+,baja
5,4,63,927,599,adultos_18+,baja
6,3,58,825,405,adultos_18+,baja
4,3,60,844,492,adultos_18+,baja
6,4,58,858,444,adultos_18+,baja
4,3,52,800,574,adultos_18+,baja
4,4,59,845,494,adultos_18+,baja
4,3,52,822,405,adultos_18+,baja
5,3,62,883,517,adultos_18+,baja
6,4,56,826,551,adultos_18+,baja
4,3,51,997,431,adultos_18+,baja
4,4,59,815,428,adultos_18+,baja
6,4,59,791,554,adultos_18+,baja
5,3,55,801,587,adultos_18+,baja
4,3,54,912,573,adultos_18+,baja
6,3,61,906,481,adultos_18+,baja
6,4,59,987,551,adultos_18+,baja
5,3,53,828,414,adultos_18+,baja
5,4,53,862,460,adultos_18+,baja
4,4,52,800,590,adultos_18+,baja
5,3,54,814,545,adultos_18+,baja
5,3,61,891,462,adultos_18+,baja
6,4,56,967,410,adultos_18+,baja
4,4,54,785,498,adultos_18+,baja
4,4,50,938,430,adultos_18+,baja
5,4,51,800,581,adultos_18+,baja
6,4,59,976,515,adultos_18+,baja
6,3,50,967,414,adultos_18+,baja
4,4,56,830,560,adultos_18+,baja
4,4,61,880,467,adultos_18+,baja
4,4,58,867,590,adultos_18+,baja
5,3,52,846,590,adultos_18+,baja
4,4,52,829,499,adultos_18+,baja
4,3,55,885,572,adultos_18+,baja
6,4,61,852,401,adultos_18+,baja
5,3,59,861,536,adultos_18+,baja
4,4,59,984,556,adultos_18+,baja
5,4,52,948,576,adultos_18+,baja
4,4,55,871,596,adultos_18+,baja
5,4,61,976,559,adultos_18+,baja
4,3,55,944,561,adultos_18+,baja
6,3,64,906,559,adultos_18+,baja
5,4,50,926,584,adultos_18+,baja
6,4,66,790,559,adultos_18+,baja
6,3,52,978,575,adultos_18+,baja
4,4,58,871,416,adultos_18+,baja
4,3,60,785,599,adultos_18+,baja
6,3,53,886,497,adultos_18+,baja
4,3,65,938,500,adultos_18+,baja
6,4,61,937,486,adultos_18+,baja
6,4,64,944,455,adultos_18+,baja
6,3,51,945,548,adultos_18+,baja
5,4,53,858,547,adultos_18+,baja
4,4,58,942,460,adultos_18+,baja
5,3,52,996,513,adultos_18+,baja
6,4,54,928,434,adultos_18+,baja
6,3,50,920,483,adultos_18+,baja
5,3,57,835,430,adultos_18+,baja
4,4,60,997,424,adultos_18+,baja
4,4,55,858,442,adultos_18+,baja
6,3,63,787,497,adultos_18+,baja
6,4,52,871,572,adultos_18+,baja
4,4,58,933,493,adultos_18+,baja
6,3,59,806,511,adultos_18+,baja
6,3,62,972,440,adultos_18+,baja
6,3,66,976,539,adultos_18+,baja
6,3,66,829,450,adultos_18+,baja
6,4,62,881,541,adultos_18+,baja
6,3,64,873,520,adultos_18+,baja
6,3,52,932,561,adultos_18+,baja
6,3,63,888,470,adultos_18+,baja
6,4,55,887,572,adultos_18+,baja
4,3,65,907,506,adultos_18+,baja
4,3,61,900,505,adultos_18+,baja
5,4,62,922,509,adultos_18+,baja
4,3,55,963,432,adultos_18+,baja
6,4,63,881,442,adultos_18+,baja
6,4,51,927,496,adultos_18+,baja
6,4,54,844,494,adultos_18+,baja
4,4,51,940,545,adultos_18+,baja
4,3,50,851,424,adultos_18+,baja
4,4,52,938,429,adultos_18+,baja
6,3,56,879,554,adultos_18+,baja
4,3,66,947,510,adultos_18+,baja
6,3,60,835,506,adultos_18+,baja
6,3,62,838,576,adultos_18+,baja
5,3,65,828,593,adultos_18+,baja
5,4,61,994,411,adultos_18+,baja
4,3,65,921,504,adultos_18+,baja
4,3,50,915,405,adultos_18+,baja
5,4,63,847,461,adultos_18+,baja
4,3,55,873,527,adultos_18+,baja
5,3,52,815,521,adultos_18+,baja
5,4,54,927,433,adultos_18+,baja
6,3,56,982,402,adultos_18+,baja
5,4,62,974,587,adultos_18+,baja
5,4,52,795,538,adultos_18+,baja
6,4,60,887,590,adultos_18+,baja
5,4,64,915,464,adultos_18+,baja
4,3,56,901,565,adultos_18+,baja
4,4,63,863,598,adultos_18+,baja
6,3,58,818,523,adultos_18+,baja
6,3,57,828,548,adultos_18+,baja
6,4,57,878,568,adultos_18+,baja
4,4,60,943,418,adultos_18+,baja
5,3,53,943,489,adultos_18+,baja
6,3,63,939,448,adultos_18+,baja
5,3,59,914,479,adultos_18+,baja
5,4,61,893,512,adultos_18+,baja
6,4,59,807,414,adultos_18+,baja
4,3,51,936,534,adultos_18+,baja
6,4,51,969,516,adultos_18+,baja
5,4,64,925,497,adultos_18+,baja
5,3,56,965,525,adultos_18+,baja
4,3,53,892,590,adultos_18+,baja
5,4,59,953,460,adultos_18+,baja
4,4,65,916,425,adultos_18+,baja
4,4,59,903,572,adultos_18+,baja
5,4,57,861,510,adultos_18+,baja
5,4,59,989,516,adultos_18+,baja
5,4,66,926,457,adultos_18+,baja
5,3,58,939,543,adultos_18+,baja
5,4,50,978,532,adultos_18+,baja
4,3,63,974,595,adultos_18+,baja
6,4,50,881,599,adultos_18+,baja
6,4,54,979,470,adultos_18+,baja
4,3,59,790,564,adultos_18+,baja
6,3,66,950,422,adultos_18+,baja
5,4,66,885,429,adultos_18+,baja
4,4,52,944,594,adultos_18+,baja
5,3,66,918,518,adultos_18+,baja
6,4,63,827,499,adultos_18+,baja
6,3,56,892,505,adultos_18+,baja
6,4,55,795,495,adultos_18+,baja
4,3,64,956,578,adultos_18+,baja
6,3,66,994,404,adultos_18+,baja
6,3,63,922,467,adultos_18+,baja
6,4,57,963,571,adultos_18+,baja
4,4,55,906,489,adultos_18+,baja
5,4,63,815,563,adultos_18+,baja
6,3,52,786,482,adultos_18+,baja
4,3,63,954,534,adultos_18+,baja
4,3,54,986,414,adultos_18+,baja
4,3,57,815,570,adultos_18+,baja
4,3,60,917,497,adultos_18+,baja
6,3,63,785,537,adultos_18+,baja
6,4,56,854,481,adultos_18+,baja
4,3,64,909,546,adultos_18+,baja
4,4,65,863,498,adultos_18+,baja
5,4,66,958,446,adultos_18+,baja
5,3,50,933,533,adultos_18+,baja
4,4,52,846,576,adultos_18+,baja
5,3,53,980,572,adultos_18+,baja
5,4,61,884,598,adultos_18+,baja
4,3,62,807,575,adultos_18+,baja
4,3,52,912,513,adultos_18+,baja
6,4,53,995,552,adultos_18+,baja
5,3,56,858,511,adultos_18+,baja
6,3,62,880,541,adultos_18+,baja
4,3,51,785,562,adultos_18+,baja
5,4,61,975,456,adultos_18+,baja
4,3,50,983,427,adultos_18+,baja
5,4,64,968,448,adultos_18+,baja
6,4,56,851,586,adultos_18+,baja
5,3,57,849,545,adultos_18+,baja
6,3,55,935,438,adultos_18+,baja
5,3,54,975,438,adultos_18+,baja
5,3,63,818,463,adultos_18+,baja
5,3,52,915,469,adultos_18+,baja
4,3,58,832,459,adultos_18+,baja
5,4,53,976,464,adultos_18+,baja
6,3,62,877,403,adultos_18+,baja
5,4,66,812,443,adultos_18+,baja
4,4,65,985,474,adultos_18+,baja
5,4,52,905,542,adultos_18+,baja
4,4,65,947,427,adultos_18+,baja
6,3,64,844,592,adultos_18+,baja
6,3,59,863,590,adultos_18+,baja
6,3,55,890,451,adultos_18+,baja
5,3,63,908,495,adultos_18+,baja
5,4,56,970,486,adultos_18+,baja
5,3,66,883,419,adultos_18+,baja
4,3,66,862,497,adultos_18+,baja
6,3,65,908,514,adultos_18+,baja
6,4,59,993,426,adultos_18+,baja
6,4,62,892,418,adultos_18+,baja
4,3,60,849,457,adultos_18+,baja
5,3,53,949,581,adultos_18+,baja
4,4,66,960,532,adultos_18+,baja
5,4,64,895,442,adultos_18+,baja
4,4,56,800,450,adultos_18+,baja
4,4,63,857,434,adultos_18+,baja
4,3,63,936,531,adultos_18+,baja
4,4,57,941,469,adultos_18+,baja
5,3,53,813,599,adultos_18+,baja
5,4,57,894,402,adultos_18+,baja
6,4,53,882,571,adultos_18+,baja
6,4,50,836,549,adultos_18+,baja
4,4,61,839,554,adultos_18+,baja
4,3,64,796,549,adultos_18+,baja
5,4,57,918,434,adultos_18+,baja
6,4,50,807,422,adultos_18+,baja
5,3,53,821,439,adultos_18+,baja
6,3,62,852,446,adultos_18+,baja
5,4,62,887,409,adultos_18+,baja
4,3,64,895,403,adultos_18+,baja
4,4,52,908,594,adultos_18+,baja
4,3,59,794,405,adultos_18+,baja
5,4,65,912,509,adultos_18+,baja
6,3,54,980,540,adultos_18+,baja
5,3,57,807,438,adultos_18+,baja
6,3,57,814,523,adultos_18+,baja
4,4,58,944,417,adultos_18+,baja
6,3,63,956,474,adultos_18+,baja
4,3,60,875,420,adultos_18+,baja
5,3,59,831,527,adultos_18+,baja
4,4,59,959,422,adultos_18+,baja
4,3,65,930,464,adultos_18+,baja
6,3,64,908,401,adultos_18+,baja
6,3,52,927,470,adultos_18+,baja
5,4,64,866,483,adultos_18+,baja
6,3,66,983,443,adultos_18+,baja
4,4,66,927,553,adultos_18+,baja
4,3,58,890,412,adultos_18+,baja
4,3,50,835,566,adultos_18+,baja
5,4,54,866,405,adultos_18+,baja
6,4,52,932,555,adultos_18+,baja
5,3,64,901,555,adultos_18+,baja
4,4,63,798,496,adultos_18+,baja
4,4,53,872,523,adultos_18+,baja
6,4,66,804,447,adultos_18+,baja
5,4,62,830,565,adultos_18+,baja
4,3,63,904,509,adultos_18+,baja
6,4,59,937,479,adultos_18+,baja
4,4,62,976,583,adultos_18+,baja
6,3,55,980,409,adultos_18+,baja
4,4,66,923,528,adultos_18+,baja
4,3,62,863,415,adultos_18+,baja
4,3,57,993,417,adultos_18+,baja
4,3,61,786,491,adultos_18+,baja
6,3,50,887,514,adultos_18+,baja
5,4,55,884,431,adultos_18+,baja
5,4,60,890,572,adultos_18+,baja
6,4,53,821,465,adultos_18+,baja
4,4,59,801,467,adultos_18+,baja
4,4,62,967,483,adultos_18+,baja
4,4,51,845,481,adultos_18+,baja
5,3,52,970,599,adultos_18+,baja
5,3,61,901,525,adultos_18+,baja
6,4,63,875,461,adultos_18+,baja
6,3,50,952,531,adultos_18+,baja
4,3,66,850,446,adultos_18+,baja
4,3,57,955,511,adultos_18+,baja
6,4,61,953,427,adultos_18+,baja
6,4,60,870,403,adultos_18+,baja
5,3,56,885,576,adultos_18+,baja
6,3,59,929,548,adultos_18+,baja
6,4,55,866,405,adultos_18+,baja
4,4,55,891,450,adultos_18+,baja
5,3,52,960,561,adultos_18+,baja
6,4,61,801,538,adultos_18+,baja
6,3,63,893,506,adultos_18+,baja
5,4,66,784,431,adultos_18+,baja
6,4,61,965,476,adultos_18+,baja
6,3,63,912,529,adultos_18+,baja
6,3,65,811,545,adultos_18+,baja
5,4,64,926,571,adultos_18+,baja
6,4,63,946,512,adultos_18+,baja
4,4,56,810,430,adultos_18+,baja
5,3,51,847,419,adultos_18+,baja
6,4,65,999,512,adultos_18+,baja
4,3,55,961,401,adultos_18+,baja
4,3,51,840,481,adultos_18+,baja
4,4,64,944,428,adultos_18+,baja
4,4,62,904,515,adultos_18+,baja
6,3,62,825,481,adultos_18+,baja
5,4,62,856,593,adultos_18+,baja
4,4,64,837,521,adultos_18+,baja
4,3,51,891,515,adultos_18+,baja
5,4,53,885,402,adultos_18+,baja
4,4,59,821,581,adultos_18+,baja
6,4,61,858,413,adultos_18+,baja
6,4,54,907,467,adultos_18+,baja
5,4,57,896,549,adultos_18+,baja
5,4,59,928,491,adultos_18+,baja
4,4,59,864,434,adultos_18+,baja
4,3,61,874,434,adultos_18+,baja
5,3,62,858,559,adultos_18+,baja
6,4,55,966,572,adultos_18+,baja
4,3,51,907,546,adultos_18+,baja
6,4,59,844,522,adultos_18+,baja
6,3,54,884,550,adultos_18+,baja
4,3,57,940,581,adultos_18+,baja
6,4,51,929,553,adultos_18+,baja
6,3,50,903,483,adultos_18+,baja
6,4,59,910,527,adultos_18+,baja
6,3,55,922,487,adultos_18+,baja
4,4,56,938,447,adultos_18+,baja
5,3,63,883,523,adultos_18+,baja
6,3,66,960,586,adultos_18+,baja
4,3,56,883,477,adultos_18+,baja
5,3,55,959,469,adultos_18+,baja
4,3,65,879,466,adultos_18+,baja
5,3,59,913,461,adultos_18+,baja
4,3,52,952,571,adultos_18+,baja
5,3,60,856,470,adultos_18+,baja
5,4,55,956,583,adultos_18+,baja
4,4,54,923,404,adultos_18+,baja
4,3,66,872,429,adultos_18+,baja
6,4,66,950,464,adultos_18+,baja
6,3,60,850,540,adultos_18+,baja
5,3,57,865,434,adultos_18+,baja
5,4,58,934,520,adultos_18+,baja
6,4,65,892,569,adultos_18+,baja
4,3,58,870,516,adultos_18+,baja
6,3,53,888,577,adultos_18+,baja
6,4,59,825,456,adultos_18+,baja
4,4,56,849,547,adultos_18+,baja
6,4,56,934,420,adultos_18+,baja
5,4,64,958,484,adultos_18+,baja
6,3,57,971,468,adultos_18+,baja
6,3,51,893,486,adultos_18+,baja
6,3,66,939,493,adultos_18+,baja
5,3,61,824,448,adultos_18+,baja
5,4,60,846,548,adultos_18+,baja
6,3,53,834,430,adultos_18+,baja
4,4,63,791,446,adultos_18+,baja
5,3,65,796,570,adultos_18+,baja
4,4,52,940,459,adultos_18+,baja
4,3,53,931,548,adultos_18+,baja
4,4,63,979,441,adultos_18+,baja
4,3,65,878,498,adultos_18+,baja
4,3,56,910,452,adultos_18+,baja
4,4,66,901,424,adultos_18+,baja
5,3,51,863,423,adultos_18+,baja
6,3,59,829,491,adultos_18+,baja
6,3,56,900,561,adultos_18+,baja
4,4,59,832,471,adultos_18+,baja
4,3,66,827,554,adultos_18+,baja
6,4,50,789,431,adultos_18+,baja
4,3,62,819,490,adultos_18+,baja
6,3,66,854,509,adultos_18+,baja
6,3,51,802,571,adultos_18+,baja
5,4,62,801,484,adultos_18+,baja
4,4,58,803,555,adultos_18+,baja
6,3,51,815,551,adultos_18+,baja
5,4,59,806,453,adultos_18+,baja
4,3,56,941,543,adultos_18+,baja
6,4,52,840,510,adultos_18+,baja
6,4,62,864,539,adultos_18+,baja
4,4,65,987,523,adultos_18+,baja
6,3,54,797,411,adultos_18+,baja
6,4,57,888,513,adultos_18+,baja
5,4,52,812,431,adultos_18+,baja
6,4,55,841,430,adultos_18+,baja
4,3,55,944,501,adultos_18+,baja
4,3,54,911,497,adultos_18+,baja
4,4,50,930,448,adultos_18+,baja
5,3,53,943,438,adultos_18+,baja
6,3,61,969,470,adultos_18+,baja
6,4,60,901,540,adultos_18+,baja
4,4,64,914,580,adultos_18+,baja
4,4,53,989,466,adultos_18+,baja
4,4,61,914,470,adultos_18+,baja
4,3,66,946,552,adultos_18+,baja
5,3,62,786,518,adultos_18+,baja
5,3,57,869,549,adultos_18+,baja
6,4,64,861,401,adultos_18+,baja
4,4,59,793,458,adultos_18+,baja
4,4,66,992,459,adultos_18+,baja
6,3,59,829,475,adultos_18+,baja
6,3,57,887,409,adultos_18+,baja
6,3,64,966,587,adultos_18+,baja
5,4,56,888,590,adultos_18+,baja
5,4,53,985,470,adultos_18+,baja
5,4,61,786,589,adultos_18+,baja
5,3,56,914,547,adultos_18+,baja
4,4,50,876,453,adultos_18+,baja
6,4,55,899,407,adultos_18+,baja
4,4,52,838,595,adultos_18+,baja
4,3,61,863,558,adultos_18+,baja
4,4,64,832,439,adultos_18+,baja
6,4,65,932,451,adultos_18+,baja
5,4,56,844,481,adultos_18+,baja
5,4,50,818,576,adultos_18+,baja
6,3,59,785,536,adultos_18+,baja
5,3,57,867,589,adultos_18+,baja
5,3,59,851,413,adultos_18+,baja
6,3,54,810,494,adultos_18+,baja
6,4,57,814,416,adultos_18+,baja
4,4,55,827,528,adultos_18+,baja
5,3,53,868,594,adultos_18+,baja
5,4,65,897,572,adultos_18+,baja
4,4,59,837,537,adultos_18+,baja
4,3,54,811,414,adultos_18+,baja
6,4,59,994,419,adultos_18+,baja
5,3,56,1000,437,adultos_18+,baja
6,3,51,947,470,adultos_18+,baja
5,3,56,821,423,adultos_18+,baja
6,3,55,817,582,adultos_18+,baja
4,3,54,875,517,adultos_18+,baja
5,3,64,946,463,adultos_18+,baja
6,4,53,790,415,adultos_18+,baja
6,3,50,958,459,adultos_18+,baja
4,4,65,910,509,adultos_18+,baja
5,3,64,867,506,adultos_18+,baja
4,4,55,848,550,adultos_18+,baja
5,4,64,802,468,adultos_18+,baja
5,3,57,841,556,adultos_18+,baja
5,4,55,891,428,adultos_18+,baja
6,4,58,915,442,adultos_18+,baja
6,4,65,837,460,adultos_18+,baja
4,4,50,909,581,adultos_18+,baja
6,3,51,996,534,adultos_18+,baja
5,3,57,940,470,adultos_18+,baja
4,3,61,839,579,adultos_18+,baja
6,3,59,900,410,adultos_18+,baja
4,3,51,816,548,adultos_18+,baja
6,4,51,946,472,adultos_18+,baja
4,4,53,940,439,adultos_18+,baja
5,3,56,986,401,adultos_18+,baja
5,3,54,888,512,adultos_18+,baja
6,4,59,991,458,adultos_18+,baja
5,4,54,810,416,adultos_18+,baja
4,3,61,979,543,adultos_18+,baja
4,3,66,873,593,adultos_18+,baja
6,3,64,893,459,adultos_18+,baja
6,4,60,931,470,adultos_18+,baja
5,4,60,908,459,adultos_18+,baja
6,4,59,901,507,adultos_18+,baja
4,4,56,892,585,adultos_18+,baja
4,4,61,927,416,adultos_18+,baja
5,3,61,842,597,adultos_18+,baja
4,4,62,853,558,adultos_18+,baja
6,3,53,876,495,adultos_18+,baja
4,3,52,813,558,adultos_18+,baja
4,4,65,814,435,adultos_18+,baja
4,4,58,930,476,adultos_18+,baja
4,4,66,969,577,adultos_18+,baja
5,3,56,938,535,adultos_18+,baja
6,4,59,869,596,adultos_18+,baja
5,4,54,934,541,adultos_18+,baja
5,4,55,991,582,adultos_18+,baja
5,3,55,864,586,adultos_18+,baja
4,3,55,862,500,adultos_18+,baja
5,3,53,899,532,adultos_18+,baja
5,3,53,870,471,adultos_18+,baja
4,4,66,983,427,adultos_18+,baja
6,4,50,823,502,adultos_18+,baja
4,3,57,803,524,adultos_18+,baja
5,4,50,828,558,adultos_18+,baja
5,3,55,936,536,adultos_18+,baja
5,4,53,893,599,adultos_18+,baja
6,4,62,865,461,adultos_18+,baja
5,3,66,943,596,adultos_18+,baja
6,3,63,868,467,adultos_18+,baja
5,3,55,910,557,adultos_18+,baja
6,3,53,940,597,adultos_18+,baja
5,3,58,884,555,adultos_18+,baja
6,4,61,947,579,adultos_18+,baja
4,4,63,919,485,adultos_18+,baja
4,4,59,1000,562,adultos_18+,baja
4,3,60,986,429,adultos_18+,baja
6,3,50,840,578,adultos_18+,baja
5,3,54,852,408,adultos_18+,baja
6,4,62,893,579,adultos_18+,baja
4,4,55,942,523,adultos_18+,baja
6,3,51,947,488,adultos_18+,baja
5,4,59,973,432,adultos_18+,baja
5,3,50,877,588,adultos_18+,baja
4,4,65,797,463,adultos_18+,baja
4,3,60,861,410,adultos_18+,baja
4,3,51,932,448,adultos_18+,baja
6,3,58,983,483,adultos_18+,baja
6,3,55,848,465,adultos_18+,baja
5,3,53,872,556,adultos_18+,baja
5,4,60,796,495,adultos_18+,baja
4,3,50,858,465,adultos_18+,baja
6,3,66,983,570,adultos_18+,baja
4,3,55,917,520,adultos_18+,baja
4,3,57,884,589,adultos_18+,baja
4,4,60,887,479,adultos_18+,baja
5,4,57,978,554,adultos_18+,baja
5,3,60,889,566,adultos_18+,baja
4,4,55,925,536,adultos_18+,baja
6,3,65,946,489,adultos_18+,baja
5,4,61,984,547,adultos_18+,baja
5,4,66,971,549,adultos_18+,baja
5,3,55,986,436,adultos_18+,baja
6,3,51,802,528,adultos_18+,baja
4,3,55,996,543,adultos_18+,baja
4,4,53,872,560,adultos_18+,baja
4,4,55,789,431,adultos_18+,baja
4,3,64,920,575,adultos_18+,baja
5,3,51,894,472,adultos_18+,baja
5,3,57,877,415,adultos_18+,baja
5,4,52,816,457,adultos_18+,baja
4,4,63,805,463,adultos_18+,baja
5,4,58,920,500,adultos_18+,baja
4,3,53,831,431,adultos_18+,baja
6,3,63,966,555,adultos_18+,baja
6,4,57,955,597,adultos_18+,baja
4,3,65,923,567,adultos_18+,baja
4,3,66,879,468,adultos_18+,baja
5,3,55,986,421,adultos_18+,baja
5,3,59,981,523,adultos_18+,baja
6,4,60,846,520,adultos_18+,baja
6,3,51,984,522,adultos_18+,baja
6,3,66,800,564,adultos_18+,baja
5,4,60,862,453,adultos_18+,baja
4,3,60,837,523,adultos_18+,baja
4,3,59,936,566,adultos_18+,baja
6,3,64,887,486,adultos_18+,baja
4,4,58,919,566,adultos_18+,baja
6,4,56,785,486,adultos_18+,baja
6,3,61,958,482,adultos_18+,baja
4,3,60,892,474,adultos_18+,baja
4,4,58,936,483,adultos_18+,baja
5,3,64,886,402,adultos_18+,baja
6,3,53,906,445,adultos_18+,baja
4,3,66,975,515,adultos_18+,baja
4,3,61,999,589,adultos_18+,baja
6,3,52,976,408,adultos_18+,baja
4,4,65,880,541,adultos_18+,baja
6,4,59,984,512,adultos_18+,baja
5,4,57,884,568,adultos_18+,baja
4,4,53,910,566,adultos_18+,baja
4,4,54,998,586,adultos_18+,baja
4,4,55,886,581,adultos_18+,baja
4,4,58,816,595,adultos_18+,baja
6,3,55,964,414,adultos_18+,baja
5,4,58,882,540,adultos_18+,baja
5,3,53,943,423,adultos_18+,baja
4,4,57,852,574,adultos_18+,baja
4,4,62,881,598,adultos_18+,baja
6,4,63,940,444,adultos_18+,baja
4,4,54,945,567,adultos_18+,baja
4,4,64,988,465,adultos_18+,baja
5,4,57,813,453,adultos_18+,baja
5,4,58,952,469,adultos_18+,baja
4,3,51,803,577,adultos_18+,baja
5,3,57,930,480,adultos_18+,baja
6,3,55,941,486,adultos_18+,baja
6,3,61,971,417,adultos_18+,baja
4,3,58,991,431,adultos_18+,baja
5,4,52,904,566,adultos_18+,baja
6,4,54,984,569,adultos_18+,baja
6,3,66,878,534,adultos_18+,baja
5,3,65,817,581,adultos_18+,baja
5,3,51,801,588,adultos_18+,baja
4,3,65,966,404,adultos_18+,baja
6,4,64,983,431,adultos_18+,baja
4,3,53,923,408,adultos_18+,baja
6,4,56,877,569,adultos_18+,baja
4,4,57,899,583,adultos_18+,baja
4,4,55,805,590,adultos_18+,baja
4,4,60,852,445,adultos_18+,baja
5,3,63,988,553,adultos_18+,baja
6,4,51,841,535,adultos_18+,baja
6,4,58,930,589,adultos_18+,baja
4,4,54,861,546,adultos_18+,baja
4,4,57,813,421,adultos_18+,baja
5,3,53,875,558,adultos_18+,baja
6,4,55,989,441,adultos_18+,baja
4,3,58,864,403,adultos_18+,baja
5,3,57,840,434,adultos_18+,baja
6,4,56,882,535,adultos_18+,baja
6,3,62,931,533,adultos_18+,baja
4,3,50,806,524,adultos_18+,baja
4,3,64,983,491,adultos_18+,baja
4,3,55,906,422,adultos_18+,baja
6,4,58,836,577,adultos_18+,baja
6,3,53,864,562,adultos_18+,baja
4,3,51,801,413,adultos_18+,baja
6,4,63,956,518,adultos_18+,baja
6,3,59,847,463,adultos_18+,baja
6,3,52,857,433,adultos_18+,baja
5,3,61,996,527,adultos_18+,baja
5,4,59,822,575,adultos_18+,baja
4,3,61,976,549,adultos_18+,baja
4,3,54,873,462,adultos_18+,baja
4,4,51,891,408,adultos_18+,baja
4,3,61,912,577,adultos_18+,baja
6,4,59,791,469,adultos_18+,baja
4,4,65,869,533,adultos_18+,baja
4,4,51,899,443,adultos_18+,baja
6,3,55,985,418,adultos_18+,baja
5,3,55,929,515,adultos_18+,baja
6,4,51,819,444,adultos_18+,baja
5,3,51,798,437,adultos_18+,baja
6,4,64,814,572,adultos_18+,baja
4,3,58,825,538,adultos_18+,baja
5,3,57,802,523,adultos_18+,baja
6,4,60,874,440,adultos_18+,baja
4,3,64,853,502,adultos_18+,baja
6,3,57,792,453,adultos_18+,baja
6,3,66,924,537,adultos_18+,baja
5,3,61,815,567,adultos_18+,baja
4,3,63,963,545,adultos_18+,baja
4,3,66,889,550,adultos_18+,baja
6,4,60,859,590,adultos_18+,baja
4,3,54,810,598,adultos_18+,baja
5,3,65,925,457,adultos_18+,baja
6,4,52,802,529,adultos_18+,baja
6,4,59,864,421,adultos_18+,baja
4,3,66,800,597,adultos_18+,baja
6,3,56,882,566,adultos_18+,baja
4,4,56,900,454,adultos_18+,baja
6,4,52,877,433,adultos_18+,baja
4,4,66,842,577,adultos_18+,baja
5,4,56,885,589,adultos_18+,baja
4,3,53,887,435,adultos_18+,baja
5,4,57,811,539,adultos_18+,baja
6,4,63,942,423,adultos_18+,baja
5,3,61,972,411,adultos_18+,baja
5,4,66,930,403,adultos_18+,baja
4,3,64,963,536,adultos_18+,baja
6,4,63,820,505,adultos_18+,baja
4,4,60,911,520,adultos_18+,baja
4,3,61,812,587,adultos_18+,baja
6,3,53,975,450,adultos_18+,baja
6,3,52,824,400,adultos_18+,baja
6,4,61,787,480,adultos_18+,baja
5,3,57,872,491,adultos_18+,baja
5,4,56,975,592,adultos_18+,baja
6,4,63,848,414,adultos_18+,baja
4,3,60,844,461,adultos_18+,baja
6,3,54,868,432,adultos_18+,baja
4,4,54,959,413,adultos_18+,baja
4,4,62,859,518,adultos_18+,baja
6,3,63,889,569,adultos_18+,baja
4,3,56,868,521,adultos_18+,baja
4,4,61,901,500,adultos_18+,baja
5,3,59,884,593,adultos_18+,baja
6,3,55,852,471,adultos_18+,baja
6,4,64,846,575,adultos_18+,baja
6,3,59,798,503,adultos_18+,baja
6,3,64,908,587,adultos_18+,baja
5,4,52,832,478,adultos_18+,baja
5,4,50,790,587,adultos_18+,baja
4,4,64,812,427,adultos_18+,baja
6,3,54,901,436,adultos_18+,baja
4,3,66,848,537,adultos_18+,baja
6,3,54,785,508,adultos_18+,baja
6,4,51,891,425,adultos_18+,baja
5,3,66,848,580,adultos_18+,baja
6,4,66,974,542,adultos_18+,baja
6,3,55,953,430,adultos_18+,baja
5,3,63,784,496,adultos_18+,baja
4,4,51,876,435,adultos_18+,baja
4,4,54,968,481,adultos_18+,baja
5,4,55,850,406,adultos_18+,baja
4,4,53,906,408,adultos_18+,baja
4,3,65,823,534,adultos_18+,baja
5,4,63,795,400,adultos_18+,baja
6,3,59,822,580,adultos_18+,baja
4,4,57,993,506,adultos_18+,baja
5,3,63,966,580,adultos_18+,baja
5,4,57,985,515,adultos_18+,baja
4,4,56,984,457,adultos_18+,baja
6,3,66,826,517,adultos_18+,baja
4,4,65,796,476,adultos_18+,baja
4,3,54,894,470,adultos_18+,baja
6,3,51,904,599,adultos_18+,baja
5,4,61,902,504,adultos_18+,baja
6,3,60,997,469,adultos_18+,baja
4,4,60,922,584,adultos_18+,baja
6,4,61,850,593,adultos_18+,baja
4,3,66,935,510,adultos_18+,baja
6,4,64,997,523,adultos_18+,baja
4,4,63,957,420,adultos_18+,baja
5,3,66,983,526,adultos_18+,baja
5,4,62,934,579,adultos_18+,baja
5,4,63,790,430,adultos_18+,baja
6,4,58,923,483,adultos_18+,baja
6,3,62,953,595,adultos_18+,baja
6,4,56,819,508,adultos_18+,baja
5,3,66,799,407,adultos_18+,baja
4,4,64,822,489,adultos_18+,baja
6,4,61,877,555,adultos_18+,baja
4,3,59,922,465,adultos_18+,baja
5,4,54,911,555,adultos_18+,baja
5,3,61,952,501,adultos_18+,baja
4,3,58,907,522,adultos_18+,baja
6,3,58,940,414,adultos_18+,baja
5,3,55,885,502,adultos_18+,baja
6,3,63,878,405,adultos_18+,baja
4,4,54,877,572,adultos_18+,baja
5,3,57,890,478,adultos_18+,baja
5,3,55,959,512,adultos_18+,baja
6,3,57,919,528,adultos_18+,baja
4,3,53,890,437,adultos_18+,baja
4,3,52,896,462,adultos_18+,baja
6,3,66,927,505,adultos_18+,baja
6,3,64,819,583,adultos_18+,baja
5,4,56,996,506,adultos_18+,baja
5,3,57,912,507,adultos_18+,baja
5,3,66,964,574,adultos_18+,baja
6,4,57,954,404,adultos_18+,baja
6,3,52,852,513,adultos_18+,baja
4,4,52,953,428,adultos_18+,baja
5,4,50,822,596,adultos_18+,baja
4,4,53,947,498,adultos_18+,baja
4,3,61,789,546,adultos_18+,baja
6,3,60,808,566,adultos_18+,baja
6,4,50,971,400,adultos_18+,baja
4,4,63,972,590,adultos_18+,baja
5,3,65,880,574,adultos_18+,baja
6,3,52,959,476,adultos_18+,baja
5,3,58,835,482,adultos_18+,baja
6,4,60,833,480,adultos_18+,baja
5,3,63,955,595,adultos_18+,baja
5,3,53,882,401,adultos_18+,baja
5,3,50,979,503,adultos_18+,baja
4,4,61,891,422,adultos_18+,baja
6,3,51,916,566,adultos_18+,baja
6,4,64,915,517,adultos_18+,baja
6,4,53,998,595,adultos_18+,baja
4,4,53,927,489,adultos_18+,baja
4,3,59,885,413,adultos_18+,baja
4,4,66,990,432,adultos_18+,baja
4,3,63,899,523,adultos_18+,baja
5,4,61,899,408,adultos_18+,baja
6,3,65,791,538,adultos_18+,baja
6,4,57,813,533,adultos_18+,baja
4,3,55,945,530,adultos_18+,baja
5,4,58,815,563,adultos_18+,baja
5,4,55,791,489,adultos_18+,baja
4,3,57,987,534,adultos_18+,baja
4,3,57,858,504,adultos_18+,baja
4,3,62,818,511,adultos_18+,baja
5,4,51,875,493,adultos_18+,baja
6,4,53,986,507,adultos_18+,baja
5,4,60,898,557,adultos_18+,baja
6,4,60,934,509,adultos_18+,baja
4,4,64,850,439,adultos_18+,baja
4,4,55,878,473,adultos_18+,baja
5,3,59,935,491,adultos_18+,baja
6,3,60,821,510,adultos_18+,baja
5,4,65,842,500,adultos_18+,baja
5,4,63,982,535,adultos_18+,baja
5,3,63,833,587,adultos_18+,baja
5,3,52,992,465,adultos_18+,baja
4,4,54,953,495,adultos_18+,baja
6,3,59,987,497,adultos_18+,baja
4,3,58,912,570,adultos_18+,baja
5,3,61,836,503,adultos_18+,baja
5,3,51,853,403,adultos_18+,baja
4,4,58,909,458,adultos_18+,baja
6,3,53,793,410,adultos_18+,baja
6,4,62,833,519,adultos_18+,baja
4,4,65,920,458,adultos_18+,baja
6,4,61,957,476,adultos_18+,baja
6,4,57,830,502,adultos_18+,baja
6,4,65,926,429,adultos_18+,baja
4,3,53,973,548,adultos_18+,baja
4,4,56,859,423,adultos_18+,baja
6,4,66,917,489,adultos_18+,baja
4,4,53,805,514,adultos_18+,baja
6,4,57,808,475,adultos_18+,baja
6,4,64,878,560,adultos_18+,baja
5,4,60,883,597,adultos_18+,baja
5,4,66,820,588,adultos_18+,baja
4,3,56,832,431,adultos_18+,baja
4,3,60,994,558,adultos_18+,baja
5,4,53,989,594,adultos_18+,baja
6,3,65,810,591,adultos_18+,baja
6,4,60,826,540,adultos_18+,baja
5,3,57,914,481,adultos_18+,baja
5,4,63,840,540,adultos_18+,baja
6,3,63,962,584,adultos_18+,baja
6,3,60,831,434,adultos_18+,baja
4,3,63,943,477,adultos_18+,baja
6,4,51,873,540,adultos_18+,baja
5,4,58,882,521,adultos_18+,baja
4,4,56,878,405,adultos_18+,baja
5,3,64,801,415,adultos_18+,baja
4,3,53,947,513,adultos_18+,baja
6,3,58,817,560,adultos_18+,baja
4,4,64,866,401,adultos_18+,baja
5,3,54,850,520,adultos_18+,baja
6,4,51,984,446,adultos_18+,baja
6,4,56,922,497,adultos_18+,baja
4,3,65,999,515,adultos_18+,baja
5,4,64,936,540,adultos_18+,baja
4,3,57,910,597,adultos_18+,baja
4,4,64,959,420,adultos_18+,baja
6,3,56,968,526,adultos_18+,baja
5,4,61,860,497,adultos_18+,baja
4,4,55,884,596,adultos_18+,baja
6,4,58,789,411,adultos_18+,baja
4,3,63,872,570,adultos_18+,baja
5,4,53,954,474,adultos_18+,baja
5,4,52,970,433,adultos_18+,baja
4,3,66,887,467,adultos_18+,baja
5,3,57,865,424,adultos_18+,baja
4,3,53,968,471,adultos_18+,baja
5,3,52,809,475,adultos_18+,baja
4,4,54,992,438,adultos_18+,baja
5,3,50,953,466,adultos_18+,baja
5,4,55,824,545,adultos_18+,baja
4,3,61,850,472,adultos_18+,baja
6,4,58,939,528,adultos_18+,baja
5,4,55,900,448,adultos_18+,baja
5,3,54,932,505,adultos_18+,baja
6,4,56,997,474,adultos_18+,baja
6,4,66,939,491,adultos_18+,baja
4,4,58,951,469,adultos_18+,baja
4,3,56,943,579,adultos_18+,baja
5,3,58,910,573,adultos_18+,baja
4,3,57,917,591,adultos_18+,baja
4,3,64,991,512,adultos_18+,baja
5,4,53,966,554,adultos_18+,baja
4,3,56,907,532,adultos_18+,baja
5,3,51,908,484,adultos_18+,baja
4,3,52,968,488,adultos_18+,baja
4,3,64,930,578,adultos_18+,baja
5,4,65,855,464,adultos_18+,baja
4,3,53,942,521,adultos_18+,baja
4,3,61,848,567,adultos_18+,baja
5,3,52,994,584,adultos_18+,baja
4,4,62,882,506,adultos_18+,baja
4,4,56,912,522,adultos_18+,baja
4,4,65,995,580,adultos_18+,baja
4,4,58,919,412,adultos_18+,baja
5,4,60,952,558,adultos_18+,baja
4,4,62,990,570,adultos_18+,baja
5,4,63,920,563,adultos_18+,baja
6,4,61,882,423,adultos_18+,baja
5,4,56,843,451,adultos_18+,baja
5,3,58,861,421,adultos_18+,baja
6,4,54,895,506,adultos_18+,baja
4,4,59,805,540,adultos_18+,baja
6,4,53,831,401,adultos_18+,baja
4,4,65,794,569,adultos_18+,baja
4,3,53,925,559,adultos_18+,baja
6,3,55,856,443,adultos_18+,baja
6,4,56,848,521,adultos_18+,baja
4,3,50,992,525,adultos_18+,baja
5,3,50,935,560,adultos_18+,baja
5,4,61,862,515,adultos_18+,baja
6,3,58,907,582,adultos_18+,baja
4,4,66,894,592,adultos_18+,baja
6,3,52,834,517,adultos_18+,baja
4,4,57,899,574,adultos_18+,baja
5,3,60,898,572,adultos_18+,baja
6,3,54,833,445,adultos_18+,baja
5,3,61,976,401,adultos_18+,baja
4,4,53,825,575,adultos_18+,baja
4,3,51,839,580,adultos_18+,baja
5,4,61,900,421,adultos_18+,baja
5,4,56,957,423,adultos_18+,baja
6,4,56,913,460,adultos_18+,baja
6,4,51,785,577,adultos_18+,baja
4,3,63,890,516,adultos_18+,baja
5,4,58,937,519,adultos_18+,baja
4,3,63,784,439,adultos_18+,baja
4,3,60,987,543,adultos_18+,baja
6,3,59,905,592,adultos_18+,baja
4,3,64,818,461,adultos_18+,baja
5,3,59,921,582,adultos_18+,baja
5,4,50,838,434,adultos_18+,baja
5,4,54,785,414,adultos_18+,baja
6,3,65,908,450,adultos_18+,baja
5,4,52,937,541,adultos_18+,baja
5,4,51,996,427,adultos_18+,baja
5,3,53,868,531,adultos_18+,baja
4,3,52,994,476,adultos_18+,baja
5,3,52,818,441,adultos_18+,baja
6,3,56,848,512,adultos_18+,baja
6,3,66,926,540,adultos_18+,baja
6,3,61,801,554,adultos_18+,baja
5,4,52,795,432,adultos_18+,baja
6,4,64,893,529,adultos_18+,baja
4,4,63,968,594,adultos_18+,baja
4,3,54,882,534,adultos_18+,baja
6,3,51,950,493,adultos_18+,baja
6,3,60,923,449,adultos_18+,baja
6,4,61,891,428,adultos_18+,baja
5,3,56,999,482,adultos_18+,baja
5,4,61,842,501,adultos_18+,baja
5,4,60,855,459,adultos_18+,baja
5,4,66,800,592,adultos_18+,baja
5,3,50,846,482,adultos_18+,baja
6,4,57,926,442,adultos_18+,baja
4,4,61,958,413,adultos_18+,baja
4,3,50,973,451,adultos_18+,baja
4,3,58,810,494,adultos_18+,baja
4,4,52,829,469,adultos_18+,baja
4,3,64,807,466,adultos_18+,baja
5,4,50,966,451,adultos_18+,baja
5,4,56,920,550,adultos_18+,baja
4,4,58,846,511,adultos_18+,baja
5,3,66,960,512,adultos_18+,baja
4,4,54,847,482,adultos_18+,baja
4,4,51,922,485,adultos_18+,baja
4,3,50,928,442,adultos_18+,baja
6,4,64,967,460,adultos_18+,baja
6,4,62,889,589,adultos_18+,baja
4,3,63,799,589,adultos_18+,baja
4,4,52,839,539,adultos_18+,baja
4,4,64,839,579,adultos_18+,baja
4,3,65,798,504,adultos_18+,baja
4,3,66,836,557,adultos_18+,baja
5,4,59,908,530,adultos_18+,baja
4,3,65,994,451,adultos_18+,baja
5,4,52,933,489,adultos_18+,baja
5,4,51,993,530,adultos_18+,baja
6,4,63,856,496,adultos_18+,baja
7,1,82,603,647,adultos_18+,media
7,1,73,681,724,adultos_18+,media
6,2,77,621,747,adultos_18+,media
7,2,67,671,647,adultos_18+,media
7,1,78,597,756,adultos_18+,media
7,1,73,756,662,adultos_18+,media
8,3,76,709,624,adultos_18+,media
7,1,81,589,665,adultos_18+,media
6,1,67,609,683,adultos_18+,media
6,2,74,630,767,adultos_18+,media
6,1,68,743,723,adultos_18+,media
8,1,76,754,729,adultos_18+,media
8,2,81,609,799,adultos_18+,media
8,2,81,569,729,adultos_18+,media
6,2,82,733,768,adultos_18+,media
8,2,75,784,635,adultos_18+,media
7,2,68,667,709,adultos_18+,media
7,2,71,682,649,adultos_18+,media
7,2,73,589,661,adultos_18+,media
8,2,66,746,633,adultos_18+,media
8,2,78,601,618,adultos_18+,media
8,2,81,630,762,adultos_18+,media
7,1,77,729,666,adultos_18+,media
8,3,68,661,772,adultos_18+,media
6,1,80,665,634,adultos_18+,media
7,1,68,647,701,adultos_18+,media
6,2,74,714,700,adultos_18+,media
7,1,74,585,793,adultos_18+,media
8,2,73,674,768,adultos_18+,media
7,3,78,677,782,adultos_18+,media
8,1,71,598,683,adultos_18+,media
8,3,66,646,728,adultos_18+,media
6,3,71,671,796,adultos_18+,media
7,1,80,602,740,adultos_18+,media
7,1,82,770,766,adultos_18+,media
6,2,72,601,775,adultos_18+,media
7,1,69,646,785,adultos_18+,media
7,2,74,638,633,adultos_18+,media
8,3,72,668,667,adultos_18+,media
6,1,76,783,777,adultos_18+,media
8,3,78,741,685,adultos_18+,media
6,1,82,717,672,adultos_18+,media
6,3,68,680,625,adultos_18+,media
7,3,78,721,619,adultos_18+,media
7,2,81,756,749,adultos_18+,media
6,2,68,631,660,adultos_18+,media
8,3,73,618,667,adultos_18+,media
6,3,75,674,646,adultos_18+,media
8,3,75,709,640,adultos_18+,media
8,1,78,727,698,adultos_18+,media
8,1,79,677,645,adultos_18+,media
8,3,75,723,602,adultos_18+,media
8,3,74,607,729,adultos_18+,media
6,2,81,631,783,adultos_18+,media
7,3,74,630,686,adultos_18+,media
6,3,71,684,739,adultos_18+,media
6,3,68,743,713,adultos_18+,media
6,2,82,618,658,adultos_18+,media
8,3,69,729,620,adultos_18+,media
8,1,74,740,703,adultos_18+,media
6,1,75,623,758,adultos_18+,media
7,1,75,784,646,adultos_18+,media
7,1,77,764,774,adultos_18+,media
6,1,80,775,733,adultos_18+,media
8,2,68,776,613,adultos_18+,media
8,1,68,613,640,adultos_18+,media
7,3,79,681,687,adultos_18+,media
7,2,79,760,774,adultos_18+,media
7,2,70,702,600,adultos_18+,media
8,2,75,649,641,adultos_18+,media
7,2,80,598,600,adultos_18+,media
6,3,81,661,726,adultos_18+,media
7,2,73,597,764,adultos_18+,media
6,2,82,607,675,adultos_18+,media
7,3,78,775,641,adultos_18+,media
7,1,68,748,790,adultos_18+,media
6,3,77,657,615,adultos_18+,media
6,3,82,724,768,adultos_18+,media
6,1,74,746,695,adultos_18+,media
8,1,73,620,601,adultos_18+,media
6,1,81,744,639,adultos_18+,media
8,3,78,663,720,adultos_18+,media
8,2,80,605,758,adultos_18+,media
7,3,71,710,614,adultos_18+,media
6,2,79,614,634,adultos_18+,media
6,2,79,642,647,adultos_18+,media
7,1,81,752,603,adultos_18+,media
8,1,73,622,787,adultos_18+,media
7,1,66,735,715,adultos_18+,media
7,3,81,642,793,adultos_18+,media
8,3,81,747,665,adultos_18+,media
8,2,80,735,671,adultos_18+,media
8,2,73,704,678,adultos_18+,media
8,2,76,582,787,adultos_18+,media
7,3,80,590,764,adultos_18+,media
7,2,81,723,695,adultos_18+,media
8,2,79,784,778,adultos_18+,media
8,3,81,750,764,adultos_18+,media
6,3,73,579,771,adultos_18+,media
8,3,79,673,744,adultos_18+,media
7,3,68,598,767,adultos_18+,media
7,2,78,747,636,adultos_18+,media
8,1,69,627,659,adultos_18+,media
7,1,80,779,662,adultos_18+,media
7,3,70,760,621,adultos_18+,media
7,3,71,774,785,adultos_18+,media
6,1,69,703,657,adultos_18+,media
8,2,70,769,611,adultos_18+,media
6,1,76,578,602,adultos_18+,media
6,3,73,656,795,adultos_18+,media
7,3,67,608,709,adultos_18+,media
7,2,74,610,637,adultos_18+,media
6,2,70,738,711,adultos_18+,media
6,1,81,648,686,adultos_18+,media
8,3,81,588,699,adultos_18+,media
8,2,73,603,738,adultos_18+,media
6,2,79,743,600,adultos_18+,media
8,1,75,587,618,adultos_18+,media
7,2,69,667,748,adultos_18+,media
6,3,79,623,726,adultos_18+,media
6,3,71,653,732,adultos_18+,media
6,3,80,592,731,adultos_18+,media
7,3,73,573,745,adultos_18+,media
7,1,73,639,626,adultos_18+,media
7,1,66,626,765,adultos_18+,media
7,2,81,676,790,adultos_18+,media
6,1,67,717,749,adultos_18+,media
6,2,67,741,708,adultos_18+,media
8,3,72,629,609,adultos_18+,media
8,2,74,681,756,adultos_18+,media
8,3,74,580,704,adultos_18+,media
8,1,66,777,670,adultos_18+,media
7,3,70,677,713,adultos_18+,media
7,2,77,669,764,adultos_18+,media
7,1,79,637,693,adultos_18+,media
8,1,80,639,717,adultos_18+,media
6,2,68,636,711,adultos_18+,media
7,2,75,694,670,adultos_18+,media
6,1,80,679,737,adultos_18+,media
8,3,78,642,691,adultos_18+,media
8,2,73,767,627,adultos_18+,media
8,3,70,749,667,adultos_18+,media
7,2,81,774,623,adultos_18+,media
8,3,72,597,767,adultos_18+,media
6,1,80,720,706,adultos_18+,media
7,3,75,728,690,adultos_18+,media
7,3,81,623,754,adultos_18+,media
7,2,70,782,778,adultos_18+,media
8,1,71,574,600,adultos_18+,media
6,3,71,631,613,adultos_18+,media
6,3,75,720,773,adultos_18+,media
8,1,80,752,630,adultos_18+,media
6,1,69,619,747,adultos_18+,media
6,1,80,656,692,adultos_18+,media
6,1,78,771,729,adultos_18+,media
8,2,82,689,656,adultos_18+,media
8,2,66,742,690,adultos_18+,media
7,2,77,688,738,adultos_18+,media
6,3,68,722,766,adultos_18+,media
8,2,82,620,689,adultos_18+,media
8,1,70,576,753,adultos_18+,media
8,1,69,748,625,adultos_18+,media
7,2,66,740,703,adultos_18+,media
6,2,80,571,709,adultos_18+,media
6,2,76,759,632,adultos_18+,media
7,2,72,762,655,adultos_18+,media
6,2,66,566,650,adultos_18+,media
8,1,67,633,733,adultos_18+,media
8,1,76,652,616,adultos_18+,media
7,3,71,625,601,adultos_18+,media
6,2,68,680,662,adultos_18+,media
8,1,66,661,751,adultos_18+,media
6,3,70,587,658,adultos_18+,media
7,1,73,723,662,adultos_18+,media
7,3,79,710,662,adultos_18+,media
7,2,75,758,755,adultos_18+,media
7,1,69,752,605,adultos_18+,media
8,3,67,582,746,adultos_18+,media
6,2,75,569,684,adultos_18+,media
7,3,82,581,789,adultos_18+,media
8,3,78,698,708,adultos_18+,media
6,1,79,582,747,adultos_18+,media
7,3,79,616,793,adultos_18+,media
8,2,79,600,721,adultos_18+,media
7,1,74,737,717,adultos_18+,media
7,1,80,626,770,adultos_18+,media
8,1,69,687,695,adultos_18+,media
6,1,74,721,676,adultos_18+,media
7,1,80,736,618,adultos_18+,media
6,3,67,723,683,adultos_18+,media
7,1,82,772,747,adultos_18+,media
7,1,76,716,794,adultos_18+,media
8,3,67,584,695,adultos_18+,media
6,1,72,592,771,adultos_18+,media
8,2,80,569,775,adultos_18+,media
6,2,75,683,619,adultos_18+,media
6,2,68,685,739,adultos_18+,media
7,1,78,609,670,adultos_18+,media
8,3,80,575,751,adultos_18+,media
8,2,74,584,650,adultos_18+,media
7,2,74,614,668,adultos_18+,media
8,1,76,620,600,adultos_18+,media
6,2,80,566,755,adultos_18+,media
8,3,68,783,695,adultos_18+,media
8,1,72,636,632,adultos_18+,media
6,2,74,639,687,adultos_18+,media
6,2,74,706,601,adultos_18+,media
7,2,70,761,623,adultos_18+,media
7,3,79,571,728,adultos_18+,media
6,3,73,625,662,adultos_18+,media
8,2,76,627,790,adultos_18+,media
8,1,66,659,794,adultos_18+,media
6,2,69,589,612,adultos_18+,media
8,3,77,772,782,adultos_18+,media
6,2,79,667,637,adultos_18+,media
7,1,77,632,623,adultos_18+,media
8,1,72,607,604,adultos_18+,media
8,2,71,727,669,adultos_18+,media
8,2,82,610,711,adultos_18+,media
7,3,73,781,741,adultos_18+,media
6,3,76,703,695,adultos_18+,media
8,2,69,764,701,adultos_18+,media
6,3,72,736,692,adultos_18+,media
6,3,68,679,757,adultos_18+,media
6,2,79,664,674,adultos_18+,media
8,1,76,627,730,adultos_18+,media
6,2,73,686,774,adultos_18+,media
7,2,76,655,766,adultos_18+,media
6,3,69,675,625,adultos_18+,media
6,1,70,768,641,adultos_18+,media
6,2,80,654,639,adultos_18+,media
6,1,77,582,642,adultos_18+,media
6,2,75,655,630,adultos_18+,media
8,2,76,726,606,adultos_18+,media
7,1,67,637,642,adultos_18+,media
6,3,77,778,797,adultos_18+,media
7,1,75,674,708,adultos_18+,media
6,3,69,722,655,adultos_18+,media
8,2,69,694,713,adultos_18+,media
7,1,66,636,784,adultos_18+,media
6,2,66,679,763,adultos_18+,media
6,1,71,615,725,adultos_18+,media
6,3,73,733,651,adultos_18+,media
7,2,72,715,796,adultos_18+,media
8,1,82,678,771,adultos_18+,media
6,2,75,691,788,adultos_18+,media
7,1,69,635,699,adultos_18+,media
6,2,78,721,615,adultos_18+,media
8,2,77,741,783,adultos_18+,media
7,2,81,771,750,adultos_18+,media
7,3,81,594,656,adultos_18+,media
8,1,73,644,697,adultos_18+,media
7,2,74,765,748,adultos_18+,media
8,1,70,588,645,adultos_18+,media
6,1,74,597,795,adultos_18+,media
6,1,70,650,652,adultos_18+,media
8,2,67,608,650,adultos_18+,media
6,1,78,584,793,adultos_18+,media
7,2,70,774,779,adultos_18+,media
8,1,78,611,608,adultos_18+,media
6,1,74,593,656,adultos_18+,media
8,2,80,580,708,adultos_18+,media
7,1,78,720,638,adultos_18+,media
6,1,76,568,670,adultos_18+,media
8,3,68,719,723,adultos_18+,media
8,3,72,754,758,adultos_18+,media
7,2,69,660,667,adultos_18+,media
8,1,68,756,666,adultos_18+,media
8,3,71,750,717,adultos_18+,media
7,2,73,604,739,adultos_18+,media
8,3,81,577,694,adultos_18+,media
7,1,67,596,649,adultos_18+,media
8,3,69,775,634,adultos_18+,media
8,1,69,617,629,adultos_18+,media
6,2,78,721,669,adultos_18+,media
8,1,77,566,736,adultos_18+,media
6,3,76,659,709,adultos_18+,media
7,3,80,595,654,adultos_18+,media
8,1,78,589,689,adultos_18+,media
6,2,67,650,607,adultos_18+,media
7,2,77,687,629,adultos_18+,media
7,3,75,602,622,adultos_18+,media
7,1,75,662,728,adultos_18+,media
7,2,72,715,706,adultos_18+,media
7,2,80,764,607,adultos_18+,media
8,1,79,576,672,adultos_18+,media
6,1,76,613,739,adultos_18+,media
6,1,70,568,787,adultos_18+,media
7,3,71,636,745,adultos_18+,media
8,3,73,773,618,adultos_18+,media
7,1,69,727,799,adultos_18+,media
8,1,71,718,797,adultos_18+,media
6,2,78,768,614,adultos_18+,media
7,1,78,732,742,adultos_18+,media
7,1,76,690,655,adultos_18+,media
7,2,74,777,716,adultos_18+,media
7,2,71,645,684,adultos_18+,media
6,2,78,576,752,adultos_18+,media
7,1,71,659,726,adultos_18+,media
7,2,70,621,742,adultos_18+,media
6,3,74,749,744,adultos_18+,media
6,3,79,703,695,adultos_18+,media
6,2,74,655,665,adultos_18+,media
7,1,71,593,623,adultos_18+,media
8,2,73,722,781,adultos_18+,media
7,1,74,620,731,adultos_18+,media
6,3,81,709,705,adultos_18+,media
6,1,80,666,647,adultos_18+,media
7,1,67,740,746,adultos_18+,media
8,1,67,739,796,adultos_18+,media
6,1,74,698,662,adultos_18+,media
6,3,76,584,619,adultos_18+,media
6,1,76,686,641,adultos_18+,media
8,1,74,704,775,adultos_18+,media
6,3,66,593,708,adultos_18+,media
7,1,75,764,704,adultos_18+,media
7,3,67,689,686,adultos_18+,media
7,1,76,653,627,adultos_18+,media
7,3,68,642,782,adultos_18+,media
8,1,71,755,608,adultos_18+,media
8,2,75,648,724,adultos_18+,media
8,1,70,752,700,adultos_18+,media
8,1,69,710,647,adultos_18+,media
6,2,73,701,732,adultos_18+,media
8,3,81,678,684,adultos_18+,media
6,3,66,752,734,adultos_18+,media
6,1,76,625,766,adultos_18+,media
8,3,79,646,716,adultos_18+,media
6,3,82,586,668,adultos_18+,media
8,3,73,652,696,adultos_18+,media
6,2,72,662,600,adultos_18+,media
7,3,76,700,631,adultos_18+,media
6,2,68,613,640,adultos_18+,media
6,1,74,604,789,adultos_18+,media
8,3,77,570,676,adultos_18+,media
7,2,75,670,781,adultos_18+,media
6,2,67,704,791,adultos_18+,media
6,1,82,638,616,adultos_18+,media
6,1,77,710,600,adultos_18+,media
8,3,79,763,625,adultos_18+,media
8,1,76,590,716,adultos_18+,media
7,2,80,703,729,adultos_18+,media
6,2,68,781,626,adultos_18+,media
8,3,71,752,740,adultos_18+,media
7,1,69,691,620,adultos_18+,media
8,2,80,772,748,adultos_18+,media
8,2,73,647,706,adultos_18+,media
6,1,75,584,726,adultos_18+,media
6,1,67,592,635,adultos_18+,media
7,3,67,626,700,adultos_18+,media
8,3,75,709,603,adultos_18+,media
6,3,75,744,692,adultos_18+,media
7,1,74,763,702,adultos_18+,media
7,1,66,718,757,adultos_18+,media
8,2,77,737,672,adultos_18+,media
7,3,70,716,730,adultos_18+,media
6,1,72,697,748,adultos_18+,media
6,3,71,573,616,adultos_18+,media
6,2,75,590,622,adultos_18+,media
7,3,72,613,686,adultos_18+,media
8,3,67,703,669,adultos_18+,media
6,1,78,619,760,adultos_18+,media
8,3,72,687,792,adultos_18+,media
6,3,77,640,703,adultos_18+,media
7,2,80,606,659,adultos_18+,media
7,2,81,729,625,adultos_18+,media
6,2,78,579,678,adultos_18+,media
8,3,78,707,698,adultos_18+,media
7,2,78,755,641,adultos_18+,media
8,1,68,672,716,adultos_18+,media
7,3,69,686,684,adultos_18+,media
7,2,67,687,737,adultos_18+,media
7,3,76,781,697,adultos_18+,media
7,2,74,747,784,adultos_18+,media
6,2,79,679,638,adultos_18+,media
8,3,75,682,733,adultos_18+,media
8,2,73,589,684,adultos_18+,media
7,3,69,566,688,adultos_18+,media
7,2,66,771,667,adultos_18+,media
8,1,68,662,730,adultos_18+,media
7,2,68,702,638,adultos_18+,media
8,2,72,733,625,adultos_18+,media
7,1,77,697,665,adultos_18+,media
8,3,67,572,646,adultos_18+,media
6,2,73,684,672,adultos_18+,media
8,2,82,750,663,adultos_18+,media
6,2,79,727,629,adultos_18+,media
6,3,78,759,798,adultos_18+,media
8,1,73,568,764,adultos_18+,media
8,3,70,618,664,adultos_18+,media
7,3,81,730,679,adultos_18+,media
8,2,78,616,668,adultos_18+,media
6,3,76,717,756,adultos_18+,media
8,1,75,740,651,adultos_18+,media
6,1,76,773,639,adultos_18+,media
8,2,68,731,780,adultos_18+,media
6,1,78,619,641,adultos_18+,media
7,2,78,600,732,adultos_18+,media
8,1,66,754,726,adultos_18+,media
6,1,78,655,616,adultos_18+,media
8,2,78,699,711,adultos_18+,media
8,1,66,625,779,adultos_18+,media
8,3,77,726,673,adultos_18+,media
7,2,74,646,636,adultos_18+,media
8,1,81,622,656,adultos_18+,media
6,3,81,700,637,adultos_18+,media
7,3,80,684,703,adultos_18+,media
7,1,81,618,792,adultos_18+,media
7,2,68,778,663,adultos_18+,media
7,2,79,681,753,adultos_18+,media
6,2,76,738,746,adultos_18+,media
7,2,74,602,795,adultos_18+,media
6,2,82,717,669,adultos_18+,media
8,2,72,612,631,adultos_18+,media
8,3,69,671,673,adultos_18+,media
6,1,82,698,740,adultos_18+,media
6,1,81,761,733,adultos_18+,media
6,2,73,620,744,adultos_18+,media
6,1,74,687,771,adultos_18+,media
8,1,78,579,716,adultos_18+,media
8,3,74,725,714,adultos_18+,media
7,1,69,749,648,adultos_18+,media
8,3,66,631,741,adultos_18+,media
7,1,68,759,710,adultos_18+,media
6,3,73,653,617,adultos_18+,media
8,2,71,777,602,adultos_18+,media
7,2,66,735,651,adultos_18+,media
7,2,81,779,615,adultos_18+,media
8,1,68,612,714,adultos_18+,media
7,2,78,684,764,adultos_18+,media
6,2,75,692,793,adultos_18+,media
8,3,71,758,687,adultos_18+,media
7,2,75,644,764,adultos_18+,media
8,3,77,633,735,adultos_18+,media
6,3,68,654,702,adultos_18+,media
6,2,66,733,709,adultos_18+,media
6,2,69,742,789,adultos_18+,media
6,1,77,566,665,adultos_18+,media
8,2,69,684,727,adultos_18+,media
6,3,78,683,689,adultos_18+,media
7,3,71,766,638,adultos_18+,media
6,1,78,780,602,adultos_18+,media
7,1,66,627,630,adultos_18+,media
7,3,67,628,620,adultos_18+,media
8,1,74,576,608,adultos_18+,media
7,3,75,673,726,adultos_18+,media
8,2,82,629,621,adultos_18+,media
7,3,81,628,669,adultos_18+,media
6,1,73,733,788,adultos_18+,media
7,1,67,767,722,adultos_18+,media
6,2,78,770,757,adultos_18+,media
8,1,73,592,709,adultos_18+,media
8,2,68,642,628,adultos_18+,media
8,1,66,775,760,adultos_18+,media
7,3,77,737,736,adultos_18+,media
6,3,73,766,666,adultos_18+,media
6,2,72,677,708,adultos_18+,media
6,1,78,761,704,adultos_18+,media
8,3,74,763,798,adultos_18+,media
8,1,67,644,665,adultos_18+,media
7,2,78,584,604,adultos_18+,media
8,1,78,643,780,adultos_18+,media
6,3,82,572,795,adultos_18+,media
6,2,71,604,737,adultos_18+,media
7,3,80,580,645,adultos_18+,media
8,3,82,750,711,adultos_18+,media
6,2,67,679,723,adultos_18+,media
6,3,74,567,635,adultos_18+,media
8,1,72,655,693,adultos_18+,media
8,2,82,609,760,adultos_18+,media
8,2,79,618,733,adultos_18+,media
7,1,68,634,665,adultos_18+,media
6,1,75,776,752,adultos_18+,media
7,2,72,662,708,adultos_18+,media
7,3,73,612,660,adultos_18+,media
6,1,70,654,610,adultos_18+,media
8,3,67,669,796,adultos_18+,media
7,3,77,642,611,adultos_18+,media
8,3,73,756,757,adultos_18+,media
8,1,67,601,620,adultos_18+,media
6,1,71,727,654,adultos_18+,media
8,2,69,642,657,adultos_18+,media
6,3,69,717,717,adultos_18+,media
7,1,72,608,800,adultos_18+,media
6,1,67,635,684,adultos_18+,media
6,1,73,726,786,adultos_18+,media
7,1,74,740,608,adultos_18+,media
6,3,75,637,600,adultos_18+,media
6,3,76,752,643,adultos_18+,media
8,1,68,609,646,adultos_18+,media
8,2,79,768,634,adultos_18+,media
7,1,75,660,607,adultos_18+,media
8,3,82,761,695,adultos_18+,media
8,2,77,644,752,adultos_18+,media
7,2,80,632,634,adultos_18+,media
7,1,75,679,706,adultos_18+,media
7,1,74,625,701,adultos_18+,media
7,1,71,703,659,adultos_18+,media
7,1,78,704,684,adultos_18+,media
6,3,66,670,734,adultos_18+,media
6,3,77,586,654,adultos_18+,media
8,1,68,569,778,adultos_18+,media
6,1,71,646,642,adultos_18+,media
8,3,66,657,659,adultos_18+,media
8,1,79,730,655,adultos_18+,media
7,3,66,608,609,adultos_18+,media
6,2,70,742,717,adultos_18+,media
7,2,78,652,711,adultos_18+,media
6,2,81,656,750,adultos_18+,media
8,2,80,676,684,adultos_18+,media
7,1,70,660,706,adultos_18+,media
8,2,79,671,620,adultos_18+,media
7,1,75,620,744,adultos_18+,media
6,3,82,604,776,adultos_18+,media
7,2,73,764,699,adultos_18+,media
8,1,68,679,625,adultos_18+,media
7,1,79,771,669,adultos_18+,media
7,1,82,724,652,adultos_18+,media
6,3,74,570,763,adultos_18+,media
6,1,74,566,790,adultos_18+,media
8,2,75,687,672,adultos_18+,media
7,1,77,606,674,adultos_18+,media
7,2,75,666,665,adultos_18+,media
8,2,76,744,611,adultos_18+,media
7,2,73,580,784,adultos_18+,media
6,1,67,772,650,adultos_18+,media
6,1,71,723,744,adultos_18+,media
8,2,77,727,675,adultos_18+,media
7,2,76,730,607,adultos_18+,media
7,3,74,708,627,adultos_18+,media
7,2,80,696,731,adultos_18+,media
6,2,72,578,682,adultos_18+,media
7,2,74,730,633,adultos_18+,media
8,3,81,626,647,adultos_18+,media
7,2,78,734,626,adultos_18+,media
7,3,82,606,674,adultos_18+,media
8,2,71,736,736,adultos_18+,media
7,2,82,623,767,adultos_18+,media
6,2,68,632,764,adultos_18+,media
7,3,68,776,677,adultos_18+,media
8,2,80,600,749,adultos_18+,media
8,1,76,699,769,adultos_18+,media
7,3,73,577,662,adultos_18+,media
6,1,71,776,788,adultos_18+,media
8,1,74,719,638,adultos_18+,media
6,2,79,683,787,adultos_18+,media
6,3,79,690,639,adultos_18+,media
7,1,69,593,679,adultos_18+,media
6,1,80,700,652,adultos_18+,media
8,1,76,611,709,adultos_18+,media
7,1,74,716,695,adultos_18+,media
7,3,73,784,629,adultos_18+,media
8,2,70,731,699,adultos_18+,media
6,1,79,607,642,adultos_18+,media
7,1,71,669,619,adultos_18+,media
6,2,78,688,712,adultos_18+,media
8,3,79,578,775,adultos_18+,media
6,2,78,622,683,adultos_18+,media
6,2,71,711,678,adultos_18+,media
8,2,74,672,681,adultos_18+,media
8,1,79,774,733,adultos_18+,media
6,1,71,622,678,adultos_18+,media
7,3,75,680,785,adultos_18+,media
7,1,80,710,689,adultos_18+,media
7,2,69,779,798,adultos_18+,media
6,2,80,576,775,adultos_18+,media
8,1,71,600,788,adultos_18+,media
7,3,79,760,710,adultos_18+,media
6,1,70,757,670,adultos_18+,media
6,2,71,779,677,adultos_18+,media
6,1,72,695,754,adultos_18+,media
7,3,81,633,724,adultos_18+,media
8,3,80,672,773,adultos_18+,media
8,1,76,676,747,adultos_18+,media
8,3,78,612,651,adultos_18+,media
8,3,79,616,762,adultos_18+,media
7,2,68,586,738,adultos_18+,media
8,1,69,664,653,adultos_18+,media
6,2,74,739,630,adultos_18+,media
8,2,72,639,688,adultos_18+,media
8,2,77,625,749,adultos_18+,media
6,2,71,655,630,adultos_18+,media
6,1,73,684,739,adultos_18+,media
8,2,66,664,689,adultos_18+,media
6,2,78,591,616,adultos_18+,media
7,3,82,720,778,adultos_18+,media
7,2,82,580,714,adultos_18+,media
8,1,69,653,658,adultos_18+,media
7,3,68,662,659,adultos_18+,media
8,2,78,715,644,adultos_18+,media
6,3,76,722,786,adultos_18+,media
8,2,81,579,715,adultos_18+,media
8,3,72,713,726,adultos_18+,media
8,3,66,703,678,adultos_18+,media
6,1,68,756,652,adultos_18+,media
6,3,74,751,680,adultos_18+,media
7,3,73,604,783,adultos_18+,media
8,1,71,771,713,adultos_18+,media
8,2,72,754,619,adultos_18+,media
7,3,81,673,612,adultos_18+,media
8,1,80,713,679,adultos_18+,media
8,3,72,612,759,adultos_18+,media
8,1,74,619,750,adultos_18+,media
8,2,82,622,671,adultos_18+,media
8,3,76,627,617,adultos_18+,media
6,2,66,779,729,adultos_18+,media
8,1,69,572,644,adultos_18+,media
7,1,66,664,616,adultos_18+,media
7,2,77,611,675,adultos_18+,media
6,1,71,649,766,adultos_18+,media
8,2,70,718,763,adultos_18+,media
6,3,66,648,675,adultos_18+,media
8,1,82,735,662,adultos_18+,media
6,3,68,595,663,adultos_18+,media
7,1,77,669,657,adultos_18+,media
7,2,75,568,780,adultos_18+,media
6,2,71,589,610,adultos_18+,media
8,2,75,697,643,adultos_18+,media
8,3,71,756,635,adultos_18+,media
6,1,68,748,711,adultos_18+,media
7,1,81,715,754,adultos_18+,media
6,1,74,605,698,adultos_18+,media
8,2,78,644,707,adultos_18+,media
8,3,70,703,635,adultos_18+,media
6,1,72,695,793,adultos_18+,media
7,2,77,754,677,adultos_18+,media
7,2,68,626,677,adultos_18+,media
8,1,69,694,639,adultos_18+,media
8,2,74,592,641,adultos_18+,media
6,1,69,640,648,adultos_18+,media
6,1,78,631,688,adultos_18+,media
7,3,74,710,616,adultos_18+,media
6,1,77,707,687,adultos_18+,media
8,2,67,688,758,adultos_18+,media
8,3,69,724,669,adultos_18+,media
8,1,77,746,779,adultos_18+,media
6,3,80,591,619,adultos_18+,media
6,1,80,616,748,adultos_18+,media
7,3,81,754,734,adultos_18+,media
8,2,79,626,642,adultos_18+,media
6,1,69,570,773,adultos_18+,media
8,2,69,583,743,adultos_18+,media
7,2,69,673,751,adultos_18+,media
6,1,81,628,665,adultos_18+,media
8,2,71,718,600,adultos_18+,media
7,3,80,643,676,adultos_18+,media
8,2,77,748,656,adultos_18+,media
6,2,69,740,793,adultos_18+,media
6,3,70,621,739,adultos_18+,media
7,2,72,614,774,adultos_18+,media
6,2,80,641,606,adultos_18+,media
6,3,75,604,727,adultos_18+,media
6,2,66,704,693,adultos_18+,media
6,1,74,629,784,adultos_18+,media
8,2,66,686,741,adultos_18+,media
6,1,79,708,771,adultos_18+,media
7,3,69,619,743,adultos_18+,media
6,3,71,693,641,adultos_18+,media
7,3,82,667,631,adultos_18+,media
6,3,70,768,649,adultos_18+,media
6,3,80,720,798,adultos_18+,media
6,3,67,724,606,adultos_18+,media
8,1,71,732,686,adultos_18+,media
6,1,69,619,760,adultos_18+,media
6,1,69,677,720,adultos_18+,media
8,2,72,584,629,adultos_18+,media
7,2,81,649,761,adultos_18+,media
8,1,67,580,698,adultos_18+,media
7,2,78,730,760,adultos_18+,media
8,3,76,711,681,adultos_18+,media
8,1,82,685,792,adultos_18+,media
8,1,73,636,699,adultos_18+,media
6,1,76,673,661,adultos_18+,media
6,1,73,591,689,adultos_18+,media
7,1,70,614,679,adultos_18+,media
8,1,82,658,768,adultos_18+,media
6,2,75,645,675,adultos_18+,media
6,2,71,740,732,adultos_18+,media
6,1,81,697,612,adultos_18+,media
8,1,67,747,719,adultos_18+,media
6,2,77,713,704,adultos_18+,media
7,1,77,628,748,adultos_18+,media
6,3,68,726,723,adultos_18+,media
6,1,71,745,664,adultos_18+,media
6,1,78,595,734,adultos_18+,media
7,1,68,694,637,adultos_18+,media
7,1,69,611,758,adultos_18+,media
6,2,80,656,677,adultos_18+,media
7,1,71,759,625,adultos_18+,media
6,3,76,576,673,adultos_18+,media
8,3,69,658,654,adultos_18+,media
7,3,68,646,695,adultos_18+,media
7,2,71,713,748,adultos_18+,media
7,1,81,622,696,adultos_18+,media
8,2,68,581,621,adultos_18+,media
7,3,74,600,716,adultos_18+,media
6,3,82,680,704,adultos_18+,media
8,1,81,585,743,adultos_18+,media
6,2,73,717,778,adultos_18+,media
7,1,82,721,775,adultos_18+,media
6,3,68,697,653,adultos_18+,media
8,1,68,743,669,adultos_18+,media
8,3,81,740,672,adultos_18+,media
6,3,73,589,736,adultos_18+,media
7,1,75,656,664,adultos_18+,media
8,2,76,690,723,adultos_18+,media
7,2,72,624,691,adultos_18+,media
6,2,69,581,632,adultos_18+,media
8,3,69,709,609,adultos_18+,media
8,3,78,746,781,adultos_18+,media
6,3,70,619,794,adultos_18+,media
8,1,81,752,653,adultos_18+,media
7,2,78,756,725,adultos_18+,media
8,1,82,615,725,adultos_18+,media
8,1,82,619,763,adultos_18+,media
8,3,78,597,701,adultos_18+,media
7,3,75,654,733,adultos_18+,media
6,1,73,619,664,adultos_18+,media
8,3,67,657,664,adultos_18+,media
7,2,80,779,710,adultos_18+,media
8,1,80,676,624,adultos_18+,media
8,3,75,623,668,adultos_18+,media
8,2,82,598,683,adultos_18+,media
7,2,78,625,704,adultos_18+,media
6,2,68,578,788,adultos_18+,media
6,3,71,655,617,adultos_18+,media
6,3,81,705,622,adultos_18+,media
8,1,77,741,701,adultos_18+,media
8,3,75,606,793,adultos_18+,media
7,3,73,745,610,adultos_18+,media
8,3,82,648,669,adultos_18+,media
8,2,76,674,620,adultos_18+,media
7,3,81,617,646,adultos_18+,media
7,1,70,703,761,adultos_18+,media
7,2,80,573,745,adultos_18+,media
8,2,70,607,763,adultos_18+,media
7,3,67,568,627,adultos_18+,media
8,2,80,722,747,adultos_18+,media
7,1,69,688,717,adultos_18+,media
7,2,67,750,690,adultos_18+,media
6,1,68,644,694,adultos_18+,media
7,3,68,776,726,adultos_18+,media
6,1,73,737,739,adultos_18+,media
8,3,73,645,715,adultos_18+,media
8,3,73,731,718,adultos_18+,media
7,2,68,751,621,adultos_18+,media
6,3,80,679,649,adultos_18+,media
6,3,72,649,684,adultos_18+,media
7,3,81,588,691,adultos_18+,media
6,2,70,675,701,adultos_18+,media
6,2,69,755,644,adultos_18+,media
7,3,67,702,690,adultos_18+,media
6,1,81,601,755,adultos_18+,media
8,2,78,603,737,adultos_18+,media
7,2,67,600,775,adultos_18+,media
7,1,72,693,641,adultos_18+,media
8,2,79,631,751,adultos_18+,media
8,1,70,698,630,adultos_18+,media
7,2,70,607,750,adultos_18+,media
8,2,77,753,795,adultos_18+,media
8,1,75,781,764,adultos_18+,media
8,1,74,602,672,adultos_18+,media
6,3,69,689,773,adultos_18+,media
7,3,73,573,663,adultos_18+,media
7,3,69,578,719,adultos_18+,media
7,1,73,618,657,adultos_18+,media
6,1,72,731,609,adultos_18+,media
6,2,79,586,657,adultos_18+,media
6,1,76,729,720,adultos_18+,media
6,1,71,634,705,adultos_18+,media
8,2,69,712,718,adultos_18+,media
8,2,67,774,698,adultos_18+,media
8,3,74,669,631,adultos_18+,media
8,1,66,598,655,adultos_18+,media
7,3,68,755,769,adultos_18+,media
8,3,79,722,636,adultos_18+,media
8,3,79,623,795,adultos_18+,media
7,2,79,571,761,adultos_18+,media
7,2,72,688,698,adultos_18+,media
6,3,70,739,795,adultos_18+,media
8,2,76,621,684,adultos_18+,media
8,1,72,676,637,adultos_18+,media
6,2,72,569,712,adultos_18+,media
8,2,77,577,709,adultos_18+,media
7,2,72,635,777,adultos_18+,media
6,3,73,772,732,adultos_18+,media
6,2,67,598,636,adultos_18+,media
8,2,82,624,795,adultos_18+,media
7,3,72,743,648,adultos_18+,media
8,1,72,701,681,adultos_18+,media
7,3,67,701,665,adultos_18+,media
8,3,73,700,688,adultos_18+,media
7,3,78,603,680,adultos_18+,media
8,3,69,781,778,adultos_18+,media
8,3,66,576,688,adultos_18+,media
7,1,82,577,650,adultos_18+,media
7,1,68,783,622,adultos_18+,media
7,1,77,761,764,adultos_18+,media
6,2,67,626,731,adultos_18+,media
8,2,66,583,658,adultos_18+,media
8,3,81,578,639,adultos_18+,media
7,2,73,644,656,adultos_18+,media
6,1,82,631,656,adultos_18+,media
7,1,81,725,799,adultos_18+,media
6,3,82,659,745,adultos_18+,media
6,3,76,780,770,adultos_18+,media
6,1,79,692,725,adultos_18+,media
8,1,77,616,765,adultos_18+,media
7,1,71,667,682,adultos_18+,media
6,1,82,709,781,adultos_18+,media
7,1,81,609,700,adultos_18+,media
6,3,82,668,696,adultos_18+,media
8,3,72,621,747,adultos_18+,media
8,2,76,703,792,adultos_18+,media
7,2,77,723,694,adultos_18+,media
6,3,67,638,682,adultos_18+,media
7,2,73,712,687,adultos_18+,media
6,1,67,761,712,adultos_18+,media
8,3,78,733,794,adultos_18+,media
7,3,68,783,707,adultos_18+,media
7,3,70,624,637,adultos_18+,media
6,1,80,664,795,adultos_18+,media
8,3,74,617,788,adultos_18+,media
7,2,68,721,773,adultos_18+,media
6,2,73,774,754,adultos_18+,media
6,2,68,729,631,adultos_18+,media
7,1,69,626,621,adultos_18+,media
6,1,76,768,713,adultos_18+,media
7,1,79,734,621,adultos_18+,media
8,2,67,572,691,adultos_18+,media
6,1,82,644,666,adultos_18+,media
8,2,77,662,702,adultos_18+,media
8,2,74,708,671,adultos_18+,media
7,3,78,677,712,adultos_18+,media
8,3,76,681,640,adultos_18+,media
6,2,73,783,670,adultos_18+,media
8,2,69,748,773,adultos_18+,media
6,2,77,683,658,adultos_18+,media
7,1,69,774,763,adultos_18+,media
8,3,71,705,723,adultos_18+,media
8,2,74,762,630,adultos_18+,media
6,3,79,700,792,adultos_18+,media
8,2,82,632,675,adultos_18+,media
6,3,66,671,741,adultos_18+,media
8,3,79,635,695,adultos_18+,media
8,1,70,700,722,adultos_18+,media
7,1,68,608,606,adultos_18+,media
8,1,76,684,782,adultos_18+,media
8,1,68,689,712,adultos_18+,media
6,1,77,745,797,adultos_18+,media
8,1,71,605,754,adultos_18+,media
6,1,75,703,745,adultos_18+,media
8,1,69,781,749,adultos_18+,media
8,1,79,621,747,adultos_18+,media
6,3,66,729,749,adultos_18+,media
8,3,69,760,783,adultos_18+,media
6,2,68,602,717,adultos_18+,media
6,1,74,705,609,adultos_18+,media
6,3,77,633,775,adultos_18+,media
7,1,74,711,753,adultos_18+,media
8,1,82,664,602,adultos_18+,media
7,1,74,672,772,adultos_18+,media
8,3,72,733,632,adultos_18+,media
6,2,80,701,643,adultos_18+,media
8,1,68,706,763,adultos_18+,media
8,1,71,577,689,adultos_18+,media
8,2,75,723,747,adultos_18+,media
7,2,75,626,756,adultos_18+,media
7,1,82,598,769,adultos_18+,media
8,2,73,622,772,adultos_18+,media
6,2,70,777,770,adultos_18+,media
8,1,74,600,652,adultos_18+,media
8,2,77,738,605,adultos_18+,media
8,3,72,672,602,adultos_18+,media
7,2,66,613,770,adultos_18+,media
8,3,66,628,773,adultos_18+,media
8,3,78,721,794,adultos_18+,media
8,3,82,621,641,adultos_18+,media
7,3,68,716,724,adultos_18+,media
7,2,80,729,675,adultos_18+,media
8,2,81,716,730,adultos_18+,media
7,3,76,621,763,adultos_18+,media
8,1,72,720,644,adultos_18+,media
8,3,80,668,795,adultos_18+,media
6,2,79,576,630,adultos_18+,media
7,2,77,760,664,adultos_18+,media
7,2,72,674,726,adultos_18+,media
7,3,81,702,678,adultos_18+,media
7,3,74,692,788,adultos_18+,media
8,3,69,768,766,adultos_18+,media
7,3,80,743,777,adultos_18+,media
7,2,78,751,640,adultos_18+,media
6,3,79,757,656,adultos_18+,media
6,3,66,740,615,adultos_18+,media
6,1,70,632,781,adultos_18+,media
8,2,80,636,670,adultos_18+,media
7,3,71,737,608,adultos_18+,media
7,3,75,573,629,adultos_18+,media
6,2,67,598,647,adultos_18+,media
6,1,75,686,719,adultos_18+,media
6,2,74,737,656,adultos_18+,media
6,1,77,623,670,adultos_18+,media
7,3,73,680,688,adultos_18+,media
8,1,81,625,796,adultos_18+,media
7,1,66,733,792,adultos_18+,media
6,3,81,599,607,adultos_18+,media
7,1,77,633,639,adultos_18+,media
6,2,70,568,717,adultos_18+,media
8,2,78,760,798,adultos_18+,media
8,2,77,712,707,adultos_18+,media
8,2,66,715,729,adultos_18+,media
8,3,76,587,668,adultos_18+,media
8,1,69,774,693,adultos_18+,media
7,2,74,653,619,adultos_18+,media
8,2,70,689,663,adultos_18+,media
7,3,67,777,634,adultos_18+,media
8,1,75,686,613,adultos_18+,media
8,3,67,665,736,adultos_18+,media
7,2,81,775,629,adultos_18+,media
8,1,79,652,800,adultos_18+,media
7,3,71,782,764,adultos_18+,media
7,1,82,663,625,adultos_18+,media
7,3,82,683,748,adultos_18+,media
7,2,75,720,707,adultos_18+,media
8,2,66,676,601,adultos_18+,media
7,1,71,608,788,adultos_18+,media
6,1,73,660,796,adultos_18+,media
7,1,79,709,737,adultos_18+,media
7,1,66,625,788,adultos_18+,media
8,1,76,747,679,adultos_18+,media
8,2,79,724,759,adultos_18+,media
6,3,67,761,695,adultos_18+,media
7,3,72,751,615,adultos_18+,media
6,3,67,623,656,adultos_18+,media
7,3,77,598,655,adultos_18+,media
8,3,79,739,668,adultos_18+,media
6,1,79,639,740,adultos_18+,media
7,1,75,688,610,adultos_18+,media
8,2,70,735,765,adultos_18+,media
6,2,81,708,628,adultos_18+,media
8,1,67,647,676,adultos_18+,media
7,3,69,622,605,adultos_18+,media
8,1,67,600,629,adultos_18+,media
7,2,70,569,743,adultos_18+,media
6,2,69,646,753,adultos_18+,media
6,2,71,635,628,adultos_18+,media
8,3,68,601,660,adultos_18+,media
6,3,75,740,720,adultos_18+,media
6,1,74,589,746,adultos_18+,media
6,1,72,567,687,adultos_18+,media
6,1,70,750,748,adultos_18+,media
6,2,76,702,709,adultos_18+,media
6,3,67,610,785,adultos_18+,media
8,1,82,614,668,adultos_18+,media
6,3,82,679,657,adultos_18+,media
6,3,74,747,659,adultos_18+,media
6,1,76,629,676,adultos_18+,media
8,3,79,641,673,adultos_18+,media
6,3,73,707,610,adultos_18+,media
8,1,67,757,709,adultos_18+,media
7,3,67,658,680,adultos_18+,media
6,1,70,591,655,adultos_18+,media
6,1,74,708,609,adultos_18+,media
8,3,71,768,746,adultos_18+,media
8,1,73,634,758,adultos_18+,media
7,1,66,753,741,adultos_18+,media
6,2,77,661,788,adultos_18+,media
6,3,72,635,780,adultos_18+,media
8,1,77,616,614,adultos_18+,media
7,1,76,759,700,adultos_18+,media
6,3,71,611,717,adultos_18+,media
8,3,69,658,800,adultos_18+,media
8,3,77,731,629,adultos_18+,media
8,2,68,584,713,adultos_18+,media
8,3,81,678,606,adultos_18+,media
8,3,75,605,675,adultos_18+,media
7,1,81,770,617,adultos_18+,media
6,1,77,734,767,adultos_18+,media
7,3,72,737,789,adultos_18+,media
6,1,79,781,788,adultos_18+,media
7,1,76,768,747,adultos_18+,media
8,3,81,579,685,adultos_18+,media
7,1,73,576,672,adultos_18+,media
7,1,77,712,606,adultos_18+,media
8,3,70,645,692,adultos_18+,media
7,2,67,633,615,adultos_18+,media
7,1,74,658,675,adultos_18+,media
7,1,71,637,613,adultos_18+,media
8,1,71,615,665,adultos_18+,media
8,2,70,571,775,adultos_18+,media
7,1,68,757,632,adultos_18+,media
8,2,66,705,749,adultos_18+,media
7,1,69,651,737,adultos_18+,media
7,1,80,623,738,adultos_18+,media
7,3,68,579,707,adultos_18+,media
7,2,70,573,613,adultos_18+,media
6,1,73,624,800,adultos_18+,media
7,2,78,709,771,adultos_18+,media
7,1,79,581,677,adultos_18+,media
8,3,75,690,769,adultos_18+,media
6,2,81,635,669,adultos_18+,media
6,3,73,690,648,adultos_18+,media
7,2,82,682,646,adultos_18+,media
8,3,75,757,741,adultos_18+,media
6,1,73,629,659,adultos_18+,media
8,3,78,619,662,adultos_18+,media
7,2,78,767,752,adultos_18+,media
8,3,73,598,788,adultos_18+,media
7,3,81,677,754,adultos_18+,media
8,1,69,673,751,adultos_18+,media
7,3,67,702,782,adultos_18+,media
8,3,69,728,747,adultos_18+,media
6,3,70,775,703,adultos_18+,media
6,3,80,664,763,adultos_18+,media
8,2,74,717,759,adultos_18+,media
7,2,72,597,673,adultos_18+,media
6,2,77,569,701,adultos_18+,media
8,1,82,783,642,adultos_18+,media
7,3,74,737,745,adultos_18+,media
6,1,75,732,607,adultos_18+,media
7,1,79,681,782,adultos_18+,media
8,3,70,724,602,adultos_18+,media
6,3,68,681,758,adultos_18+,media
6,1,75,681,718,adultos_18+,media
7,2,77,590,741,adultos_18+,media
8,2,75,686,686,adultos_18+,media
7,2,81,602,783,adultos_18+,media
6,1,80,747,776,adultos_18+,media
6,3,81,687,789,adultos_18+,media
8,1,81,678,735,adultos_18+,media
8,1,68,768,758,adultos_18+,media
8,1,79,780,750,adultos_18+,media
6,1,78,577,695,adultos_18+,media
8,1,69,632,789,adultos_18+,media
7,3,70,784,655,adultos_18+,media
6,2,78,586,687,adultos_18+,media
7,2,66,643,632,adultos_18+,media
7,3,69,620,683,adultos_18+,media
7,3,76,654,716,adultos_18+,media
6,2,70,781,696,adultos_18+,media
7,1,79,728,762,adultos_18+,media
8,3,73,695,642,adultos_18+,media
8,3,80,766,766,adultos_18+,media
8,3,81,640,735,adultos_18+,media
7,2,81,737,777,adultos_18+,media
6,3,70,587,787,adultos_18+,media
8,2,67,651,788,adultos_18+,media
8,2,75,749,742,adultos_18+,media
7,2,80,594,725,adultos_18+,media
8,1,80,610,609,adultos_18+,media
6,3,71,620,784,adultos_18+,media
7,2,71,604,776,adultos_18+,media
7,3,76,584,738,adultos_18+,media
6,2,73,727,620,adultos_18+,media
7,1,76,573,690,adultos_18+,media
8,2,79,635,697,adultos_18+,media
7,2,81,625,626,adultos_18+,media
6,3,72,571,736,adultos_18+,media
7,1,70,658,654,adultos_18+,media
7,2,76,625,727,adultos_18+,media
7,2,72,768,770,adultos_18+,media
7,2,73,629,636,adultos_18+,media
7,2,78,614,665,adultos_18+,media
8,3,68,692,728,adultos_18+,media
7,2,77,608,786,adultos_18+,media
7,2,73,730,694,adultos_18+,media
8,2,68,600,710,adultos_18+,media
8,3,78,693,699,adultos_18+,media
8,1,79,581,793,adultos_18+,media
6,2,73,587,773,adultos_18+,media
6,1,77,784,607,adultos_18+,media
8,1,81,722,739,adultos_18+,media
6,2,73,586,746,adultos_18+,media
6,3,70,767,714,adultos_18+,media
6,1,75,719,600,adultos_18+,media
8,2,67,783,681,adultos_18+,media
8,2,81,730,705,adultos_18+,media
7,2,70,619,764,adultos_18+,media
7,3,80,627,673,adultos_18+,media
6,1,74,574,786,adultos_18+,media
6,2,72,678,721,adultos_18+,media
6,1,78,672,685,adultos_18+,media
8,2,77,657,777,adultos_18+,media
6,2,82,703,602,adultos_18+,media
7,3,68,740,639,adultos_18+,media
7,3,79,636,710,adultos_18+,media
7,3,76,673,692,adultos_18+,media
7,2,77,599,652,adultos_18+,media
6,1,77,593,749,adultos_18+,media
8,2,70,716,656,adultos_18+,media
7,3,78,691,653,adultos_18+,media
6,3,74,695,603,adultos_18+,media
7,2,79,617,679,adultos_18+,media
8,3,81,627,756,adultos_18+,media
7,1,70,750,631,adultos_18+,media
6,2,69,596,784,adultos_18+,media
8,2,70,573,758,adultos_18+,media
7,1,67,706,607,adultos_18+,media
6,1,73,663,639,adultos_18+,media
7,3,73,674,788,adultos_18+,media
8,3,80,769,604,adultos_18+,media
6,3,77,724,697,adultos_18+,media
8,2,73,630,744,adultos_18+,media
6,1,76,665,631,adultos_18+,media
6,2,77,700,789,adultos_18+,media
7,3,81,691,712,adultos_18+,media
8,1,66,598,682,adultos_18+,media
8,2,75,692,738,adultos_18+,media
8,1,74,710,736,adultos_18+,media
6,1,72,651,755,adultos_18+,media
7,2,77,764,669,adultos_18+,media
7,3,69,769,717,adultos_18+,media
7,2,77,661,716,adultos_18+,media
8,2,66,740,714,adultos_18+,media
6,1,79,725,749,adultos_18+,media
6,3,80,730,703,adultos_18+,media
7,1,68,732,640,adultos_18+,media
6,1,82,782,677,adultos_18+,media
7,2,66,772,633,adultos_18+,media
7,2,78,712,793,adultos_18+,media
6,2,66,767,759,adultos_18+,media
8,1,81,697,752,adultos_18+,media
8,2,78,603,677,adultos_18+,media
6,3,75,676,764,adultos_18+,media
8,3,70,621,746,adultos_18+,media
6,1,76,672,647,adultos_18+,media
6,1,78,698,700,adultos_18+,media
7,2,74,778,754,adultos_18+,media
6,3,70,717,605,adultos_18+,media
8,1,74,739,669,adultos_18+,media
6,1,69,597,707,adultos_18+,media
7,1,67,597,631,adultos_18+,media
8,1,70,763,737,adultos_18+,media
6,1,74,776,665,adultos_18+,media
6,3,81,665,711,adultos_18+,media
6,1,73,605,793,adultos_18+,media
7,1,69,645,615,adultos_18+,media
7,1,75,713,690,adultos_18+,media
8,1,69,624,601,adultos_18+,media
6,3,67,594,673,adultos_18+,media
8,2,73,614,738,adultos_18+,media
8,2,82,582,777,adultos_18+,media
7,3,71,680,607,adultos_18+,media
8,2,75,756,781,adultos_18+,media
6,1,78,585,605,adultos_18+,media
7,2,68,766,727,adultos_18+,media
6,3,78,627,683,adultos_18+,media
7,2,80,571,695,adultos_18+,media
6,2,71,651,715,adultos_18+,media
7,2,70,752,733,adultos_18+,media
8,1,81,672,626,adultos_18+,media
8,1,77,607,773,adultos_18+,media
8,3,78,765,771,adultos_18+,media
6,1,76,619,616,adultos_18+,media
8,2,80,593,659,adultos_18+,media
7,1,78,667,602,adultos_18+,media
6,2,69,682,637,adultos_18+,media
8,2,82,604,610,adultos_18+,media
6,3,66,686,620,adultos_18+,media
8,2,69,663,624,adultos_18+,media
7,2,71,736,643,adultos_18+,media
6,2,81,729,738,adultos_18+,media
8,2,79,741,767,adultos_18+,media
8,3,67,759,711,adultos_18+,media
7,1,74,766,643,adultos_18+,media
7,3,75,597,611,adultos_18+,media
8,2,66,687,697,adultos_18+,media
8,2,72,779,745,adultos_18+,media
7,2,74,710,712,adultos_18+,media
8,3,79,571,754,adultos_18+,media
7,3,77,626,676,adultos_18+,media
7,2,70,719,756,adultos_18+,media
6,3,76,779,772,adultos_18+,media
8,1,68,646,766,adultos_18+,media
7,1,79,783,603,adultos_18+,media
8,3,67,726,680,adultos_18+,media
8,2,82,660,606,adultos_18+,media
8,1,76,614,775,adultos_18+,media
8,2,70,784,697,adultos_18+,media
7,3,79,589,695,adultos_18+,media
7,1,66,665,714,adultos_18+,media
6,2,70,573,634,adultos_18+,media
8,2,77,721,746,adultos_18+,media
7,3,77,578,641,adultos_18+,media
8,2,82,744,694,adultos_18+,media
8,3,80,759,725,adultos_18+,media
8,3,82,773,726,adultos_18+,media
6,1,79,764,777,adultos_18+,media
7,3,70,616,615,adultos_18+,media
8,1,70,778,634,adultos_18+,media
8,2,74,639,692,adultos_18+,media
6,3,67,662,659,adultos_18+,media
6,1,72,684,672,adultos_18+,media
7,2,77,580,701,adultos_18+,media
6,2,75,640,698,adultos_18+,media
6,1,72,757,685,adultos_18+,media
8,1,82,736,726,adultos_18+,media
6,2,71,754,723,adultos_18+,media
7,2,71,627,628,adultos_18+,media
6,3,68,590,725,adultos_18+,media
7,3,67,662,675,adultos_18+,media
6,1,70,620,737,adultos_18+,media
7,3,66,693,760,adultos_18+,media
6,3,69,761,682,adultos_18+,media
6,3,73,753,758,adultos_18+,media
7,2,82,569,748,adultos_18+,media
8,3,75,662,706,adultos_18+,media
8,3,77,692,688,adultos_18+,media
7,3,76,669,770,adultos_18+,media
7,3,71,699,792,adultos_18+,media
8,3,77,753,635,adultos_18+,media
7,3,77,750,717,adultos_18+,media
6,3,80,650,788,adultos_18+,media
8,1,74,765,738,adultos_18+,media
8,2,82,783,736,adultos_18+,media
8,2,72,675,675,adultos_18+,media
8,2,73,708,714,adultos_18+,media
8,2,77,686,744,adultos_18+,media
7,2,69,678,792,adultos_18+,media
6,2,81,632,766,adultos_18+,media
7,3,69,686,791,adultos_18+,media
6,1,80,600,681,adultos_18+,media
7,3,69,677,665,adultos_18+,media
6,1,80,611,773,adultos_18+,media
7,2,77,668,784,adultos_18+,media
8,1,81,652,789,adultos_18+,media
6,1,76,601,758,adultos_18+,media
6,1,72,678,723,adultos_18+,media
8,2,70,737,764,adultos_18+,media
8,2,81,638,663,adultos_18+,media
6,2,67,724,610,adultos_18+,media
6,2,70,715,764,adultos_18+,media
6,3,78,622,680,adultos_18+,media
7,1,72,600,746,adultos_18+,media
6,2,75,724,618,adultos_18+,media
8,3,75,765,761,adultos_18+,media
7,2,71,779,656,adultos_18+,media
6,2,70,764,768,adultos_18+,media
6,2,68,696,611,adultos_18+,media
7,2,66,759,604,adultos_18+,media
6,3,81,663,644,adultos_18+,media
6,1,82,672,707,adultos_18+,media
8,2,76,584,749,adultos_18+,media
8,2,70,668,659,adultos_18+,media
7,2,77,630,728,adultos_18+,media
7,3,82,597,717,adultos_18+,media
8,1,71,685,712,adultos_18+,media
8,2,68,771,682,adultos_18+,media
7,3,66,641,628,adultos_18+,media
6,2,76,765,797,adultos_18+,media
6,1,67,625,615,adultos_18+,media
6,1,67,689,690,adultos_18+,media
8,3,77,652,786,adultos_18+,media
6,3,66,719,741,adultos_18+,media
6,2,78,612,666,adultos_18+,media
7,2,68,590,778,adultos_18+,media
8,3,80,579,757,adultos_18+,media
8,1,72,704,729,adultos_18+,media
8,1,79,677,684,adultos_18+,media
7,2,78,775,652,adultos_18+,media
6,3,73,750,734,adultos_18+,media
6,1,67,749,771,adultos_18+,media
6,1,78,734,741,adultos_18+,media
7,1,81,598,629,adultos_18+,media
8,1,71,754,692,adultos_18+,media
7,3,78,743,627,adultos_18+,media
8,2,67,735,623,adultos_18+,media
7,3,73,778,626,adultos_18+,media
8,3,72,580,644,adultos_18+,media
8,2,70,614,723,adultos_18+,media
8,3,71,713,601,adultos_18+,media
6,3,69,689,657,adultos_18+,media
7,3,81,656,753,adultos_18+,media
6,1,72,784,623,adultos_18+,media
8,2,73,768,672,adultos_18+,media
8,3,77,727,635,adultos_18+,media
7,1,77,613,647,adultos_18+,media
8,3,74,679,785,adultos_18+,media
6,2,81,608,634,adultos_18+,media
6,3,81,640,610,adultos_18+,media
6,1,82,706,751,adultos_18+,media
8,1,76,611,708,adultos_18+,media
6,2,82,609,663,adultos_18+,media
8,3,76,635,798,adultos_18+,media
7,2,82,638,765,adultos_18+,media
7,2,82,772,613,adultos_18+,media
6,1,66,699,611,adultos_18+,media
6,2,76,754,683,adultos_18+,media
8,2,80,772,697,adultos_18+,media
7,2,82,780,645,adultos_18+,media
6,3,72,588,720,adultos_18+,media
8,3,73,737,695,adultos_18+,media
7,2,79,699,671,adultos_18+,media
7,3,79,647,728,adultos_18+,media
7,3,71,742,736,adultos_18+,media
6,1,78,653,769,adultos_18+,media
7,3,72,650,778,adultos_18+,media
8,2,81,586,644,adultos_18+,media
6,2,82,746,709,adultos_18+,media
6,2,72,570,721,adultos_18+,media
7,3,71,771,612,adultos_18+,media
6,1,69,742,782,adultos_18+,media
6,1,72,668,659,adultos_18+,media
8,2,79,567,779,adultos_18+,media
7,2,80,681,640,adultos_18+,media
8,3,69,745,759,adultos_18+,media
8,3,75,767,799,adultos_18+,media
6,1,78,766,690,adultos_18+,media
8,1,82,609,690,adultos_18+,media
6,1,74,717,765,adultos_18+,media
7,1,72,721,753,adultos_18+,media
7,3,80,684,742,adultos_18+,media
7,1,81,687,645,adultos_18+,media
6,2,67,578,614,adultos_18+,media
8,2,71,633,646,adultos_18+,media
8,1,75,686,656,adultos_18+,media
6,3,81,782,744,adultos_18+,media
6,2,82,594,610,adultos_18+,media
6,3,82,618,635,adultos_18+,media
6,1,78,635,624,adultos_18+,media
6,2,75,754,639,adultos_18+,media
7,3,67,774,752,adultos_18+,media
7,3,77,624,654,adultos_18+,media
6,1,69,763,614,adultos_18+,media
8,1,80,677,795,adultos_18+,media
6,2,82,675,629,adultos_18+,media
7,3,70,588,772,adultos_18+,media
6,1,76,627,616,adultos_18+,media
6,2,80,604,712,adultos_18+,media
6,3,74,639,648,adultos_18+,media
6,1,77,652,640,adultos_18+,media
8,1,79,593,651,adultos_18+,media
7,3,66,733,721,adultos_18+,media
8,1,76,587,744,adultos_18+,media
8,3,80,690,631,adultos_18+,media
8,3,70,645,637,adultos_18+,media
7,1,79,720,753,adultos_18+,media
8,3,81,690,675,adultos_18+,media
6,2,77,594,661,adultos_18+,media
6,2,79,776,746,adultos_18+,media
6,3,68,761,625,adultos_18+,media
8,3,77,689,763,adultos_18+,media
7,2,82,623,667,adultos_18+,media
7,1,78,620,717,adultos_18+,media
7,3,67,677,784,adultos_18+,media
7,1,75,625,690,adultos_18+,media
8,2,67,774,789,adultos_18+,media
7,1,75,673,670,adultos_18+,media
8,3,77,782,762,adultos_18+,media
8,2,82,671,628,adultos_18+,media
6,3,80,661,798,adultos_18+,media
7,3,66,654,674,adultos_18+,media
8,1,68,575,782,adultos_18+,media
6,1,71,656,642,adultos_18+,media
7,3,80,648,636,adultos_18+,media
7,3,74,728,700,adultos_18+,media
6,1,66,709,797,adultos_18+,media
6,2,71,619,716,adultos_18+,media
6,3,69,747,600,adultos_18+,media
7,3,68,598,764,adultos_18+,media
7,2,71,635,624,adultos_18+,media
8,1,73,685,770,adultos_18+,media
6,1,70,678,737,adultos_18+,media
6,1,75,661,724,adultos_18+,media
8,1,74,597,657,adultos_18+,media
6,2,70,698,644,adultos_18+,media
7,1,79,600,735,adultos_18+,media
6,2,78,751,641,adultos_18+,media
8,1,71,584,757,adultos_18+,media
6,3,66,749,755,adultos_18+,media
6,3,78,659,786,adultos_18+,media
7,1,75,641,654,adultos_18+,media
6,1,78,741,612,adultos_18+,media
8,2,66,759,739,adultos_18+,media
8,3,77,692,754,adultos_18+,media
6,2,82,576,798,adultos_18+,media
7,3,70,675,668,adultos_18+,media
6,3,73,708,627,adultos_18+,media
6,2,67,684,614,adultos_18+,media
6,1,71,704,726,adultos_18+,media
7,2,67,742,617,adultos_18+,media
6,3,76,595,708,adultos_18+,media
7,3,81,713,786,adultos_18+,media
7,2,77,660,733,adultos_18+,media
8,2,66,728,777,adultos_18+,media
7,1,74,655,635,adultos_18+,media
6,3,67,761,701,adultos_18+,media
8,2,71,775,742,adultos_18+,media
6,1,74,738,766,adultos_18+,media
8,2,78,687,761,adultos_18+,media
6,3,66,768,628,adultos_18+,media
8,1,81,707,702,adultos_18+,media
8,3,72,679,742,adultos_18+,media
6,1,77,754,755,adultos_18+,media
7,1,76,759,750,adultos_18+,media
7,1,77,754,612,adultos_18+,media
6,2,68,615,730,adultos_18+,media
6,3,75,599,765,adultos_18+,media
7,2,70,746,739,adultos_18+,media
8,3,67,740,745,adultos_18+,media
8,3,72,596,619,adultos_18+,media
6,1,68,743,800,adultos_18+,media
6,3,75,623,676,adultos_18+,media
8,1,78,593,717,adultos_18+,media
8,2,76,753,699,adultos_18+,media
7,1,78,679,622,adultos_18+,media
6,2,71,605,693,adultos_18+,media
7,3,67,580,761,adultos_18+,media
8,1,81,673,725,adultos_18+,media
6,2,71,769,781,adultos_18+,media
7,3,75,602,620,adultos_18+,media
6,3,75,605,759,adultos_18+,media
8,1,75,649,670,adultos_18+,media
7,1,81,705,799,adultos_18+,media
8,2,78,715,664,adultos_18+,media
8,1,78,680,685,adultos_18+,media
8,2,78,672,642,adultos_18+,media
6,3,66,773,647,adultos_18+,media
7,1,68,745,751,adultos_18+,media
8,2,81,716,657,adultos_18+,media
6,3,77,660,688,adultos_18+,media
7,2,68,598,728,adultos_18+,media
8,1,72,723,758,adultos_18+,media
7,2,70,711,749,adultos_18+,media
8,3,73,784,633,adultos_18+,media
8,2,67,590,618,adultos_18+,media
8,1,81,726,774,adultos_18+,media
7,3,70,599,772,adultos_18+,media
6,1,66,690,800,adultos_18+,media
8,2,67,677,674,adultos_18+,media
6,1,66,749,773,adultos_18+,media
7,3,74,610,637,adultos_18+,media
8,1,73,614,637,adultos_18+,media
6,3,81,693,666,adultos_18+,media
8,1,68,593,787,adultos_18+,media
7,2,67,749,695,adultos_18+,media
7,1,75,759,632,adultos_18+,media
8,2,78,634,763,adultos_18+,media
6,2,76,629,786,adultos_18+,media
8,2,66,640,682,adultos_18+,media
7,2,79,676,618,adultos_18+,media
7,3,76,729,797,adultos_18+,media
7,3,67,627,757,adultos_18+,media
8,3,72,744,694,adultos_18+,media
8,3,81,692,798,adultos_18+,media
8,2,75,719,608,adultos_18+,media
7,2,81,716,769,adultos_18+,media
7,2,75,770,768,adultos_18+,media
6,1,66,682,718,adultos_18+,media
7,3,68,774,603,adultos_18+,media
8,2,66,713,788,adultos_18+,media
7,3,78,566,624,adultos_18+,media
7,2,77,729,794,adultos_18+,media
7,1,82,645,720,adultos_18+,media
8,2,72,741,769,adultos_18+,media
7,3,76,670,790,adultos_18+,media
8,2,66,697,776,adultos_18+,media
8,2,69,582,779,adultos_18+,media
8,1,81,641,673,adultos_18+,media
6,3,78,626,644,adultos_18+,media
7,1,74,732,720,adultos_18+,media
7,1,69,722,696,adultos_18+,media
7,3,71,582,638,adultos_18+,media
8,3,78,683,798,adultos_18+,media
7,2,75,596,750,adultos_18+,media
8,1,68,601,614,adultos_18+,media
8,1,66,764,729,adultos_18+,media
6,3,76,585,603,adultos_18+,media
8,2,79,644,744,adultos_18+,media
8,1,78,590,751,adultos_18+,media
8,1,67,641,763,adultos_18+,media
7,2,80,579,648,adultos_18+,media
6,1,71,628,750,adultos_18+,media
8,3,71,568,712,adultos_18+,media
6,2,82,778,641,adultos_18+,media
7,2,77,732,784,adultos_18+,media
8,2,72,717,610,adultos_18+,media
8,2,70,652,609,adultos_18+,media
8,1,66,726,795,adultos_18+,media
6,2,77,591,618,adultos_18+,media
6,3,78,776,641,adultos_18+,media
8,3,74,702,634,adultos_18+,media
6,2,76,646,627,adultos_18+,media
7,2,77,762,646,adultos_18+,media
6,3,77,665,685,adultos_18+,media
6,1,80,651,711,adultos_18+,media
6,1,81,574,725,adultos_18+,media
8,3,67,696,795,adultos_18+,media
7,3,71,697,727,adultos_18+,media
6,1,74,743,715,adultos_18+,media
6,3,72,723,602,adultos_18+,media
8,2,82,566,620,adultos_18+,media
7,3,82,678,698,adultos_18+,media
8,3,75,727,689,adultos_18+,media
8,1,74,643,777,adultos_18+,media
8,1,79,709,633,adultos_18+,media
7,2,67,635,637,adultos_18+,media
8,3,70,570,735,adultos_18+,media
8,2,76,620,651,adultos_18+,media
7,2,82,612,783,adultos_18+,media
6,3,74,716,650,adultos_18+,media
7,2,77,615,705,adultos_18+,media
8,3,78,639,680,adultos_18+,media
8,3,66,655,679,adultos_18+,media
7,2,78,752,734,adultos_18+,media
7,2,71,732,641,adultos_18+,media
8,3,80,752,679,adultos_18+,media
8,3,71,608,697,adultos_18+,media
8,3,74,569,799,adultos_18+,media
6,1,71,641,669,adultos_18+,media
8,2,67,736,739,adultos_18+,media
8,3,78,678,744,adultos_18+,media
6,1,68,647,742,adultos_18+,media
6,3,71,758,774,adultos_18+,media
6,2,77,575,692,adultos_18+,media
6,2,76,679,681,adultos_18+,media
8,1,70,634,762,adultos_18+,media
6,3,81,748,764,adultos_18+,media
8,2,72,702,731,adultos_18+,media
7,3,81,696,747,adultos_18+,media
6,3,79,757,738,adultos_18+,media
7,3,73,783,605,adultos_18+,media
8,1,74,767,798,adultos_18+,media
8,1,80,663,655,adultos_18+,media
7,2,70,773,741,adultos_18+,media
7,3,68,756,607,adultos_18+,media
8,3,82,705,682,adultos_18+,media
8,3,69,713,683,adultos_18+,media
6,1,71,655,726,adultos_18+,media
6,3,80,710,713,adultos_18+,media
7,1,66,681,643,adultos_18+,media
7,1,78,738,634,adultos_18+,media
7,3,70,730,780,adultos_18+,media
6,3,82,626,783,adultos_18+,media
7,2,76,767,650,adultos_18+,media
8,2,67,725,648,adultos_18+,media
8,3,69,637,623,adultos_18+,media
6,2,74,619,652,adultos_18+,media
8,2,77,748,749,adultos_18+,media
7,3,70,599,698,adultos_18+,media
6,3,80,765,798,adultos_18+,media
8,2,72,626,697,adultos_18+,media
7,1,72,609,761,adultos_18+,media
6,3,82,643,667,adultos_18+,media
8,1,75,749,603,adultos_18+,media
7,1,73,592,619,adultos_18+,media
7,3,67,752,620,adultos_18+,media
8,2,73,751,737,adultos_18+,media
7,2,71,594,618,adultos_18+,media
8,2,66,667,678,adultos_18+,media
7,1,80,585,719,adultos_18+,media
6,1,74,611,787,adultos_18+,media
7,3,71,603,737,adultos_18+,media
7,2,77,764,631,adultos_18+,media
6,3,75,712,719,adultos_18+,media
8,1,67,668,755,adultos_18+,media
7,3,73,611,742,adultos_18+,media
7,3,77,657,775,adultos_18+,media
8,1,78,698,795,adultos_18+,media
6,1,81,681,627,adultos_18+,media
6,2,66,764,676,adultos_18+,media
6,3,69,733,798,adultos_18+,media
6,1,72,572,696,adultos_18+,media
6,3,82,706,625,adultos_18+,media
6,1,77,688,759,adultos_18+,media
8,1,73,693,722,adultos_18+,media
8,1,69,744,724,adultos_18+,media
6,2,66,637,786,adultos_18+,media
6,3,74,614,601,adultos_18+,media
6,3,70,672,721,adultos_18+,media
7,1,69,762,750,adultos_18+,media
8,2,72,569,786,adultos_18+,media
7,1,80,602,727,adultos_18+,media
6,3,70,746,605,adultos_18+,media
7,3,67,689,615,adultos_18+,media
6,1,70,710,742,adultos_18+,media
6,3,67,585,711,adultos_18+,media
6,3,69,732,716,adultos_18+,media
7,3,82,651,644,adultos_18+,media
6,2,69,762,772,adultos_18+,media
7,2,75,724,641,adultos_18+,media
8,2,77,580,727,adultos_18+,media
7,1,69,701,704,adultos_18+,media
8,1,66,688,622,adultos_18+,media
6,1,70,736,737,adultos_18+,media
7,3,76,614,638,adultos_18+,media
7,2,71,668,794,adultos_18+,media
7,1,66,646,713,adultos_18+,media
6,1,72,663,660,adultos_18+,media
6,3,80,771,692,adultos_18+,media
6,3,67,583,738,adultos_18+,media
6,2,76,692,731,adultos_18+,media
6,2,73,678,715,adultos_18+,media
8,3,66,751,716,adultos_18+,media
7,3,73,665,799,adultos_18+,media
7,1,76,746,716,adultos_18+,media
7,1,79,588,759,adultos_18+,media
7,2,81,674,705,adultos_18+,media
7,3,69,727,737,adultos_18+,media
8,1,79,686,778,adultos_18+,media
8,1,68,584,656,adultos_18+,media
7,2,75,641,612,adultos_18+,media
7,1,80,748,655,adultos_18+,media
6,3,82,618,711,adultos_18+,media
8,1,80,607,675,adultos_18+,media
8,2,70,666,787,adultos_18+,media
7,1,74,658,720,adultos_18+,media
6,3,74,772,764,adultos_18+,media
6,3,69,571,677,adultos_18+,media
6,3,70,768,709,adultos_18+,media
6,3,80,632,775,adultos_18+,media
6,2,67,612,614,adultos_18+,media
8,3,82,592,664,adultos_18+,media
7,1,75,733,697,adultos_18+,media
6,1,76,729,747,adultos_18+,media
8,1,76,703,724,adultos_18+,media
8,2,80,573,789,adultos_18+,media
7,2,71,676,779,adultos_18+,media
7,2,72,783,776,adultos_18+,media
7,2,68,701,612,adultos_18+,media
8,3,71,744,619,adultos_18+,media
6,1,68,753,609,adultos_18+,media
6,2,82,676,620,adultos_18+,media
6,1,71,661,778,adultos_18+,media
6,2,71,700,778,adultos_18+,media
6,2,74,634,717,adultos_18+,media
6,1,67,595,723,adultos_18+,media
7,1,75,596,744,adultos_18+,media
6,2,80,740,798,adultos_18+,media
8,2,76,737,767,adultos_18+,media
6,3,79,632,784,adultos_18+,media
7,3,82,735,728,adultos_18+,media
7,3,76,778,629,adultos_18+,media
7,3,75,696,695,adultos_18+,media
6,1,78,677,600,adultos_18+,media
6,3,75,597,701,adultos_18+,media
6,1,81,661,794,adultos_18+,media
7,3,69,622,629,adultos_18+,media
8,3,79,583,721,adultos_18+,media
7,1,75,641,709,adultos_18+,media
6,2,67,571,639,adultos_18+,media
7,1,76,647,665,adultos_18+,media
7,3,79,573,748,adultos_18+,media
6,1,75,653,738,adultos_18+,media
8,3,82,687,752,adultos_18+,media
7,3,73,778,775,adultos_18+,media
7,1,80,693,636,adultos_18+,media
7,1,66,687,766,adultos_18+,media
7,2,79,716,610,adultos_18+,media
7,2,70,635,750,adultos_18+,media
7,1,76,681,737,adultos_18+,media
6,3,78,699,656,adultos_18+,media
8,2,67,587,692,adultos_18+,media
7,3,67,585,650,adultos_18+,media
7,2,68,678,712,adultos_18+,media
8,2,69,592,689,adultos_18+,media
6,3,82,708,792,adultos_18+,media
6,1,73,645,659,adultos_18+,media
8,1,81,777,693,adultos_18+,media
6,1,77,684,692,adultos_18+,media
8,3,67,680,776,adultos_18+,media
8,1,78,661,703,adultos_18+,media
6,3,69,735,698,adultos_18+,media
7,3,69,592,659,adultos_18+,media
7,3,74,667,790,adultos_18+,media
7,1,67,602,694,adultos_18+,media
8,1,70,743,672,adultos_18+,media
6,2,71,681,607,adultos_18+,media
6,3,73,615,733,adultos_18+,media
6,2,78,651,618,adultos_18+,media
8,1,78,714,655,adultos_18+,media
8,1,77,768,669,adultos_18+,media
7,2,80,652,643,adultos_18+,media
6,2,75,594,683,adultos_18+,media
8,3,81,751,712,adultos_18+,media
7,1,77,613,644,adultos_18+,media
6,2,78,731,654,adultos_18+,media
7,3,80,639,776,adultos_18+,media
8,3,70,610,717,adultos_18+,media
6,1,71,575,689,adultos_18+,media
8,3,81,739,678,adultos_18+,media
6,3,79,746,768,adultos_18+,media
8,2,72,745,771,adultos_18+,media
6,1,82,607,734,adultos_18+,media
8,3,82,670,735,adultos_18+,media
7,3,71,684,766,adultos_18+,media
8,1,71,762,710,adultos_18+,media
7,3,81,770,680,adultos_18+,media
8,3,66,597,660,adultos_18+,media
6,2,74,729,600,adultos_18+,media
8,1,75,673,709,adultos_18+,media
6,2,73,743,637,adultos_18+,media
8,1,81,675,756,adultos_18+,media
8,2,69,606,645,adultos_18+,media
7,1,72,691,789,adultos_18+,media
8,1,82,622,747,adultos_18+,media
7,2,76,693,721,adultos_18+,media
7,2,78,688,669,adultos_18+,media
7,1,72,646,705,adultos_18+,media
7,3,80,749,773,adultos_18+,media
7,1,77,758,602,adultos_18+,media
8,1,81,711,701,adultos_18+,media
8,1,70,567,748,adultos_18+,media
8,2,73,716,690,adultos_18+,media
8,3,74,709,726,adultos_18+,media
6,2,76,777,687,adultos_18+,media
7,1,71,777,780,adultos_18+,media
7,1,74,744,650,adultos_18+,media
8,3,78,762,784,adultos_18+,media
6,3,77,653,654,adultos_18+,media
7,2,72,655,756,adultos_18+,media
7,2,66,775,788,adultos_18+,media
6,2,78,651,758,adultos_18+,media
6,3,76,570,796,adultos_18+,media
8,1,77,593,705,adultos_18+,media
8,3,75,644,679,adultos_18+,media
6,1,79,639,740,adultos_18+,media
6,3,69,773,690,adultos_18+,media
8,2,80,721,733,adultos_18+,media
6,1,66,573,727,adultos_18+,media
6,1,67,588,745,adultos_18+,media
8,3,70,620,762,adultos_18+,media
8,2,79,596,778,adultos_18+,media
6,1,79,655,723,adultos_18+,media
6,2,81,604,698,adultos_18+,media
8,2,73,602,741,adultos_18+,media
6,3,80,597,772,adultos_18+,media
6,2,72,633,738,adultos_18+,media
8,2,78,671,796,adultos_18+,media
8,1,67,783,659,adultos_18+,media
8,2,70,650,744,adultos_18+,media
6,3,82,603,629,adultos_18+,media
8,2,69,778,728,adultos_18+,media
7,2,67,718,773,adultos_18+,media
7,3,80,745,649,adultos_18+,media
6,2,76,660,611,adultos_18+,media
7,2,72,632,624,adultos_18+,media
7,1,70,770,793,adultos_18+,media
8,2,81,594,760,adultos_18+,media
7,2,70,717,764,adultos_18+,media
7,3,72,621,779,adultos_18+,media
6,1,80,708,610,adultos_18+,media
6,1,77,655,677,adultos_18+,media
8,2,67,764,698,adultos_18+,media
8,2,79,775,657,adultos_18+,media
8,2,66,628,719,adultos_18+,media
6,3,68,594,668,adultos_18+,media
6,3,68,739,745,adultos_18+,media
7,3,67,648,721,adultos_18+,media
8,1,76,771,650,adultos_18+,media
8,3,80,735,611,adultos_18+,media
6,1,69,693,649,adultos_18+,media
6,1,72,668,652,adultos_18+,media
7,3,69,624,608,adultos_18+,media
7,2,76,731,761,adultos_18+,media
6,1,82,573,701,adultos_18+,media
8,2,73,716,742,adultos_18+,media
7,1,73,607,704,adultos_18+,media
7,1,69,678,634,adultos_18+,media
8,1,70,782,756,adultos_18+,media
8,2,69,682,732,adultos_18+,media
8,1,67,677,632,adultos_18+,media
6,2,72,770,772,adultos_18+,media
8,3,74,568,781,adultos_18+,media
6,1,74,777,699,adultos_18+,media
6,2,77,713,707,adultos_18+,media
7,2,71,677,672,adultos_18+,media
7,2,73,630,792,adultos_18+,media
6,2,78,741,644,adultos_18+,media
7,2,68,669,614,adultos_18+,media
7,2,71,666,679,adultos_18+,media
7,2,77,581,788,adultos_18+,media
6,2,82,755,724,adultos_18+,media
6,2,71,718,719,adultos_18+,media
6,1,66,628,750,adultos_18+,media
6,1,66,595,762,adultos_18+,media
6,3,73,776,744,adultos_18+,media
6,3,77,597,717,adultos_18+,media
6,2,75,592,783,adultos_18+,media
6,2,71,689,686,adultos_18+,media
7,3,76,779,711,adultos_18+,media
8,3,73,689,705,adultos_18+,media
7,2,76,614,650,adultos_18+,media
6,3,68,758,676,adultos_18+,media
8,2,79,735,678,adultos_18+,media
8,2,80,613,676,adultos_18+,media
6,3,68,760,760,adultos_18+,media
6,3,66,627,739,adultos_18+,media
7,2,67,778,636,adultos_18+,media
8,1,78,694,752,adultos_18+,media
6,2,82,765,729,adultos_18+,media
7,2,67,599,611,adultos_18+,media
7,2,75,632,684,adultos_18+,media
6,1,80,620,730,adultos_18+,media
7,1,76,732,767,adultos_18+,media
8,2,66,569,686,adultos_18+,media
8,2,76,573,736,adultos_18+,media
8,3,80,714,777,adultos_18+,media
7,3,66,740,707,adultos_18+,media
7,2,73,592,678,adultos_18+,media
8,2,72,741,722,adultos_18+,media
6,2,77,747,760,adultos_18+,media
6,1,68,710,604,adultos_18+,media
6,3,78,678,781,adultos_18+,media
6,1,79,589,711,adultos_18+,media
6,1,81,684,772,adultos_18+,media
8,3,76,748,695,adultos_18+,media
8,2,77,686,778,adultos_18+,media
7,3,70,745,686,adultos_18+,media
6,3,72,685,710,adultos_18+,media
8,1,76,679,706,adultos_18+,media
6,1,67,604,753,adultos_18+,media
6,3,77,686,710,adultos_18+,media
6,1,72,777,644,adultos_18+,media
7,1,74,627,790,adultos_18+,media
6,1,67,778,739,adultos_18+,media
6,2,67,613,693,adultos_18+,media
6,3,68,589,766,adultos_18+,media
6,1,67,608,626,adultos_18+,media
7,2,77,643,719,adultos_18+,media
7,2,67,745,666,adultos_18+,media
6,1,74,733,749,adultos_18+,media
8,2,80,689,779,adultos_18+,media
6,2,74,628,764,adultos_18+,media
8,1,71,645,659,adultos_18+,media
8,1,66,641,652,adultos_18+,media
8,3,82,665,746,adultos_18+,media
6,1,78,706,793,adultos_18+,media
8,1,70,721,635,adultos_18+,media
8,2,74,602,701,adultos_18+,media
7,1,71,568,735,adultos_18+,media
7,3,74,667,680,adultos_18+,media
8,3,80,762,745,adultos_18+,media
6,2,79,618,659,adultos_18+,media
8,1,77,593,730,adultos_18+,media
6,2,79,610,769,adultos_18+,media
6,3,80,639,701,adultos_18+,media
8,3,66,650,685,adultos_18+,media
7,1,82,590,631,adultos_18+,media
7,1,74,773,685,adultos_18+,media
8,3,74,754,606,adultos_18+,media
6,1,79,671,800,adultos_18+,media
7,2,69,732,791,adultos_18+,media
6,1,75,665,602,adultos_18+,media
7,1,75,726,800,adultos_18+,media
7,1,77,612,791,adultos_18+,media
8,2,80,597,736,adultos_18+,media
7,1,82,576,648,adultos_18+,media
8,1,79,648,657,adultos_18+,media
8,3,72,769,619,adultos_18+,media
8,3,68,699,705,adultos_18+,media
6,3,79,585,647,adultos_18+,media
7,2,73,691,608,adultos_18+,media
8,2,68,767,718,adultos_18+,media
6,2,79,594,656,adultos_18+,media
7,1,76,649,607,adultos_18+,media
7,3,79,622,610,adultos_18+,media
8,3,75,566,745,adultos_18+,media
7,2,69,667,793,adultos_18+,media
6,1,71,717,601,adultos_18+,media
8,1,78,570,688,adultos_18+,media
6,1,67,744,797,adultos_18+,media
6,3,79,747,740,adultos_18+,media
7,3,70,609,673,adultos_18+,media
7,2,74,721,669,adultos_18+,media
8,2,72,642,760,adultos_18+,media
8,2,81,642,629,adultos_18+,media
8,3,75,664,766,adultos_18+,media
6,1,78,779,619,adultos_18+,media
8,1,71,756,670,adultos_18+,media
7,1,75,601,686,adultos_18+,media
6,2,75,754,727,adultos_18+,media
8,3,80,763,726,adultos_18+,media
6,1,79,664,784,adultos_18+,media
8,2,81,671,786,adultos_18+,media
7,1,75,700,757,adultos_18+,media
6,3,72,680,636,adultos_18+,media
7,3,72,593,783,adultos_18+,media
7,1,72,611,787,adultos_18+,media
7,2,79,782,612,adultos_18+,media
6,3,74,616,688,adultos_18+,media
7,1,66,587,703,adultos_18+,media
6,2,66,629,621,adultos_18+,media
7,1,66,625,707,adultos_18+,media
6,1,77,582,702,adultos_18+,media
8,2,69,780,799,adultos_18+,media
7,2,77,584,727,adultos_18+,media
8,1,71,756,695,adultos_18+,media
7,1,70,621,658,adultos_18+,media
6,2,74,648,731,adultos_18+,media
7,1,77,733,731,adultos_18+,media
6,2,75,580,711,adultos_18+,media
6,2,70,678,603,adultos_18+,media
8,3,72,727,625,adultos_18+,media
7,2,69,707,710,adultos_18+,media
8,3,67,758,696,adultos_18+,media
8,1,80,695,634,adultos_18+,media
8,3,73,616,713,adultos_18+,media
8,2,68,605,780,adultos_18+,media
6,3,66,698,761,adultos_18+,media
7,1,68,626,721,adultos_18+,media
6,3,79,773,748,adultos_18+,media
8,2,80,602,722,adultos_18+,media
8,1,71,644,759,adultos_18+,media
8,1,74,594,643,adultos_18+,media
6,2,70,598,662,adultos_18+,media
7,2,78,659,631,adultos_18+,media
8,1,79,740,683,adultos_18+,media
6,1,70,748,615,adultos_18+,media
8,1,78,685,673,adultos_18+,media
7,2,77,711,782,adultos_18+,media
7,2,80,660,786,adultos_18+,media
6,3,72,585,637,adultos_18+,media
7,2,68,720,609,adultos_18+,media
7,3,77,617,699,adultos_18+,media
6,3,74,766,668,adultos_18+,media
8,3,73,711,710,adultos_18+,media
6,1,66,711,627,adultos_18+,media
7,3,72,773,764,adultos_18+,media
7,2,69,592,686,adultos_18+,media
8,2,74,626,711,adultos_18+,media
6,3,82,737,678,adultos_18+,media
7,2,76,748,617,adultos_18+,media
6,3,82,755,775,adultos_18+,media
7,2,82,641,637,adultos_18+,media
8,2,78,675,668,adultos_18+,media
6,2,80,677,676,adultos_18+,media
7,2,81,778,648,adultos_18+,media
6,3,78,763,634,adultos_18+,media
8,1,73,612,650,adultos_18+,media
6,1,82,579,741,adultos_18+,media
8,1,82,725,649,adultos_18+,media
8,3,73,636,748,adultos_18+,media
8,2,72,774,712,adultos_18+,media
6,2,75,646,700,adultos_18+,media
6,1,74,747,712,adultos_18+,media
6,3,71,664,663,adultos_18+,media
6,2,74,661,620,adultos_18+,media
6,3,73,695,698,adultos_18+,media
6,2,68,602,651,adultos_18+,media
7,2,72,704,616,adultos_18+,media
6,3,80,639,639,adultos_18+,media
8,3,75,639,613,adultos_18+,media
6,3,75,568,705,adultos_18+,media
8,1,73,647,722,adultos_18+,media
8,1,81,740,751,adultos_18+,media
7,1,70,734,720,adultos_18+,media
6,3,77,696,626,adultos_18+,media
6,2,73,708,645,adultos_18+,media
8,3,77,698,730,adultos_18+,media
6,2,72,578,657,adultos_18+,media
7,3,77,638,735,adultos_18+,media
7,3,66,612,700,adultos_18+,media
8,1,69,573,650,adultos_18+,media
6,3,81,603,619,adultos_18+,media
8,3,67,707,717,adultos_18+,media
8,3,79,568,791,adultos_18+,media
6,1,80,661,614,adultos_18+,media
7,1,69,642,602,adultos_18+,media
7,1,70,656,643,adultos_18+,media
7,2,70,641,644,adultos_18+,media
8,2,68,584,773,adultos_18+,media
8,1,75,777,623,adultos_18+,media
6,1,73,695,611,adultos_18+,media
8,3,79,722,670,adultos_18+,media
6,1,67,683,722,adultos_18+,media
8,2,70,781,622,adultos_18+,media
8,2,75,770,638,adultos_18+,media
6,1,73,708,703,adultos_18+,media
7,2,71,653,631,adultos_18+,media
7,1,66,677,608,adultos_18+,media
6,3,67,734,792,adultos_18+,media
7,2,70,784,638,adultos_18+,media
8,3,66,585,701,adultos_18+,media
6,2,77,736,601,adultos_18+,media
8,1,77,566,623,adultos_18+,media
6,3,69,588,719,adultos_18+,media
6,1,80,643,654,adultos_18+,media
8,3,82,633,726,adultos_18+,media
8,3,70,660,724,adultos_18+,media
7,1,67,669,673,adultos_18+,media
7,3,79,662,766,adultos_18+,media
8,3,81,733,762,adultos_18+,media
7,2,66,671,653,adultos_18+,media
8,2,74,648,611,adultos_18+,media
7,3,68,747,633,adultos_18+,media
6,3,73,744,623,adultos_18+,media
7,2,78,641,671,adultos_18+,media
6,3,75,730,722,adultos_18+,media
6,1,66,646,695,adultos_18+,media
7,3,67,664,781,adultos_18+,media
6,1,78,710,687,adultos_18+,media
6,2,81,750,679,adultos_18+,media
8,3,69,576,703,adultos_18+,media
8,3,82,624,684,adultos_18+,media
8,2,80,704,621,adultos_18+,media
7,1,77,743,784,adultos_18+,media
8,3,78,685,776,adultos_18+,media
7,2,74,664,624,adultos_18+,media
6,3,79,568,637,adultos_18+,media
9,0,98,470,995,adultos_18+,alta
8,1,97,378,990,adultos_18+,alta
8,1,86,373,811,adultos_18+,alta
8,0,90,516,880,adultos_18+,alta
8,1,89,499,868,adultos_18+,alta
8,0,84,483,880,adultos_18+,alta
10,0,92,466,932,adultos_18+,alta
10,1,89,351,947,adultos_18+,alta
10,1,89,402,880,adultos_18+,alta
8,1,88,556,876,adultos_18+,alta
8,1,95,564,849,adultos_18+,alta
9,1,85,500,823,adultos_18+,alta
10,1,89,413,852,adultos_18+,alta
9,1,82,458,849,adultos_18+,alta
10,1,83,386,966,adultos_18+,alta
8,1,89,549,888,adultos_18+,alta
8,0,82,397,939,adultos_18+,alta
10,1,98,555,983,adultos_18+,alta
9,0,82,506,973,adultos_18+,alta
9,0,86,404,985,adultos_18+,alta
8,1,87,507,865,adultos_18+,alta
8,1,91,453,959,adultos_18+,alta
9,1,82,469,919,adultos_18+,alta
10,1,82,359,828,adultos_18+,alta
9,0,97,356,980,adultos_18+,alta
8,1,90,463,814,adultos_18+,alta
8,0,97,418,832,adultos_18+,alta
10,1,95,523,901,adultos_18+,alta
9,0,94,375,895,adultos_18+,alta
8,1,91,419,949,adultos_18+,alta
10,1,87,550,836,adultos_18+,alta
8,0,97,389,958,adultos_18+,alta
10,0,90,522,821,adultos_18+,alta
10,1,86,463,912,adultos_18+,alta
10,1,86,370,944,adultos_18+,alta
10,0,95,454,931,adultos_18+,alta
10,1,83,537,967,adultos_18+,alta
10,1,96,391,917,adultos_18+,alta
10,1,84,417,804,adultos_18+,alta
10,0,98,502,812,adultos_18+,alta
8,1,90,476,866,adultos_18+,alta
8,0,87,530,935,adultos_18+,alta
9,1,93,472,918,adultos_18+,alta
9,1,88,565,858,adultos_18+,alta
8,1,89,399,852,adultos_18+,alta
8,0,93,358,812,adultos_18+,alta
10,0,85,533,838,adultos_18+,alta
10,1,92,443,940,adultos_18+,alta
10,0,91,352,928,adultos_18+,alta
10,0,97,534,985,adultos_18+,alta
8,1,94,495,984,adultos_18+,alta
8,1,98,417,885,adultos_18+,alta
9,0,96,417,951,adultos_18+,alta
9,0,90,521,846,adultos_18+,alta
8,1,86,451,835,adultos_18+,alta
9,1,88,375,922,adultos_18+,alta
9,1,98,397,936,adultos_18+,alta
9,0,97,450,965,adultos_18+,alta
10,0,89,391,904,adultos_18+,alta
10,1,86,525,866,adultos_18+,alta
10,0,85,374,915,adultos_18+,alta
10,1,91,539,985,adultos_18+,alta
9,0,97,384,889,adultos_18+,alta
8,1,98,450,834,adultos_18+,alta
10,1,94,357,816,adultos_18+,alta
8,1,92,505,901,adultos_18+,alta
8,0,92,395,914,adultos_18+,alta
9,1,97,370,918,adultos_18+,alta
10,0,95,561,897,adultos_18+,alta
8,1,92,483,964,adultos_18+,alta
10,0,89,511,937,adultos_18+,alta
9,1,96,526,908,adultos_18+,alta
9,0,93,549,940,adultos_18+,alta
9,0,88,370,978,adultos_18+,alta
8,0,87,398,993,adultos_18+,alta
8,0,82,528,873,adultos_18+,alta
9,1,91,477,968,adultos_18+,alta
9,1,88,414,848,adultos_18+,alta
10,0,91,525,915,adultos_18+,alta
9,1,97,474,959,adultos_18+,alta
8,1,92,371,868,adultos_18+,alta
9,1,82,524,979,adultos_18+,alta
8,0,91,472,911,adultos_18+,alta
10,0,84,504,900,adultos_18+,alta
8,1,95,472,888,adultos_18+,alta
10,0,98,516,984,adultos_18+,alta
10,0,83,460,944,adultos_18+,alta
8,1,89,442,872,adultos_18+,alta
10,1,85,508,911,adultos_18+,alta
10,0,90,537,980,adultos_18+,alta
9,1,98,389,881,adultos_18+,alta
8,1,82,537,855,adultos_18+,alta
8,1,91,530,863,adultos_18+,alta
9,1,90,542,927,adultos_18+,alta
9,1,82,476,923,adultos_18+,alta
10,1,94,413,966,adultos_18+,alta
9,0,94,396,813,adultos_18+,alta
8,1,94,356,972,adultos_18+,alta
10,0,96,490,848,adultos_18+,alta
10,0,84,416,952,adultos_18+,alta
8,0,92,407,815,adultos_18+,alta
10,0,91,389,805,adultos_18+,alta
8,0,89,480,874,adultos_18+,alta
9,1,88,483,839,adultos_18+,alta
9,0,93,490,921,adultos_18+,alta
9,1,89,535,988,adultos_18+,alta
10,1,96,364,874,adultos_18+,alta
8,0,97,350,943,adultos_18+,alta
10,0,93,385,945,adultos_18+,alta
10,0,93,358,880,adultos_18+,alta
10,1,89,463,991,adultos_18+,alta
8,1,95,431,827,adultos_18+,alta
9,1,93,382,902,adultos_18+,alta
9,1,96,380,909,adultos_18+,alta
9,1,83,458,835,adultos_18+,alta
9,1,97,415,916,adultos_18+,alta
9,1,95,419,841,adultos_18+,alta
8,1,88,445,852,adultos_18+,alta
10,0,95,562,909,adultos_18+,alta
9,0,97,486,927,adultos_18+,alta
8,0,89,355,856,adultos_18+,alta
9,0,96,511,963,adultos_18+,alta
8,0,93,532,946,adultos_18+,alta
10,1,96,421,833,adultos_18+,alta
8,1,93,399,938,adultos_18+,alta
8,0,98,480,969,adultos_18+,alta
10,0,84,432,994,adultos_18+,alta
9,1,96,440,809,adultos_18+,alta
10,1,98,409,980,adultos_18+,alta
8,1,94,429,830,adultos_18+,alta
10,0,87,553,819,adultos_18+,alta
9,1,96,354,892,adultos_18+,alta
10,0,89,496,912,adultos_18+,alta
9,0,83,520,898,adultos_18+,alta
8,0,82,566,849,adultos_18+,alta
10,0,82,356,810,adultos_18+,alta
8,1,84,355,909,adultos_18+,alta
8,0,87,435,801,adultos_18+,alta
8,1,95,440,937,adultos_18+,alta
9,1,86,429,944,adultos_18+,alta
8,1,92,551,830,adultos_18+,alta
10,0,91,473,823,adultos_18+,alta
8,1,97,366,949,adultos_18+,alta
10,1,89,552,883,adultos_18+,alta
10,1,86,516,980,adultos_18+,alta
9,0,82,477,818,adultos_18+,alta
10,0,98,492,855,adultos_18+,alta
10,1,88,388,909,adultos_18+,alta
10,1,90,511,833,adultos_18+,alta
9,0,83,421,994,adultos_18+,alta
9,0,90,525,804,adultos_18+,alta
8,0,90,476,905,adultos_18+,alta
10,0,89,350,926,adultos_18+,alta
9,1,83,351,933,adultos_18+,alta
9,0,92,457,854,adultos_18+,alta
10,1,97,448,854,adultos_18+,alta
10,1,89,547,906,adultos_18+,alta
9,0,93,547,896,adultos_18+,alta
10,0,89,479,831,adultos_18+,alta
8,0,93,517,955,adultos_18+,alta
9,0,98,511,877,adultos_18+,alta
8,1,84,556,851,adultos_18+,alta
9,1,84,483,870,adultos_18+,alta
9,0,98,405,865,adultos_18+,alta
9,0,92,533,955,adultos_18+,alta
8,1,86,383,891,adultos_18+,alta
8,1,93,361,817,adultos_18+,alta
8,0,94,554,977,adultos_18+,alta
8,0,88,566,980,adultos_18+,alta
9,0,83,502,980,adultos_18+,alta
9,1,93,462,805,adultos_18+,alta
8,1,87,397,874,adultos_18+,alta
9,0,96,559,967,adultos_18+,alta
8,1,86,434,876,adultos_18+,alta
9,0,91,482,833,adultos_18+,alta
10,1,83,414,992,adultos_18+,alta
9,0,87,532,849,adultos_18+,alta
8,0,90,552,861,adultos_18+,alta
9,1,83,420,824,adultos_18+,alta
8,0,90,372,898,adultos_18+,alta
10,0,83,351,982,adultos_18+,alta
9,1,89,527,985,adultos_18+,alta
8,0,91,424,925,adultos_18+,alta
9,0,91,469,975,adultos_18+,alta
9,0,96,554,834,adultos_18+,alta
10,0,84,374,821,adultos_18+,alta
10,1,85,445,861,adultos_18+,alta
8,0,95,391,838,adultos_18+,alta
8,1,84,373,828,adultos_18+,alta
9,1,85,488,978,adultos_18+,alta
8,1,94,385,938,adultos_18+,alta
10,0,84,551,998,adultos_18+,alta
10,0,97,537,976,adultos_18+,alta
8,0,88,467,814,adultos_18+,alta
8,1,92,416,939,adultos_18+,alta
10,1,98,358,845,adultos_18+,alta
10,1,85,520,874,adultos_18+,alta
10,0,85,525,800,adultos_18+,alta
9,0,98,526,963,adultos_18+,alta
10,0,93,364,814,adultos_18+,alta
10,1,86,487,914,adultos_18+,alta
8,1,92,394,966,adultos_18+,alta
9,1,95,542,819,adultos_18+,alta
9,0,82,510,810,adultos_18+,alta
8,0,95,530,963,adultos_18+,alta
8,0,82,512,826,adultos_18+,alta
10,0,91,487,964,adultos_18+,alta
10,0,84,536,817,adultos_18+,alta
9,1,91,552,889,adultos_18+,alta
9,1,82,392,996,adultos_18+,alta
10,1,85,468,932,adultos_18+,alta
8,1,98,458,909,adultos_18+,alta
9,0,91,475,991,adultos_18+,alta
10,1,94,526,862,adultos_18+,alta
8,1,87,523,876,adultos_18+,alta
8,0,93,393,812,adultos_18+,alta
8,1,88,495,913,adultos_18+,alta
9,0,95,386,947,adultos_18+,alta
9,1,98,525,868,adultos_18+,alta
8,1,98,557,923,adultos_18+,alta
8,0,87,563,908,adultos_18+,alta
8,0,83,412,991,adultos_18+,alta
9,0,88,565,969,adultos_18+,alta
10,0,96,450,950,adultos_18+,alta
10,1,83,395,856,adultos_18+,alta
9,0,82,419,888,adultos_18+,alta
8,0,95,543,862,adultos_18+,alta
8,1,98,443,894,adultos_18+,alta
10,0,89,382,869,adultos_18+,alta
8,1,91,454,977,adultos_18+,alta
8,1,95,438,936,adultos_18+,alta
9,0,92,449,989,adultos_18+,alta
10,0,94,460,841,adultos_18+,alta
8,0,84,540,816,adultos_18+,alta
8,0,93,449,859,adultos_18+,alta
8,1,84,495,851,adultos_18+,alta
8,0,91,442,860,adultos_18+,alta
8,0,84,359,895,adultos_18+,alta
8,0,92,439,942,adultos_18+,alta
9,1,83,561,883,adultos_18+,alta
10,1,82,519,817,adultos_18+,alta
10,1,85,516,998,adultos_18+,alta
8,0,87,360,918,adultos_18+,alta
8,1,88,358,836,adultos_18+,alta
9,0,93,543,876,adultos_18+,alta
9,0,96,391,874,adultos_18+,alta
9,1,96,477,886,adultos_18+,alta
10,1,86,533,899,adultos_18+,alta
10,0,89,504,891,adultos_18+,alta
10,0,84,511,874,adultos_18+,alta
10,0,84,363,826,adultos_18+,alta
9,1,91,563,983,adultos_18+,alta
9,0,96,444,950,adultos_18+,alta
9,1,84,413,962,adultos_18+,alta
10,1,94,439,955,adultos_18+,alta
9,1,96,461,1000,adultos_18+,alta
9,1,88,365,968,adultos_18+,alta
10,0,95,553,880,adultos_18+,alta
8,1,89,516,829,adultos_18+,alta
10,1,90,474,805,adultos_18+,alta
10,1,94,399,843,adultos_18+,alta
8,0,93,546,946,adultos_18+,alta
8,1,84,522,923,adultos_18+,alta
9,0,96,399,806,adultos_18+,alta
9,0,86,352,996,adultos_18+,alta
9,0,97,475,987,adultos_18+,alta
10,0,85,482,962,adultos_18+,alta
9,1,82,393,835,adultos_18+,alta
9,0,95,442,904,adultos_18+,alta
10,1,92,443,907,adultos_18+,alta
9,1,86,507,889,adultos_18+,alta
8,0,93,438,990,adultos_18+,alta
10,1,91,494,896,adultos_18+,alta
9,1,92,392,824,adultos_18+,alta
8,1,91,365,930,adultos_18+,alta
8,1,87,352,976,adultos_18+,alta
8,1,94,379,960,adultos_18+,alta
9,1,83,401,875,adultos_18+,alta
9,0,98,379,850,adultos_18+,alta
9,1,93,514,890,adultos_18+,alta
9,1,82,541,822,adultos_18+,alta
9,0,86,523,802,adultos_18+,alta
9,0,82,474,940,adultos_18+,alta
9,0,89,375,872,adultos_18+,alta
10,1,96,433,982,adultos_18+,alta
8,1,94,474,909,adultos_18+,alta
9,1,95,404,980,adultos_18+,alta
8,1,93,508,884,adultos_18+,alta
10,0,93,436,941,adultos_18+,alta
8,0,89,373,993,adultos_18+,alta
8,0,92,426,999,adultos_18+,alta
9,1,86,530,887,adultos_18+,alta
8,0,93,519,934,adultos_18+,alta
8,1,96,434,879,adultos_18+,alta
10,0,94,486,987,adultos_18+,alta
10,1,84,442,884,adultos_18+,alta
9,0,91,422,985,adultos_18+,alta
10,1,97,520,914,adultos_18+,alta
9,0,85,456,969,adultos_18+,alta
8,1,95,530,897,adultos_18+,alta
10,1,90,483,976,adultos_18+,alta
9,1,84,549,971,adultos_18+,alta
9,0,94,465,815,adultos_18+,alta
9,0,93,496,832,adultos_18+,alta
9,1,83,554,882,adultos_18+,alta
8,1,82,543,831,adultos_18+,alta
8,1,94,507,947,adultos_18+,alta
10,1,91,495,850,adultos_18+,alta
8,1,88,396,976,adultos_18+,alta
9,1,86,389,922,adultos_18+,alta
8,0,88,400,853,adultos_18+,alta
10,1,84,505,939,adultos_18+,alta
9,1,86,467,804,adultos_18+,alta
8,1,97,433,943,adultos_18+,alta
9,1,87,445,969,adultos_18+,alta
9,0,90,543,959,adultos_18+,alta
8,0,85,487,820,adultos_18+,alta
10,1,87,425,907,adultos_18+,alta
10,1,86,453,973,adultos_18+,alta
10,0,88,494,947,adultos_18+,alta
10,1,84,541,941,adultos_18+,alta
8,0,94,443,866,adultos_18+,alta
9,0,95,511,991,adultos_18+,alta
8,1,85,522,892,adultos_18+,alta
9,1,89,359,903,adultos_18+,alta
9,1,95,473,986,adultos_18+,alta
9,0,98,439,902,adultos_18+,alta
8,1,86,557,982,adultos_18+,alta
10,1,98,433,923,adultos_18+,alta
9,1,91,544,909,adultos_18+,alta
8,0,95,490,963,adultos_18+,alta
8,1,92,462,947,adultos_18+,alta
8,1,89,441,928,adultos_18+,alta
9,0,95,549,861,adultos_18+,alta
9,1,91,558,841,adultos_18+,alta
9,1,91,452,941,adultos_18+,alta
9,1,82,432,908,adultos_18+,alta
9,0,98,394,979,adultos_18+,alta
9,0,85,422,815,adultos_18+,alta
9,0,96,355,865,adultos_18+,alta
10,0,94,447,855,adultos_18+,alta
8,0,98,549,872,adultos_18+,alta
10,1,83,536,831,adultos_18+,alta
10,0,88,443,820,adultos_18+,alta
8,1,86,372,915,adultos_18+,alta
10,0,87,508,834,adultos_18+,alta
8,1,84,482,987,adultos_18+,alta
10,1,88,499,956,adultos_18+,alta
9,0,95,434,872,adultos_18+,alta
8,0,86,431,848,adultos_18+,alta
9,0,93,550,937,adultos_18+,alta
9,0,84,545,945,adultos_18+,alta
9,0,91,479,847,adultos_18+,alta
10,1,93,519,958,adultos_18+,alta
8,0,95,392,944,adultos_18+,alta
10,1,87,365,959,adultos_18+,alta
8,0,83,370,813,adultos_18+,alta
8,1,88,502,837,adultos_18+,alta
9,0,83,362,846,adultos_18+,alta
8,1,97,515,895,adultos_18+,alta
10,1,92,548,811,adultos_18+,alta
8,0,85,424,864,adultos_18+,alta
10,1,85,521,821,adultos_18+,alta
10,0,96,425,839,adultos_18+,alta
10,1,92,439,867,adultos_18+,alta
9,0,90,416,801,adultos_18+,alta
8,0,96,400,941,adultos_18+,alta
9,1,91,477,820,adultos_18+,alta
10,0,97,392,869,adultos_18+,alta
10,1,90,484,861,adultos_18+,alta
9,0,98,501,886,adultos_18+,alta
10,0,91,505,843,adultos_18+,alta
9,0,97,403,966,adultos_18+,alta
10,1,85,421,963,adultos_18+,alta
9,0,87,529,857,adultos_18+,alta
8,1,89,374,827,adultos_18+,alta
8,1,89,515,984,adultos_18+,alta
9,0,97,414,934,adultos_18+,alta
9,1,91,421,845,adultos_18+,alta
9,0,98,355,874,adultos_18+,alta
8,1,86,364,831,adultos_18+,alta
8,0,94,530,856,adultos_18+,alta
10,1,90,442,965,adultos_18+,alta
9,1,82,450,813,adultos_18+,alta
10,1,93,550,988,adultos_18+,alta
10,0,93,431,872,adultos_18+,alta
10,0,95,493,987,adultos_18+,alta
9,0,88,516,911,adultos_18+,alta
8,0,98,509,993,adultos_18+,alta
9,0,97,474,858,adultos_18+,alta
8,1,84,525,889,adultos_18+,alta
9,1,92,409,966,adultos_18+,alta
9,0,93,513,841,adultos_18+,alta
9,0,86,436,916,adultos_18+,alta
8,0,86,502,929,adultos_18+,alta
8,1,87,563,943,adultos_18+,alta
9,1,97,566,874,adultos_18+,alta
9,0,91,449,807,adultos_18+,alta
8,0,91,460,855,adultos_18+,alta
10,1,82,507,889,adultos_18+,alta
8,0,86,502,807,adultos_18+,alta
8,0,95,501,855,adultos_18+,alta
9,0,84,561,903,adultos_18+,alta
8,1,92,438,898,adultos_18+,alta
8,1,89,512,902,adultos_18+,alta
9,1,95,410,980,adultos_18+,alta
10,0,83,363,805,adultos_18+,alta
10,1,88,564,870,adultos_18+,alta
10,1,97,408,863,adultos_18+,alta
10,1,98,467,914,adultos_18+,alta
8,0,94,390,813,adultos_18+,alta
10,1,94,392,867,adultos_18+,alta
8,1,82,426,831,adultos_18+,alta
8,0,98,566,925,adultos_18+,alta
10,0,90,442,976,adultos_18+,alta
9,0,88,461,853,adultos_18+,alta
9,0,86,407,940,adultos_18+,alta
8,0,84,476,861,adultos_18+,alta
8,1,86,478,875,adultos_18+,alta
10,1,92,403,828,adultos_18+,alta
8,1,93,424,927,adultos_18+,alta
9,0,92,421,877,adultos_18+,alta
10,0,82,457,837,adultos_18+,alta
10,0,93,404,820,adultos_18+,alta
10,0,90,485,867,adultos_18+,alta
8,1,85,541,969,adultos_18+,alta
8,1,88,521,814,adultos_18+,alta
9,1,91,364,835,adultos_18+,alta
8,1,86,381,945,adultos_18+,alta
10,1,89,392,850,adultos_18+,alta
10,1,91,495,966,adultos_18+,alta
9,0,85,465,832,adultos_18+,alta
9,0,85,454,831,adultos_18+,alta
10,1,84,481,983,adultos_18+,alta
8,0,97,485,977,adultos_18+,alta
9,0,94,458,970,adultos_18+,alta
8,0,87,433,978,adultos_18+,alta
8,0,94,421,932,adultos_18+,alta
10,1,94,523,893,adultos_18+,alta
10,1,87,485,813,adultos_18+,alta
8,0,85,448,854,adultos_18+,alta
9,1,97,557,815,adultos_18+,alta
8,0,94,541,988,adultos_18+,alta
10,0,86,370,963,adultos_18+,alta
9,0,83,427,853,adultos_18+,alta
8,1,89,545,914,adultos_18+,alta
8,0,95,462,962,adultos_18+,alta
8,1,97,404,859,adultos_18+,alta
9,1,96,488,851,adultos_18+,alta
9,1,83,565,913,adultos_18+,alta
10,0,91,553,885,adultos_18+,alta
8,1,88,526,970,adultos_18+,alta
10,0,89,543,891,adultos_18+,alta
8,0,94,356,976,adultos_18+,alta
9,0,82,469,957,adultos_18+,alta
9,0,88,478,946,adultos_18+,alta
8,0,82,413,938,adultos_18+,alta
8,1,92,533,964,adultos_18+,alta
10,0,97,456,903,adultos_18+,alta
10,1,94,370,938,adultos_18+,alta
10,0,82,545,924,adultos_18+,alta
8,1,91,474,856,adultos_18+,alta
9,1,90,406,864,adultos_18+,alta
10,1,94,442,960,adultos_18+,alta
9,1,86,494,838,adultos_18+,alta
9,1,98,463,947,adultos_18+,alta
9,0,82,505,835,adultos_18+,alta
9,0,94,446,969,adultos_18+,alta
8,0,83,400,980,adultos_18+,alta
10,0,98,403,873,adultos_18+,alta
9,1,93,492,885,adultos_18+,alta
8,0,98,448,959,adultos_18+,alta
8,1,95,469,909,adultos_18+,alta
8,0,84,487,839,adultos_18+,alta
8,0,88,389,855,adultos_18+,alta
9,0,84,410,949,adultos_18+,alta
9,0,84,555,873,adultos_18+,alta
9,1,83,426,967,adultos_18+,alta
8,1,85,398,841,adultos_18+,alta
8,0,82,446,999,adultos_18+,alta
10,1,98,564,966,adultos_18+,alta
8,0,98,451,961,adultos_18+,alta
10,0,82,479,979,adultos_18+,alta
8,0,85,387,872,adultos_18+,alta
10,0,92,507,903,adultos_18+,alta
8,1,98,457,805,adultos_18+,alta
9,1,91,454,998,adultos_18+,alta
10,1,91,566,960,adultos_18+,alta
10,0,84,481,871,adultos_18+,alta
9,0,96,522,990,adultos_18+,alta
8,0,88,416,844,adultos_18+,alta
10,1,91,487,900,adultos_18+,alta
9,0,87,372,958,adultos_18+,alta
8,0,96,396,886,adultos_18+,alta
8,1,92,521,885,adultos_18+,alta
9,0,82,374,988,adultos_18+,alta
10,0,90,381,870,adultos_18+,alta
8,1,88,355,867,adultos_18+,alta
8,0,96,459,892,adultos_18+,alta
9,1,86,424,952,adultos_18+,alta
10,1,82,452,891,adultos_18+,alta
9,0,97,511,991,adultos_18+,alta
10,0,86,453,895,adultos_18+,alta
8,1,92,518,916,adultos_18+,alta
9,1,95,359,898,adultos_18+,alta
8,1,86,451,815,adultos_18+,alta
9,0,96,476,816,adultos_18+,alta
8,0,91,509,957,adultos_18+,alta
10,1,95,491,962,adultos_18+,alta
8,0,89,501,928,adultos_18+,alta
10,0,93,395,814,adultos_18+,alta
10,0,88,475,912,adultos_18+,alta
10,1,88,488,918,adultos_18+,alta
9,1,92,512,953,adultos_18+,alta
8,0,91,370,828,adultos_18+,alta
9,0,86,533,933,adultos_18+,alta
8,1,94,460,924,adultos_18+,alta
10,1,87,401,984,adultos_18+,alta
8,0,94,509,945,adultos_18+,alta
10,1,98,461,962,adultos_18+,alta
9,0,86,483,859,adultos_18+,alta
10,0,94,500,808,adultos_18+,alta
9,1,98,421,922,adultos_18+,alta
9,1,83,488,913,adultos_18+,alta
8,0,95,455,863,adultos_18+,alta
9,0,85,452,927,adultos_18+,alta
8,0,87,551,874,adultos_18+,alta
10,0,91,522,800,adultos_18+,alta
8,0,91,466,934,adultos_18+,alta
10,1,95,480,990,adultos_18+,alta
9,0,97,484,804,adultos_18+,alta
9,1,87,353,858,adultos_18+,alta
8,1,90,377,942,adultos_18+,alta
8,1,86,483,835,adultos_18+,alta
9,0,98,411,823,adultos_18+,alta
8,0,87,414,909,adultos_18+,alta
10,0,90,536,863,adultos_18+,alta
8,0,98,523,832,adultos_18+,alta
10,0,92,398,854,adultos_18+,alta
10,0,91,504,944,adultos_18+,alta
10,0,96,486,925,adultos_18+,alta
9,1,86,551,905,adultos_18+,alta
10,0,92,565,936,adultos_18+,alta
10,1,90,453,805,adultos_18+,alta
10,1,98,551,903,adultos_18+,alta
8,0,97,501,861,adultos_18+,alta
10,1,93,408,821,adultos_18+,alta
10,0,85,359,878,adultos_18+,alta
9,1,84,472,870,adultos_18+,alta
8,0,92,386,997,adultos_18+,alta
10,0,94,376,993,adultos_18+,alta
9,1,85,350,933,adultos_18+,alta
8,1,88,404,876,adultos_18+,alta
10,1,87,392,919,adultos_18+,alta
10,1,94,447,821,adultos_18+,alta
9,0,88,449,858,adultos_18+,alta
10,0,87,481,871,adultos_18+,alta
8,0,85,403,962,adultos_18+,alta
8,0,92,355,994,adultos_18+,alta
9,0,94,437,866,adultos_18+,alta
8,1,94,371,890,adultos_18+,alta
8,0,97,383,802,adultos_18+,alta
8,1,86,498,942,adultos_18+,alta
10,1,98,397,991,adultos_18+,alta
9,1,82,444,806,adultos_18+,alta
10,1,94,448,821,adultos_18+,alta
10,1,90,445,963,adultos_18+,alta
9,1,85,500,946,adultos_18+,alta
8,0,84,351,892,adultos_18+,alta
8,1,96,362,969,adultos_18+,alta
10,0,93,565,801,adultos_18+,alta
8,0,83,429,963,adultos_18+,alta
9,0,91,364,956,adultos_18+,alta
8,1,95,517,911,adultos_18+,alta
8,0,89,386,973,adultos_18+,alta
9,0,95,457,867,adultos_18+,alta
9,0,85,362,967,adultos_18+,alta
10,0,86,525,913,adultos_18+,alta
8,1,90,544,823,adultos_18+,alta
8,1,90,558,970,adultos_18+,alta
10,0,87,423,894,adultos_18+,alta
8,1,95,360,904,adultos_18+,alta
10,0,92,492,880,adultos_18+,alta
8,0,83,438,837,adultos_18+,alta
8,0,90,474,802,adultos_18+,alta
9,0,86,563,938,adultos_18+,alta
10,1,85,531,896,adultos_18+,alta
8,1,98,441,831,adultos_18+,alta
9,1,86,498,919,adultos_18+,alta
10,0,86,553,963,adultos_18+,alta
8,1,90,440,862,adultos_18+,alta
10,0,87,477,871,adultos_18+,alta
10,0,82,424,922,adultos_18+,alta
10,0,87,355,920,adultos_18+,alta
9,1,82,478,893,adultos_18+,alta
8,1,88,411,878,adultos_18+,alta
10,1,82,474,963,adultos_18+,alta
9,1,92,361,997,adultos_18+,alta
10,0,95,435,945,adultos_18+,alta
9,1,82,391,876,adultos_18+,alta
10,0,87,353,869,adultos_18+,alta
8,0,82,351,855,adultos_18+,alta
8,0,91,473,971,adultos_18+,alta
8,0,94,469,996,adultos_18+,alta
8,0,98,362,817,adultos_18+,alta
8,0,95,394,923,adultos_18+,alta
9,1,97,500,850,adultos_18+,alta
9,1,95,429,900,adultos_18+,alta
10,0,84,471,882,adultos_18+,alta
10,0,85,441,816,adultos_18+,alta
10,0,90,481,803,adultos_18+,alta
10,1,83,385,952,adultos_18+,alta
8,1,88,428,981,adultos_18+,alta
9,1,97,369,830,adultos_18+,alta
10,1,83,513,964,adultos_18+,alta
8,1,89,357,836,adultos_18+,alta
9,1,85,422,972,adultos_18+,alta
8,1,87,509,866,adultos_18+,alta
8,0,97,366,930,adultos_18+,alta
10,1,87,461,824,adultos_18+,alta
9,0,82,443,866,adultos_18+,alta
10,0,90,383,861,adultos_18+,alta
8,0,97,376,983,adultos_18+,alta
8,0,96,454,930,adultos_18+,alta
8,1,87,497,801,adultos_18+,alta
9,1,92,374,894,adultos_18+,alta
9,0,85,473,979,adultos_18+,alta
9,0,96,523,880,adultos_18+,alta
8,0,95,566,996,adultos_18+,alta
10,1,92,553,910,adultos_18+,alta
10,0,83,498,879,adultos_18+,alta
10,0,92,404,1000,adultos_18+,alta
10,0,84,558,875,adultos_18+,alta
10,0,97,388,883,adultos_18+,alta
10,1,83,560,801,adultos_18+,alta
10,0,94,566,996,adultos_18+,alta
9,1,91,462,935,adultos_18+,alta
8,0,82,494,909,adultos_18+,alta
10,1,85,542,937,adultos_18+,alta
9,0,84,467,816,adultos_18+,alta
9,0,94,560,852,adultos_18+,alta
9,0,96,465,982,adultos_18+,alta
9,1,83,435,930,adultos_18+,alta
9,1,82,530,882,adultos_18+,alta
10,0,94,364,989,adultos_18+,alta
9,0,84,352,827,adultos_18+,alta
10,1,89,433,981,adultos_18+,alta
10,1,84,507,808,adultos_18+,alta
9,0,93,358,893,adultos_18+,alta
9,0,84,477,993,adultos_18+,alta
10,0,85,435,975,adultos_18+,alta
8,1,95,519,913,adultos_18+,alta
9,0,86,537,820,adultos_18+,alta
9,1,89,560,999,adultos_18+,alta
8,0,96,358,932,adultos_18+,alta
10,1,98,423,900,adultos_18+,alta
10,1,84,521,868,adultos_18+,alta
8,1,82,410,830,adultos_18+,alta
10,0,90,546,845,adultos_18+,alta
9,1,84,395,833,adultos_18+,alta
8,0,82,538,976,adultos_18+,alta
9,0,95,406,846,adultos_18+,alta
9,0,93,355,945,adultos_18+,alta
10,0,87,492,944,adultos_18+,alta
8,1,94,351,843,adultos_18+,alta
10,0,89,424,844,adultos_18+,alta
8,0,93,434,911,adultos_18+,alta
8,0,93,371,930,adultos_18+,alta
8,1,85,565,856,adultos_18+,alta
8,0,95,544,968,adultos_18+,alta
10,1,82,416,840,adultos_18+,alta
9,1,86,495,975,adultos_18+,alta
8,0,95,474,814,adultos_18+,alta
8,1,83,435,930,adultos_18+,alta
8,0,83,488,967,adultos_18+,alta
8,1,87,359,855,adultos_18+,alta
10,1,84,359,990,adultos_18+,alta
10,0,95,472,860,adultos_18+,alta
8,1,95,422,856,adultos_18+,alta
9,0,98,456,864,adultos_18+,alta
10,0,92,392,890,adultos_18+,alta
10,1,97,495,919,adultos_18+,alta
9,0,88,521,820,adultos_18+,alta
9,1,94,478,802,adultos_18+,alta
8,0,90,475,937,adultos_18+,alta
10,0,94,385,886,adultos_18+,alta
10,0,97,555,979,adultos_18+,alta
10,0,87,389,839,adultos_18+,alta
8,1,84,499,844,adultos_18+,alta
8,0,84,354,814,adultos_18+,alta
10,1,90,401,820,adultos_18+,alta
8,0,93,421,853,adultos_18+,alta
8,0,98,489,973,adultos_18+,alta
8,1,82,500,872,adultos_18+,alta
10,0,84,481,911,adultos_18+,alta
8,1,82,541,925,adultos_18+,alta
10,0,83,402,970,adultos_18+,alta
8,1,97,375,955,adultos_18+,alta
8,1,96,505,828,adultos_18+,alta
8,1,90,486,924,adultos_18+,alta
10,1,82,517,954,adultos_18+,alta
9,1,92,424,875,adultos_18+,alta
9,0,93,458,885,adultos_18+,alta
9,1,95,563,821,adultos_18+,alta
10,1,91,538,929,adultos_18+,alta
9,0,88,453,961,adultos_18+,alta
9,1,91,420,897,adultos_18+,alta
8,1,88,431,965,adultos_18+,alta
8,1,90,402,875,adultos_18+,alta
10,0,84,380,922,adultos_18+,alta
8,1,94,482,971,adultos_18+,alta
8,0,87,363,849,adultos_18+,alta
10,0,83,450,908,adultos_18+,alta
9,0,98,372,928,adultos_18+,alta
9,0,85,413,920,adultos_18+,alta
10,1,84,516,805,adultos_18+,alta
8,0,82,531,858,adultos_18+,alta
9,0,87,561,934,adultos_18+,alta
10,0,90,375,931,adultos_18+,alta
8,0,97,515,953,adultos_18+,alta
9,0,82,458,873,adultos_18+,alta
9,0,91,399,877,adultos_18+,alta
9,0,83,490,906,adultos_18+,alta
9,0,94,518,994,adultos_18+,alta
8,1,92,416,926,adultos_18+,alta
9,0,98,516,879,adultos_18+,alta
8,1,91,444,957,adultos_18+,alta
9,1,88,375,851,adultos_18+,alta
8,1,82,372,870,adultos_18+,alta
9,0,98,455,908,adultos_18+,alta
9,0,89,427,816,adultos_18+,alta
8,0,82,448,843,adultos_18+,alta
10,1,84,429,990,adultos_18+,alta
9,0,84,397,823,adultos_18+,alta
9,1,82,505,937,adultos_18+,alta
8,1,88,562,848,adultos_18+,alta
10,0,95,395,818,adultos_18+,alta
10,1,96,389,824,adultos_18+,alta
9,0,94,518,984,adultos_18+,alta
8,1,87,409,938,adultos_18+,alta
10,1,83,412,841,adultos_18+,alta
10,0,89,558,970,adultos_18+,alta
9,0,92,478,934,adultos_18+,alta
10,1,98,364,881,adultos_18+,alta
9,0,96,374,845,adultos_18+,alta
10,0,88,515,927,adultos_18+,alta
10,0,91,522,920,adultos_18+,alta
9,0,96,468,895,adultos_18+,alta
9,1,85,524,909,adultos_18+,alta
10,0,89,513,813,adultos_18+,alta
9,1,98,372,833,adultos_18+,alta
10,1,88,395,837,adultos_18+,alta
9,1,82,391,975,adultos_18+,alta
8,0,82,449,911,adultos_18+,alta
9,0,83,361,978,adultos_18+,alta
8,1,86,501,910,adultos_18+,alta
9,1,97,368,812,adultos_18+,alta
9,1,92,496,936,adultos_18+,alta
10,0,90,392,939,adultos_18+,alta
9,0,97,445,989,adultos_18+,alta
9,0,84,564,869,adultos_18+,alta
8,0,82,401,904,adultos_18+,alta
8,1,85,528,878,adultos_18+,alta
9,1,97,413,901,adultos_18+,alta
8,1,91,487,859,adultos_18+,alta
8,1,96,374,987,adultos_18+,alta
10,0,87,371,933,adultos_18+,alta
9,1,90,538,935,adultos_18+,alta
10,0,82,529,828,adultos_18+,alta
9,1,84,398,954,adultos_18+,alta
8,0,84,560,897,adultos_18+,alta
9,0,83,469,965,adultos_18+,alta
9,0,85,496,836,adultos_18+,alta
10,0,93,542,908,adultos_18+,alta
9,0,82,515,853,adultos_18+,alta
9,1,95,506,971,adultos_18+,alta
10,0,82,492,804,adultos_18+,alta
10,1,91,374,814,adultos_18+,alta
10,1,95,471,975,adultos_18+,alta
8,0,85,563,826,adultos_18+,alta
10,0,92,474,908,adultos_18+,alta
9,1,86,460,868,adultos_18+,alta
9,1,93,478,883,adultos_18+,alta
9,1,87,468,811,adultos_18+,alta
10,1,88,413,879,adultos_18+,alta
8,1,82,456,968,adultos_18+,alta
9,0,97,443,818,adultos_18+,alta
9,1,87,526,991,adultos_18+,alta
8,0,85,426,896,adultos_18+,alta
9,0,94,544,924,adultos_18+,alta
8,1,89,508,993,adultos_18+,alta
10,0,95,356,868,adultos_18+,alta
9,0,89,509,993,adultos_18+,alta
9,1,91,535,944,adultos_18+,alta
8,1,98,378,865,adultos_18+,alta
8,0,91,385,870,adultos_18+,alta
10,0,96,423,851,adultos_18+,alta
10,1,89,389,872,adultos_18+,alta
8,0,94,442,838,adultos_18+,alta
10,1,91,443,990,adultos_18+,alta
8,0,82,352,992,adultos_18+,alta
8,0,96,467,968,adultos_18+,alta
8,1,84,500,944,adultos_18+,alta
8,1,95,475,877,adultos_18+,alta
8,1,90,465,904,adultos_18+,alta
10,1,94,516,830,adultos_18+,alta
8,1,96,549,915,adultos_18+,alta
10,1,98,433,971,adultos_18+,alta
10,1,98,421,874,adultos_18+,alta
9,0,91,434,851,adultos_18+,alta
8,0,92,520,801,adultos_18+,alta
10,0,93,391,966,adultos_18+,alta
9,0,97,434,883,adultos_18+,alta
8,0,94,467,878,adultos_18+,alta
9,1,94,442,855,adultos_18+,alta
8,1,84,363,955,adultos_18+,alta
8,0,92,533,988,adultos_18+,alta
9,1,91,424,826,adultos_18+,alta
8,1,97,443,859,adultos_18+,alta
8,1,85,364,986,adultos_18+,alta
10,1,93,406,889,adultos_18+,alta
10,1,91,564,982,adultos_18+,alta
10,0,87,566,838,adultos_18+,alta
10,1,86,447,861,adultos_18+,alta
9,1,88,499,800,adultos_18+,alta
10,0,82,410,901,adultos_18+,alta
10,0,89,507,824,adultos_18+,alta
10,1,91,533,894,adultos_18+,alta
8,1,92,408,950,adultos_18+,alta
8,1,86,471,899,adultos_18+,alta
9,0,93,386,851,adultos_18+,alta
10,1,93,412,994,adultos_18+,alta
8,1,82,553,855,adultos_18+,alta
8,1,94,389,861,adultos_18+,alta
8,0,98,393,828,adultos_18+,alta
10,1,92,532,822,adultos_18+,alta
9,1,85,433,922,adultos_18+,alta
8,0,86,452,926,adultos_18+,alta
9,0,88,501,950,adultos_18+,alta
10,0,94,466,930,adultos_18+,alta
9,1,91,371,881,adultos_18+,alta
10,0,86,516,852,adultos_18+,alta
10,0,91,389,860,adultos_18+,alta
8,1,89,383,957,adultos_18+,alta
10,1,90,517,901,adultos_18+,alta
10,0,94,357,984,adultos_18+,alta
8,1,83,403,946,adultos_18+,alta
9,1,88,508,909,adultos_18+,alta
9,0,92,479,979,adultos_18+,alta
8,1,85,361,836,adultos_18+,alta
10,1,96,469,963,adultos_18+,alta
9,0,97,528,835,adultos_18+,alta
9,1,85,393,897,adultos_18+,alta
9,1,92,486,827,adultos_18+,alta
8,0,96,515,966,adultos_18+,alta
8,1,93,444,927,adultos_18+,alta
10,0,98,455,890,adultos_18+,alta
8,0,93,553,931,adultos_18+,alta
8,0,88,388,973,adultos_18+,alta
9,0,86,371,918,adultos_18+,alta
10,0,98,350,823,adultos_18+,alta
9,1,85,500,808,adultos_18+,alta
8,0,91,532,853,adultos_18+,alta
9,1,90,403,899,adultos_18+,alta
8,1,88,437,995,adultos_18+,alta
8,0,88,562,911,adultos_18+,alta
9,1,82,452,936,adultos_18+,alta
8,0,91,405,866,adultos_18+,alta
8,1,89,400,909,adultos_18+,alta
10,1,95,500,950,adultos_18+,alta
8,0,89,411,949,adultos_18+,alta
9,0,84,424,825,adultos_18+,alta
9,1,85,390,901,adultos_18+,alta
9,0,82,470,829,adultos_18+,alta
8,1,88,396,826,adultos_18+,alta
10,1,82,532,908,adultos_18+,alta
9,0,95,417,976,adultos_18+,alta
10,0,97,485,810,adultos_18+,alta
9,1,91,359,893,adultos_18+,alta
8,1,89,419,916,adultos_18+,alta
8,1,96,466,867,adultos_18+,alta
9,0,90,359,906,adultos_18+,alta
10,0,98,464,958,adultos_18+,alta
8,0,88,423,902,adultos_18+,alta
9,0,84,488,938,adultos_18+,alta
9,1,91,432,861,adultos_18+,alta
8,0,83,559,858,adultos_18+,alta
9,1,94,373,920,adultos_18+,alta
9,0,91,366,904,adultos_18+,alta
10,0,98,423,867,adultos_18+,alta
8,1,95,534,944,adultos_18+,alta
10,0,90,502,862,adultos_18+,alta
10,1,84,536,930,adultos_18+,alta
8,1,97,438,853,adultos_18+,alta
10,1,97,516,917,adultos_18+,alta
9,1,89,552,943,adultos_18+,alta
10,0,92,547,985,adultos_18+,alta
8,0,97,538,832,adultos_18+,alta
8,0,93,564,831,adultos_18+,alta
8,1,96,520,897,adultos_18+,alta
9,1,91,540,837,adultos_18+,alta
9,1,84,401,812,adultos_18+,alta
8,0,94,351,897,adultos_18+,alta
9,0,96,382,805,adultos_18+,alta
9,0,83,463,806,adultos_18+,alta
9,1,92,489,950,adultos_18+,alta
10,1,84,359,976,adultos_18+,alta
9,1,82,478,952,adultos_18+,alta
8,1,82,482,987,adultos_18+,alta
9,0,86,365,824,adultos_18+,alta
10,1,95,506,946,adultos_18+,alta
10,0,94,417,920,adultos_18+,alta
9,1,91,399,943,adultos_18+,alta
10,0,85,543,918,adultos_18+,alta
10,1,82,369,873,adultos_18+,alta
9,1,83,540,950,adultos_18+,alta
9,0,97,465,991,adultos_18+,alta
9,0,93,557,994,adultos_18+,alta
10,0,97,445,942,adultos_18+,alta
8,0,92,398,997,adultos_18+,alta
9,0,96,411,816,adultos_18+,alta
8,0,97,468,868,adultos_18+,alta
10,1,86,505,892,adultos_18+,alta
9,1,95,534,802,adultos_18+,alta
10,1,91,532,934,adultos_18+,alta
8,1,87,448,867,adultos_18+,alta
8,1,83,406,971,adultos_18+,alta
10,0,97,428,858,adultos_18+,alta
10,1,84,474,878,adultos_18+,alta
10,1,91,402,886,adultos_18+,alta
10,0,93,400,849,adultos_18+,alta
8,0,82,390,939,adultos_18+,alta
9,1,97,403,846,adultos_18+,alta
9,1,94,536,963,adultos_18+,alta
9,1,82,456,959,adultos_18+,alta
10,1,87,488,964,adultos_18+,alta
10,0,91,452,931,adultos_18+,alta
8,1,98,385,907,adultos_18+,alta
9,0,96,451,909,adultos_18+,alta
8,1,96,421,895,adultos_18+,alta
8,0,90,534,908,adultos_18+,alta
10,1,91,546,828,adultos_18+,alta
9,0,89,406,972,adultos_18+,alta
8,1,84,353,922,adultos_18+,alta
8,0,83,445,938,adultos_18+,alta
8,1,88,504,954,adultos_18+,alta
9,1,88,539,995,adultos_18+,alta
8,0,94,379,875,adultos_18+,alta
8,1,94,394,924,adultos_18+,alta
8,0,97,561,948,adultos_18+,alta
8,1,92,471,907,adultos_18+,alta
10,1,95,437,860,adultos_18+,alta
8,1,87,458,856,adultos_18+,alta
10,1,88,363,922,adultos_18+,alta
9,0,93,515,976,adultos_18+,alta
9,1,87,448,821,adultos_18+,alta
10,1,87,352,894,adultos_18+,alta
10,0,93,566,807,adultos_18+,alta
8,0,98,495,988,adultos_18+,alta
8,1,95,370,940,adultos_18+,alta
9,0,95,474,899,adultos_18+,alta
10,1,96,423,847,adultos_18+,alta
9,1,94,519,879,adultos_18+,alta
9,1,97,369,823,adultos_18+,alta
10,1,84,426,912,adultos_18+,alta
8,0,91,496,834,adultos_18+,alta
9,0,95,541,970,adultos_18+,alta
10,0,82,501,896,adultos_18+,alta
10,0,83,425,959,adultos_18+,alta
10,1,90,489,937,adultos_18+,alta
8,1,88,442,972,adultos_18+,alta
9,1,82,477,852,adultos_18+,alta
9,0,95,405,970,adultos_18+,alta
10,1,83,380,833,adultos_18+,alta
8,0,90,390,966,adultos_18+,alta
8,0,92,523,880,adultos_18+,alta
9,1,85,368,991,adultos_18+,alta
10,0,97,481,875,adultos_18+,alta
9,1,90,550,939,adultos_18+,alta
8,0,90,451,954,adultos_18+,alta
10,1,87,380,918,adultos_18+,alta
9,0,98,477,901,adultos_18+,alta
8,1,85,406,960,adultos_18+,alta
9,1,87,530,819,adultos_18+,alta
8,0,92,390,947,adultos_18+,alta
10,1,90,402,857,adultos_18+,alta
10,1,95,528,844,adultos_18+,alta
8,1,84,546,928,adultos_18+,alta
8,0,86,553,998,adultos_18+,alta
9,1,85,388,858,adultos_18+,alta
9,0,82,485,899,adultos_18+,alta
8,1,90,440,953,adultos_18+,alta
8,1,88,387,847,adultos_18+,alta
8,0,91,543,894,adultos_18+,alta
9,0,86,459,900,adultos_18+,alta
10,0,93,411,952,adultos_18+,alta
10,0,84,515,868,adultos_18+,alta
8,0,88,362,853,adultos_18+,alta
8,1,92,368,919,adultos_18+,alta
10,1,90,411,882,adultos_18+,alta
8,0,82,385,864,adultos_18+,alta
10,1,94,433,893,adultos_18+,alta
9,0,98,426,913,adultos_18+,alta
9,0,96,386,996,adultos_18+,alta
9,1,90,430,850,adultos_18+,alta
8,1,89,498,818,adultos_18+,alta
10,1,98,558,870,adultos_18+,alta
8,1,85,416,848,adultos_18+,alta
8,1,89,452,837,adultos_18+,alta
8,0,95,425,987,adultos_18+,alta
8,1,91,492,896,adultos_18+,alta
9,0,98,481,817,adultos_18+,alta
8,0,97,566,906,adultos_18+,alta
9,1,95,435,846,adultos_18+,alta
10,0,91,374,978,adultos_18+,alta
10,0,89,474,971,adultos_18+,alta
10,1,96,558,960,adultos_18+,alta
9,0,87,520,836,adultos_18+,alta
9,0,84,508,925,adultos_18+,alta
9,1,91,405,811,adultos_18+,alta
9,0,96,413,891,adultos_18+,alta
8,0,87,440,958,adultos_18+,alta
8,0,91,444,962,adultos_18+,alta
10,0,95,485,960,adultos_18+,alta
9,0,84,507,856,adultos_18+,alta
8,1,86,497,939,adultos_18+,alta
8,1,97,376,911,adultos_18+,alta
9,1,97,552,934,adultos_18+,alta
10,1,87,535,965,adultos_18+,alta
8,1,89,358,908,adultos_18+,alta
10,1,93,482,807,adultos_18+,alta
8,0,83,443,835,adultos_18+,alta
8,0,92,398,844,adultos_18+,alta
10,1,92,388,925,adultos_18+,alta
10,0,94,531,853,adultos_18+,alta
10,0,87,480,919,adultos_18+,alta
9,1,83,389,917,adultos_18+,alta
10,0,90,466,846,adultos_18+,alta
9,0,82,546,869,adultos_18+,alta
10,1,91,403,915,adultos_18+,alta
10,1,89,503,982,adultos_18+,alta
10,0,98,525,846,adultos_18+,alta
10,0,89,449,932,adultos_18+,alta
8,1,92,497,816,adultos_18+,alta
8,0,87,453,989,adultos_18+,alta
10,0,84,471,824,adultos_18+,alta
8,0,85,467,863,adultos_18+,alta
10,1,82,372,828,adultos_18+,alta
9,0,96,540,896,adultos_18+,alta
8,1,85,413,920,adultos_18+,alta
10,1,94,451,968,adultos_18+,alta
10,0,95,545,907,adultos_18+,alta
9,0,83,563,842,adultos_18+,alta
10,0,88,478,923,adultos_18+,alta
10,1,90,350,940,adultos_18+,alta
9,1,97,548,962,adultos_18+,alta
10,0,88,375,871,adultos_18+,alta
10,0,83,523,905,adultos_18+,alta
10,1,97,449,816,adultos_18+,alta
9,0,91,395,804,adultos_18+,alta
10,0,86,448,915,adultos_18+,alta
10,0,86,510,977,adultos_18+,alta
8,0,83,430,913,adultos_18+,alta
9,0,94,533,959,adultos_18+,alta
8,0,86,447,871,adultos_18+,alta
10,0,90,494,903,adultos_18+,alta
9,0,98,547,823,adultos_18+,alta
9,1,91,545,914,adultos_18+,alta
8,1,98,522,939,adultos_18+,alta
9,0,88,360,871,adultos_18+,alta
10,0,93,413,994,adultos_18+,alta
9,0,97,458,942,adultos_18+,alta
8,0,91,394,879,adultos_18+,alta
10,0,95,384,844,adultos_18+,alta
8,1,90,473,929,adultos_18+,alta
10,1,98,471,833,adultos_18+,alta
8,1,88,401,810,adultos_18+,alta
8,1,96,488,920,adultos_18+,alta
8,0,93,508,837,adultos_18+,alta
10,0,83,470,936,adultos_18+,alta
9,0,87,415,905,adultos_18+,alta
9,0,94,383,872,adultos_18+,alta
10,1,97,502,970,adultos_18+,alta
10,1,85,533,955,adultos_18+,alta
8,1,82,513,890,adultos_18+,alta
10,0,90,383,952,adultos_18+,alta
8,0,93,448,810,adultos_18+,alta
9,1,89,541,870,adultos_18+,alta
9,0,90,429,862,adultos_18+,alta
9,1,95,541,904,adultos_18+,alta
9,1,85,424,826,adultos_18+,alta
8,0,83,555,955,adultos_18+,alta
8,0,87,448,988,adultos_18+,alta
8,1,87,486,879,adultos_18+,alta
9,0,90,564,968,adultos_18+,alta
8,1,98,472,942,adultos_18+,alta
9,0,85,427,976,adultos_18+,alta
10,1,90,474,934,adultos_18+,alta
9,1,95,539,813,adultos_18+,alta
10,0,82,433,991,adultos_18+,alta
8,1,92,368,981,adultos_18+,alta
10,1,83,467,910,adultos_18+,alta
10,1,93,413,992,adultos_18+,alta
10,1,93,553,828,adultos_18+,alta
8,1,86,435,996,adultos_18+,alta
9,1,86,443,973,adultos_18+,alta
8,0,96,486,876,adultos_18+,alta
8,0,96,410,859,adultos_18+,alta
10,0,87,354,809,adultos_18+,alta
9,1,89,538,859,adultos_18+,alta
9,0,89,370,806,adultos_18+,alta
9,0,87,533,984,adultos_18+,alta
9,1,91,531,864,adultos_18+,alta
9,1,89,432,963,adultos_18+,alta
10,0,85,436,843,adultos_18+,alta
10,0,98,528,876,adultos_18+,alta
10,1,89,443,824,adultos_18+,alta
8,1,96,499,822,adultos_18+,alta
8,0,97,514,910,adultos_18+,alta
9,0,94,394,878,adultos_18+,alta
8,1,83,504,888,adultos_18+,alta
8,1,84,506,819,adultos_18+,alta
8,1,86,386,886,adultos_18+,alta
8,0,89,383,884,adultos_18+,alta
8,0,90,542,931,adultos_18+,alta
8,1,87,403,863,adultos_18+,alta
8,1,84,502,946,adultos_18+,alta
10,1,95,410,910,adultos_18+,alta
9,1,98,419,874,adultos_18+,alta
10,1,87,510,808,adultos_18+,alta
9,0,86,354,978,adultos_18+,alta
10,1,87,450,828,adultos_18+,alta
10,1,92,484,933,adultos_18+,alta
9,0,92,447,951,adultos_18+,alta
9,1,86,521,995,adultos_18+,alta
8,0,90,539,897,adultos_18+,alta
8,1,95,369,830,adultos_18+,alta
10,0,90,516,951,adultos_18+,alta
8,0,91,450,825,adultos_18+,alta
10,1,86,538,996,adultos_18+,alta
10,0,84,374,832,adultos_18+,alta
10,1,88,452,826,adultos_18+,alta
10,1,97,435,830,adultos_18+,alta
9,0,97,370,924,adultos_18+,alta
9,0,86,378,814,adultos_18+,alta
10,0,95,538,801,adultos_18+,alta
10,0,94,404,907,adultos_18+,alta
9,0,88,502,913,adultos_18+,alta
9,0,98,435,931,adultos_18+,alta
9,0,93,509,903,adultos_18+,alta
9,1,97,397,835,adultos_18+,alta
8,0,90,402,850,adultos_18+,alta
10,0,96,462,877,adultos_18+,alta
8,0,98,457,859,adultos_18+,alta
9,0,94,521,817,adultos_18+,alta
8,1,93,371,951,adultos_18+,alta
10,0,85,444,932,adultos_18+,alta
10,1,98,377,832,adultos_18+,alta
10,1,91,477,908,adultos_18+,alta
8,1,82,382,971,adultos_18+,alta
10,0,87,367,933,adultos_18+,alta
9,1,88,542,986,adultos_18+,alta
9,0,90,448,836,adultos_18+,alta
8,0,91,432,930,adultos_18+,alta
8,1,91,519,972,adultos_18+,alta
10,1,90,422,813,adultos_18+,alta
8,0,85,511,865,adultos_18+,alta
8,1,87,561,866,adultos_18+,alta
8,1,90,551,928,adultos_18+,alta
9,0,97,518,963,adultos_18+,alta
10,1,83,422,840,adultos_18+,alta
8,1,82,357,898,adultos_18+,alta
8,0,83,355,924,adultos_18+,alta
8,1,86,468,819,adultos_18+,alta
9,0,93,437,977,adultos_18+,alta
10,1,95,412,931,adultos_18+,alta
8,0,97,496,903,adultos_18+,alta
8,0,82,387,848,adultos_18+,alta
9,1,92,531,854,adultos_18+,alta
10,1,82,490,905,adultos_18+,alta
9,1,88,383,984,adultos_18+,alta
10,0,94,532,989,adultos_18+,alta
10,0,98,434,804,adultos_18+,alta
8,0,83,475,873,adultos_18+,alta
8,0,96,353,816,adultos_18+,alta
10,1,92,370,891,adultos_18+,alta
9,1,93,401,878,adultos_18+,alta
9,1,95,545,910,adultos_18+,alta
10,1,85,359,977,adultos_18+,alta
9,0,91,431,947,adultos_18+,alta
8,0,84,367,979,adultos_18+,alta
9,0,88,468,837,adultos_18+,alta
10,0,94,447,835,adultos_18+,alta
8,1,94,481,879,adultos_18+,alta
10,1,90,494,819,adultos_18+,alta
10,1,87,372,936,adultos_18+,alta
10,0,94,369,969,adultos_18+,alta
8,1,92,457,876,adultos_18+,alta
10,0,93,415,805,adultos_18+,alta
8,1,82,513,925,adultos_18+,alta
10,1,96,431,998,adultos_18+,alta
10,1,98,528,976,adultos_18+,alta
8,1,84,361,836,adultos_18+,alta
10,0,82,370,947,adultos_18+,alta
8,0,98,513,996,adultos_18+,alta
9,0,84,414,808,adultos_18+,alta
10,1,86,426,953,adultos_18+,alta
8,0,95,392,996,adultos_18+,alta
10,1,98,365,915,adultos_18+,alta
8,0,91,448,940,adultos_18+,alta
8,0,82,451,863,adultos_18+,alta
8,1,88,468,813,adultos_18+,alta
10,1,86,414,940,adultos_18+,alta
9,1,94,424,941,adultos_18+,alta
8,1,86,480,870,adultos_18+,alta
10,0,84,364,807,adultos_18+,alta
9,1,91,527,928,adultos_18+,alta
8,1,94,534,952,adultos_18+,alta
10,1,96,555,838,adultos_18+,alta
9,0,97,518,846,adultos_18+,alta
10,0,95,357,822,adultos_18+,alta
9,1,85,464,817,adultos_18+,alta
10,1,83,405,866,adultos_18+,alta
9,0,95,481,964,adultos_18+,alta
9,0,83,431,877,adultos_18+,alta
10,1,94,479,945,adultos_18+,alta
9,1,94,527,956,adultos_18+,alta
10,1,89,545,882,adultos_18+,alta
9,1,88,378,977,adultos_18+,alta
10,0,83,525,819,adultos_18+,alta
10,1,94,395,919,adultos_18+,alta
10,0,88,462,857,adultos_18+,alta
9,1,84,478,976,adultos_18+,alta
8,0,83,484,947,adultos_18+,alta
10,1,86,425,861,adultos_18+,alta
10,1,93,410,830,adultos_18+,alta
9,1,84,478,850,adultos_18+,alta
9,0,86,418,858,adultos_18+,alta
9,1,95,493,915,adultos_18+,alta
8,0,87,520,844,adultos_18+,alta
10,1,87,471,805,adultos_18+,alta
8,0,92,351,966,adultos_18+,alta
8,1,90,562,938,adultos_18+,alta
9,1,92,504,979,adultos_18+,alta
8,0,87,389,943,adultos_18+,alta
8,1,90,390,895,adultos_18+,alta
8,1,96,433,931,adultos_18+,alta
8,0,93,456,955,adultos_18+,alta
10,1,85,514,850,adultos_18+,alta
9,0,92,484,951,adultos_18+,alta
9,1,98,451,964,adultos_18+,alta
8,1,82,481,912,adultos_18+,alta
8,1,88,520,953,adultos_18+,alta
8,1,98,480,812,adultos_18+,alta
9,0,83,377,868,adultos_18+,alta
8,0,96,387,999,adultos_18+,alta
8,0,83,437,966,adultos_18+,alta
8,1,97,439,820,adultos_18+,alta
10,0,90,462,829,adultos_18+,alta
8,0,83,537,978,adultos_18+,alta
10,0,92,423,883,adultos_18+,alta
10,0,86,455,953,adultos_18+,alta
10,1,96,448,938,adultos_18+,alta
9,0,92,447,833,adultos_18+,alta
8,0,85,481,918,adultos_18+,alta
10,0,95,530,919,adultos_18+,alta
9,1,84,558,819,adultos_18+,alta
8,0,94,370,804,adultos_18+,alta
9,0,91,520,999,adultos_18+,alta
9,0,87,402,833,adultos_18+,alta
8,0,82,403,931,adultos_18+,alta
9,1,91,508,866,adultos_18+,alta
9,1,90,399,829,adultos_18+,alta
9,0,93,480,939,adultos_18+,alta
9,0,95,407,923,adultos_18+,alta
8,1,89,422,845,adultos_18+,alta
9,1,91,357,919,adultos_18+,alta
9,1,86,384,816,adultos_18+,alta
10,0,86,369,852,adultos_18+,alta
9,1,85,414,895,adultos_18+,alta
9,0,85,543,946,adultos_18+,alta
10,0,97,362,914,adultos_18+,alta
9,1,91,361,820,adultos_18+,alta
8,0,91,543,847,adultos_18+,alta
9,0,94,516,911,adultos_18+,alta
9,1,83,427,980,adultos_18+,alta
8,1,94,434,886,adultos_18+,alta
8,0,89,366,894,adultos_18+,alta
8,1,90,481,978,adultos_18+,alta
9,1,90,415,821,adultos_18+,alta
10,0,92,398,999,adultos_18+,alta
9,0,89,492,819,adultos_18+,alta
8,1,88,557,816,adultos_18+,alta
8,1,94,394,878,adultos_18+,alta
9,0,92,555,964,adultos_18+,alta
9,0,91,451,909,adultos_18+,alta
9,0,89,499,845,adultos_18+,alta
8,0,98,419,849,adultos_18+,alta
9,1,97,474,935,adultos_18+,alta
8,0,96,545,880,adultos_18+,alta
9,1,92,373,951,adultos_18+,alta
8,0,94,543,854,adultos_18+,alta
10,1,84,422,999,adultos_18+,alta
8,0,89,518,882,adultos_18+,alta
10,1,94,504,853,adultos_18+,alta
9,0,92,521,980,adultos_18+,alta
9,1,95,371,984,adultos_18+,alta
8,1,92,531,877,adultos_18+,alta
8,0,83,488,833,adultos_18+,alta
10,1,89,463,816,adultos_18+,alta
10,0,91,368,870,adultos_18+,alta
8,1,82,461,937,adultos_18+,alta
9,1,92,484,947,adultos_18+,alta
10,0,92,412,818,adultos_18+,alta
9,0,97,381,948,adultos_18+,alta
9,0,93,552,989,adultos_18+,alta
9,1,84,563,956,adultos_18+,alta
9,1,82,432,849,adultos_18+,alta
9,0,98,443,858,adultos_18+,alta
10,0,94,392,954,adultos_18+,alta
10,1,95,487,839,adultos_18+,alta
10,1,89,536,864,adultos_18+,alta
9,0,82,355,949,adultos_18+,alta
9,1,87,490,803,adultos_18+,alta
9,1,90,542,908,adultos_18+,alta
10,0,84,523,948,adultos_18+,alta
8,0,89,425,937,adultos_18+,alta
10,0,89,444,985,adultos_18+,alta
9,1,93,396,984,adultos_18+,alta
10,1,84,396,985,adultos_18+,alta
8,0,98,366,986,adultos_18+,alta
8,0,83,556,988,adultos_18+,alta
10,1,92,421,992,adultos_18+,alta
9,1,82,426,974,adultos_18+,alta
9,0,98,468,844,adultos_18+,alta
10,1,93,379,903,adultos_18+,alta
10,0,85,356,856,adultos_18+,alta
9,0,90,559,966,adultos_18+,alta
10,0,88,508,958,adultos_18+,alta
8,0,92,435,908,adultos_18+,alta
9,1,92,500,940,adultos_18+,alta
9,0,98,419,929,adultos_18+,alta
9,1,88,426,813,adultos_18+,alta
10,1,98,431,850,adultos_18+,alta
9,1,87,402,998,adultos_18+,alta
10,1,87,518,974,adultos_18+,alta
10,1,87,557,819,adultos_18+,alta
10,0,92,428,876,adultos_18+,alta
8,1,97,471,866,adultos_18+,alta
8,0,89,407,895,adultos_18+,alta
9,0,91,422,849,adultos_18+,alta
8,1,93,485,982,adultos_18+,alta
8,0,90,525,909,adultos_18+,alta
9,0,89,446,865,adultos_18+,alta
10,1,97,551,943,adultos_18+,alta
9,0,86,432,816,adultos_18+,alta
9,1,90,452,881,adultos_18+,alta
10,1,92,431,842,adultos_18+,alta
8,1,89,549,921,adultos_18+,alta
9,0,93,566,907,adultos_18+,alta
10,1,92,511,815,adultos_18+,alta
8,0,89,537,935,adultos_18+,alta
8,0,84,464,800,adultos_18+,alta
10,1,98,439,825,adultos_18+,alta
8,1,96,404,848,adultos_18+,alta
9,0,94,517,965,adultos_18+,alta
9,1,82,360,954,adultos_18+,alta
9,1,83,516,860,adultos_18+,alta
8,0,94,387,953,adultos_18+,alta
9,1,90,447,864,adultos_18+,alta
9,0,85,497,862,adultos_18+,alta
10,1,94,529,955,adultos_18+,alta
8,0,94,437,882,adultos_18+,alta
9,0,97,437,950,adultos_18+,alta
9,0,90,548,803,adultos_18+,alta
8,0,97,536,951,adultos_18+,alta
9,1,94,506,815,adultos_18+,alta
8,1,90,483,976,adultos_18+,alta
9,1,90,559,929,adultos_18+,alta
9,0,98,434,876,adultos_18+,alta
10,1,97,374,906,adultos_18+,alta
10,1,84,382,870,adultos_18+,alta
10,1,86,379,937,adultos_18+,alta
10,0,90,546,859,adultos_18+,alta
9,1,91,421,856,adultos_18+,alta
10,1,83,471,957,adultos_18+,alta
8,1,92,413,893,adultos_18+,alta
9,1,92,436,871,adultos_18+,alta
9,0,94,562,986,adultos_18+,alta
10,1,95,365,969,adultos_18+,alta
9,1,87,405,841,adultos_18+,alta
9,1,90,442,811,adultos_18+,alta
10,0,84,424,916,adultos_18+,alta
10,1,98,373,986,adultos_18+,alta
9,1,85,545,890,adultos_18+,alta
8,1,89,551,806,adultos_18+,alta
8,0,86,392,936,adultos_18+,alta
10,1,94,506,806,adultos_18+,alta
8,1,96,543,968,adultos_18+,alta
9,1,89,351,940,adultos_18+,alta
9,1,83,513,992,adultos_18+,alta
10,0,88,560,918,adultos_18+,alta
8,1,86,435,821,adultos_18+,alta
8,1,96,453,840,adultos_18+,alta
8,0,91,498,958,adultos_18+,alta
10,0,82,449,918,adultos_18+,alta
10,0,82,350,897,adultos_18+,alta
9,1,92,420,816,adultos_18+,alta
9,0,93,384,823,adultos_18+,alta
8,1,91,539,912,adultos_18+,alta
9,1,98,405,958,adultos_18+,alta
8,1,87,556,977,adultos_18+,alta
10,0,85,459,956,adultos_18+,alta
10,0,90,451,842,adultos_18+,alta
10,0,91,444,989,adultos_18+,alta
8,0,87,487,956,adultos_18+,alta
9,1,93,461,841,adultos_18+,alta
9,0,83,484,997,adultos_18+,alta
10,0,83,408,940,adultos_18+,alta
9,1,92,564,991,adultos_18+,alta
9,0,91,438,949,adultos_18+,alta
9,0,97,450,802,adultos_18+,alta
9,1,88,550,830,adultos_18+,alta
9,1,88,477,873,adultos_18+,alta
10,0,96,510,974,adultos_18+,alta
10,0,97,355,810,adultos_18+,alta
8,0,96,409,979,adultos_18+,alta
10,1,98,512,957,adultos_18+,alta
8,1,86,492,842,adultos_18+,alta
8,0,96,456,898,adultos_18+,alta
10,0,85,397,962,adultos_18+,alta
10,0,92,475,932,adultos_18+,alta
8,1,89,463,928,adultos_18+,alta
9,0,91,446,807,adultos_18+,alta
10,0,87,415,928,adultos_18+,alta
8,1,98,445,895,adultos_18+,alta
9,0,85,391,979,adultos_18+,alta
9,0,95,487,804,adultos_18+,alta
10,1,94,421,931,adultos_18+,alta
10,1,93,402,882,adultos_18+,alta
10,0,84,436,929,adultos_18+,alta
8,0,95,465,823,adultos_18+,alta
9,0,94,566,998,adultos_18+,alta
9,1,92,480,821,adultos_18+,alta
9,0,89,492,822,adultos_18+,alta
9,0,95,410,887,adultos_18+,alta
10,1,84,454,945,adultos_18+,alta
10,0,90,482,871,adultos_18+,alta
9,0,95,518,845,adultos_18+,alta
10,0,96,522,874,adultos_18+,alta
8,1,89,376,957,adultos_18+,alta
8,0,91,411,966,adultos_18+,alta
10,0,92,374,814,adultos_18+,alta
9,0,89,392,824,adultos_18+,alta
9,1,89,510,859,adultos_18+,alta
8,0,91,497,835,adultos_18+,alta
10,0,92,560,827,adultos_18+,alta
9,0,89,531,1000,adultos_18+,alta
10,1,89,379,876,adultos_18+,alta
9,0,92,424,850,adultos_18+,alta
8,1,93,548,876,adultos_18+,alta
10,0,91,513,850,adultos_18+,alta
9,0,88,510,974,adultos_18+,alta
9,0,82,562,888,adultos_18+,alta
10,1,88,500,807,adultos_18+,alta
10,0,94,562,883,adultos_18+,alta
8,1,90,401,894,adultos_18+,alta
8,0,83,502,824,adultos_18+,alta
8,0,84,513,905,adultos_18+,alta
9,0,82,459,939,adultos_18+,alta
9,1,86,359,951,adultos_18+,alta
10,1,92,411,936,adultos_18+,alta
10,0,89,357,821,adultos_18+,alta
10,1,95,394,844,adultos_18+,alta
10,1,83,560,903,adultos_18+,alta
9,1,90,355,906,adultos_18+,alta
10,1,90,458,957,adultos_18+,alta
10,0,85,446,857,adultos_18+,alta
10,0,92,424,855,adultos_18+,alta
9,1,86,550,881,adultos_18+,alta
9,0,97,524,930,adultos_18+,alta
10,1,91,525,838,adultos_18+,alta
9,0,84,478,813,adultos_18+,alta
9,0,91,443,825,adultos_18+,alta
8,1,83,359,861,adultos_18+,alta
8,1,86,432,870,adultos_18+,alta
8,1,83,414,876,adultos_18+,alta
8,0,96,383,992,adultos_18+,alta
8,1,93,355,844,adultos_18+,alta
10,1,82,475,867,adultos_18+,alta
10,1,96,439,857,adultos_18+,alta
9,0,95,356,970,adultos_18+,alta
10,0,84,402,863,adultos_18+,alta
8,1,84,516,881,adultos_18+,alta
10,1,85,392,881,adultos_18+,alta
10,0,97,374,995,adultos_18+,alta
8,1,89,558,934,adultos_18+,alta
10,0,91,566,813,adultos_18+,alta
9,1,83,554,872,adultos_18+,alta
9,0,87,456,856,adultos_18+,alta
8,0,96,513,973,adultos_18+,alta
10,1,93,518,992,adultos_18+,alta
10,0,90,550,993,adultos_18+,alta
8,1,84,507,852,adultos_18+,alta
10,1,84,387,869,adultos_18+,alta
8,1,97,492,898,adultos_18+,alta
10,1,94,408,902,adultos_18+,alta
9,0,86,393,933,adultos_18+,alta
8,1,84,383,894,adultos_18+,alta
8,1,82,559,986,adultos_18+,alta
10,1,94,493,840,adultos_18+,alta
9,1,92,538,824,adultos_18+,alta
8,1,96,440,856,adultos_18+,alta
8,0,89,534,864,adultos_18+,alta
10,0,86,351,962,adultos_18+,alta
10,0,96,510,858,adultos_18+,alta
10,1,84,389,853,adultos_18+,alta
8,1,90,396,891,adultos_18+,alta
9,0,95,430,955,adultos_18+,alta
10,1,98,463,912,adultos_18+,alta
8,1,88,421,888,adultos_18+,alta
9,0,94,375,937,adultos_18+,alta
10,1,82,390,929,adultos_18+,alta
10,0,91,466,993,adultos_18+,alta
8,1,92,533,947,adultos_18+,alta
10,0,98,500,920,adultos_18+,alta
9,1,87,454,926,adultos_18+,alta
10,1,85,521,917,adultos_18+,alta
9,1,96,564,999,adultos_18+,alta
9,1,83,391,907,adultos_18+,alta
10,0,82,516,906,adultos_18+,alta
10,1,95,383,895,adultos_18+,alta
10,0,83,398,892,adultos_18+,alta
10,1,89,391,966,adultos_18+,alta
10,1,87,355,942,adultos_18+,alta
9,1,91,488,847,adultos_18+,alta
8,1,88,536,994,adultos_18+,alta
9,0,84,443,963,adultos_18+,alta
8,1,89,394,845,adultos_18+,alta
8,1,84,413,937,adultos_18+,alta
9,1,82,409,820,adultos_18+,alta
8,0,90,394,853,adultos_18+,alta
9,1,82,413,909,adultos_18+,alta
10,0,90,467,937,adultos_18+,alta
8,1,84,507,866,adultos_18+,alta
9,1,96,468,949,adultos_18+,alta
9,0,94,409,910,adultos_18+,alta
8,1,83,521,983,adultos_18+,alta
9,0,83,350,922,adultos_18+,alta
8,0,83,498,864,adultos_18+,alta
10,1,86,390,951,adultos_18+,alta
9,1,97,565,811,adultos_18+,alta
9,1,82,527,856,adultos_18+,alta
8,0,90,361,932,adultos_18+,alta
9,1,86,461,966,adultos_18+,alta
8,0,85,563,951,adultos_18+,alta
8,0,89,465,819,adultos_18+,alta
8,0,94,450,877,adultos_18+,alta
9,0,83,537,914,adultos_18+,alta
10,0,96,439,835,adultos_18+,alta
8,0,95,448,870,adultos_18+,alta
10,1,85,510,821,adultos_18+,alta
8,1,84,401,821,adultos_18+,alta
9,0,87,383,880,adultos_18+,alta
8,0,95,400,807,adultos_18+,alta
10,1,86,475,983,adultos_18+,alta
10,1,89,540,916,adultos_18+,alta
9,0,83,375,898,adultos_18+,alta
9,1,88,437,803,adultos_18+,alta
8,0,98,533,801,adultos_18+,alta
10,1,94,444,991,adultos_18+,alta
10,0,86,505,902,adultos_18+,alta
8,0,93,537,942,adultos_18+,alta
9,0,86,395,925,adultos_18+,alta
9,0,92,469,883,adultos_18+,alta
10,1,94,372,914,adultos_18+,alta
9,1,86,564,866,adultos_18+,alta
9,0,87,479,836,adultos_18+,alta
8,1,87,552,921,adultos_18+,alta
8,0,86,406,804,adultos_18+,alta
9,0,93,413,820,adultos_18+,alta
8,0,95,403,942,adultos_18+,alta
9,1,94,422,859,adultos_18+,alta
10,1,92,358,801,adultos_18+,alta
8,1,93,365,893,adultos_18+,alta
8,1,95,402,859,adultos_18+,alta
8,0,95,362,933,adultos_18+,alta
9,1,90,359,830,adultos_18+,alta
9,1,92,459,945,adultos_18+,alta
8,0,89,565,971,adultos_18+,alta
8,0,86,470,862,adultos_18+,alta
10,0,90,518,987,adultos_18+,alta
9,1,94,432,979,adultos_18+,alta
8,1,94,469,802,adultos_18+,alta
10,1,92,553,953,adultos_18+,alta
8,1,97,355,840,adultos_18+,alta
8,0,89,485,824,adultos_18+,alta
9,1,83,383,989,adultos_18+,alta
9,0,86,512,903,adultos_18+,alta
8,0,91,376,855,adultos_18+,alta
8,1,91,435,897,adultos_18+,alta
9,1,98,480,914,adultos_18+,alta
8,0,90,540,864,adultos_18+,alta
10,1,87,548,999,adultos_18+,alta
8,0,92,512,866,adultos_18+,alta
9,1,90,507,887,adultos_18+,alta
10,0,93,543,923,adultos_18+,alta
8,1,92,370,1000,adultos_18+,alta
10,1,82,365,941,adultos_18+,alta
10,0,86,386,907,adultos_18+,alta
10,0,95,451,975,adultos_18+,alta
9,0,88,520,959,adultos_18+,alta
9,1,90,384,968,adultos_18+,alta
9,0,94,444,969,adultos_18+,alta
9,0,90,513,982,adultos_18+,alta
10,0,94,357,809,adultos_18+,alta
9,0,92,480,924,adultos_18+,alta
10,0,84,426,814,adultos_18+,alta
9,1,91,365,985,adultos_18+,alta
8,0,89,399,950,adultos_18+,alta
8,1,97,510,958,adultos_18+,alta
9,1,96,452,906,adultos_18+,alta
8,1,91,387,803,adultos_18+,alta
8,0,95,470,930,adultos_18+,alta
10,0,91,558,866,adultos_18+,alta
9,1,88,477,876,adultos_18+,alta
8,1,83,533,933,adultos_18+,alta
8,1,94,387,833,adultos_18+,alta
9,1,86,391,926,adultos_18+,alta
10,0,86,425,939,adultos_18+,alta
8,0,96,429,953,adultos_18+,alta
10,0,85,399,912,adultos_18+,alta
10,0,93,397,870,adultos_18+,alta
9,0,96,530,809,adultos_18+,alta
9,0,96,472,811,adultos_18+,alta
10,0,87,466,803,adultos_18+,alta
10,1,83,458,893,adultos_18+,alta
8,0,91,368,906,adultos_18+,alta
8,0,85,488,826,adultos_18+,alta
8,0,85,427,955,adultos_18+,alta
8,0,82,430,909,adultos_18+,alta
10,1,92,421,853,adultos_18+,alta
9,1,97,437,911,adultos_18+,alta
9,0,86,518,874,adultos_18+,alta
9,0,95,505,938,adultos_18+,alta
8,1,98,412,900,adultos_18+,alta
10,0,96,415,821,adultos_18+,alta
9,0,92,436,882,adultos_18+,alta
8,1,89,556,986,adultos_18+,alta
9,0,86,508,806,adultos_18+,alta
9,0,92,539,977,adultos_18+,alta
9,1,96,499,841,adultos_18+,alta
10,1,86,387,862,adultos_18+,alta
9,1,91,468,935,adultos_18+,alta
8,1,83,400,888,adultos_18+,alta
8,0,85,501,875,adultos_18+,alta
8,0,86,493,972,adultos_18+,alta
10,1,89,490,936,adultos_18+,alta
9,1,86,479,881,adultos_18+,alta
9,0,83,448,957,adultos_18+,alta
9,1,97,495,929,adultos_18+,alta
10,1,95,496,872,adultos_18+,alta
9,0,85,374,878,adultos_18+,alta
9,0,88,450,805,adultos_18+,alta
10,0,97,510,1000,adultos_18+,alta
9,1,92,465,884,adultos_18+,alta
8,0,85,449,950,adultos_18+,alta
10,0,83,549,914,adultos_18+,alta
8,1,84,533,907,adultos_18+,alta
10,1,88,390,803,adultos_18+,alta
8,1,92,376,908,adultos_18+,alta
8,0,93,452,986,adultos_18+,alta
10,0,92,400,855,adultos_18+,alta
9,1,92,504,951,adultos_18+,alta
9,0,82,566,834,adultos_18+,alta
8,1,84,368,811,adultos_18+,alta
9,0,83,372,912,adultos_18+,alta
8,1,89,474,919,adultos_18+,alta
10,1,93,354,952,adultos_18+,alta
10,1,90,554,910,adultos_18+,alta
10,0,95,504,828,adultos_18+,alta
9,1,82,437,830,adultos_18+,alta
9,0,92,363,875,adultos_18+,alta
8,0,91,516,906,adultos_18+,alta
8,1,86,445,997,adultos_18+,alta
10,1,98,416,921,adultos_18+,alta
9,0,91,387,930,adultos_18+,alta
9,0,87,387,927,adultos_18+,alta
10,0,86,388,854,adultos_18+,alta
8,1,92,526,900,adultos_18+,alta
10,0,82,400,924,adultos_18+,alta
8,1,88,473,809,adultos_18+,alta
8,1,94,421,895,adultos_18+,alta
8,1,90,523,855,adultos_18+,alta
10,1,91,486,943,adultos_18+,alta
8,1,84,557,870,adultos_18+,alta
8,1,96,351,977,adultos_18+,alta
8,0,88,530,991,adultos_18+,alta
8,0,95,431,899,adultos_18+,alta
9,1,83,547,831,adultos_18+,alta
10,1,89,482,882,adultos_18+,alta
10,0,89,468,887,adultos_18+,alta
8,0,85,548,807,adultos_18+,alta
10,1,82,555,848,adultos_18+,alta
8,1,98,462,960,adultos_18+,alta
10,0,87,351,955,adultos_18+,alta
10,1,96,411,870,adultos_18+,alta
9,1,89,360,931,adultos_18+,alta
10,0,88,393,881,adultos_18+,alta
8,0,94,515,911,adultos_18+,alta
9,0,93,561,816,adultos_18+,alta
10,1,97,456,931,adultos_18+,alta
8,1,93,432,884,adultos_18+,alta
9,1,93,515,974,adultos_18+,alta
8,1,96,407,991,adultos_18+,alta
9,1,95,504,861,adultos_18+,alta
8,0,85,393,840,adultos_18+,alta
10,1,89,511,812,adultos_18+,alta
10,1,85,512,953,adultos_18+,alta
8,1,93,496,996,adultos_18+,alta
8,0,86,539,889,adultos_18+,alta
9,0,96,400,996,adultos_18+,alta
10,1,84,428,910,adultos_18+,alta
10,0,92,550,922,adultos_18+,alta
8,0,84,549,971,adultos_18+,alta
9,0,94,548,958,adultos_18+,alta
9,1,86,385,963,adultos_18+,alta
8,1,88,393,892,adultos_18+,alta
9,0,98,502,915,adultos_18+,alta
8,1,96,448,934,adultos_18+,alta
8,1,93,351,897,adultos_18+,alta
10,1,92,497,964,adultos_18+,alta
9,1,92,369,895,adultos_18+,alta
9,0,85,448,977,adultos_18+,alta
8,0,94,458,957,adultos_18+,alta
8,0,87,393,868,adultos_18+,alta
10,1,98,460,945,adultos_18+,alta
8,1,92,519,990,adultos_18+,alta
8,0,97,565,892,adultos_18+,alta
10,0,92,552,860,adultos_18+,alta
10,0,87,367,837,adultos_18+,alta
9,0,89,383,902,adultos_18+,alta
9,1,94,376,816,adultos_18+,alta
8,0,98,496,963,adultos_18+,alta
9,1,93,561,988,adultos_18+,alta
10,1,90,502,907,adultos_18+,alta
8,1,82,356,971,adultos_18+,alta
8,1,98,370,812,adultos_18+,alta
8,1,96,451,833,adultos_18+,alta
10,1,89,361,886,adultos_18+,alta
10,1,93,532,977,adultos_18+,alta
9,1,94,403,848,adultos_18+,alta
8,0,94,557,904,adultos_18+,alta
8,0,94,372,857,adultos_18+,alta
10,1,88,414,889,adultos_18+,alta
8,1,91,408,907,adultos_18+,alta
9,0,94,444,855,adultos_18+,alta
10,1,98,506,922,adultos_18+,alta
9,1,87,461,805,adultos_18+,alta
10,0,94,504,888,adultos_18+,alta
10,0,95,481,863,adultos_18+,alta
10,1,89,381,883,adultos_18+,alta
9,0,82,425,818,adultos_18+,alta
10,1,91,452,864,adultos_18+,alta
10,0,96,529,971,adultos_18+,alta
10,0,85,515,941,adultos_18+,alta
10,0,91,554,972,adultos_18+,alta
8,1,84,446,993,adultos_18+,alta
9,0,90,368,825,adultos_18+,alta
9,1,84,433,848,adultos_18+,alta
8,0,89,555,842,adultos_18+,alta
8,1,89,500,988,adultos_18+,alta
10,1,85,351,917,adultos_18+,alta
9,0,93,468,946,adultos_18+,alta
10,1,97,551,920,adultos_18+,alta
10,0,90,398,940,adultos_18+,alta
8,1,94,397,832,adultos_18+,alta
9,0,97,496,955,adultos_18+,alta
9,1,97,391,823,adultos_18+,alta
8,1,86,397,886,adultos_18+,alta
10,1,87,519,841,adultos_18+,alta
9,1,90,552,802,adultos_18+,alta
9,0,85,417,859,adultos_18+,alta
9,0,90,497,952,adultos_18+,alta
10,0,95,415,876,adultos_18+,alta
10,1,91,382,836,adultos_18+,alta
10,1,95,477,944,adultos_18+,alta
9,1,92,557,858,adultos_18+,alta
9,1,93,475,872,adultos_18+,alta
10,1,82,443,965,adultos_18+,alta
9,1,93,449,938,adultos_18+,alta
9,0,87,433,813,adultos_18+,alta
9,0,93,453,936,adultos_18+,alta
10,1,98,561,966,adultos_18+,alta
9,1,97,393,917,adultos_18+,alta
10,0,88,480,948,adultos_18+,alta
9,0,85,371,993,adultos_18+,alta
10,1,89,364,898,adultos_18+,alta
8,0,84,486,963,adultos_18+,alta
9,0,84,539,953,adultos_18+,alta
10,0,96,495,953,adultos_18+,alta
10,1,87,359,918,adultos_18+,alta
10,0,86,396,818,adultos_18+,alta
10,1,94,365,859,adultos_18+,alta
8,0,98,523,873,adultos_18+,alta
10,0,89,401,804,adultos_18+,alta
9,1,86,425,949,adultos_18+,alta
10,0,96,523,839,adultos_18+,alta
10,1,98,462,825,adultos_18+,alta
9,0,84,457,929,adultos_18+,alta
9,1,96,490,808,adultos_18+,alta
8,0,98,548,870,adultos_18+,alta
8,0,84,418,992,adultos_18+,alta
10,0,94,517,889,adultos_18+,alta
8,1,82,507,821,adultos_18+,alta
8,1,83,450,904,adultos_18+,alta
10,0,94,547,961,adultos_18+,alta
10,1,85,532,806,adultos_18+,alta
9,1,87,540,848,adultos_18+,alta
8,1,82,377,801,adultos_18+,alta
9,0,93,525,833,adultos_18+,alta
9,0,82,467,908,adultos_18+,alta
10,1,93,524,902,adultos_18+,alta
9,1,96,555,958,adultos_18+,alta
10,1,84,447,826,adultos_18+,alta
10,1,82,480,996,adultos_18+,alta
9,1,89,545,871,adultos_18+,alta
9,0,86,399,992,adultos_18+,alta
9,0,88,552,949,adultos_18+,alta
8,0,95,354,967,adultos_18+,alta
9,1,98,511,963,adultos_18+,alta
10,0,89,369,961,adultos_18+,alta
10,1,96,481,973,adultos_18+,alta
8,1,88,496,981,adultos_18+,alta
9,1,92,430,927,adultos_18+,alta
8,1,88,420,880,adultos_18+,alta
10,0,97,481,844,adultos_18+,alta
8,1,94,353,890,adultos_18+,alta
10,1,83,420,999,adultos_18+,alta
8,1,89,412,885,adultos_18+,alta
8,1,89,441,817,adultos_18+,alta
9,0,95,435,846,adultos_18+,alta
9,0,92,371,907,adultos_18+,alta
10,0,89,505,860,adultos_18+,alta
10,1,95,498,871,adultos_18+,alta
10,1,87,446,842,adultos_18+,alta
9,0,85,394,907,adultos_18+,alta
9,1,83,413,832,adultos_18+,alta
9,0,86,524,954,adultos_18+,alta
8,0,90,429,813,adultos_18+,alta
9,0,96,512,827,adultos_18+,alta
10,0,96,523,983,adultos_18+,alta
9,1,90,530,962,adultos_18+,alta
10,0,98,371,888,adultos_18+,alta
8,1,83,455,835,adultos_18+,alta
9,1,88,455,819,adultos_18+,alta
9,1,89,517,947,adultos_18+,alta
10,0,98,464,818,adultos_18+,alta
9,1,97,431,888,adultos_18+,alta
9,0,83,551,826,adultos_18+,alta
8,1,90,521,812,adultos_18+,alta
10,0,94,494,831,adultos_18+,alta
10,0,91,413,967,adultos_18+,alta
10,0,82,365,977,adultos_18+,alta
8,1,96,353,950,adultos_18+,alta
9,0,95,433,813,adultos_18+,alta
10,1,91,390,828,adultos_18+,alta
8,1,96,353,860,adultos_18+,alta
9,1,82,352,900,adultos_18+,alta
9,1,84,370,915,adultos_18+,alta
8,0,88,392,805,adultos_18+,alta
10,0,89,402,833,adultos_18+,alta
8,0,92,423,813,adultos_18+,alta
8,0,85,382,941,adultos_18+,alta
9,0,85,496,945,adultos_18+,alta
8,0,94,449,871,adultos_18+,alta
10,0,96,566,965,adultos_18+,alta
10,0,88,431,838,adultos_18+,alta
8,1,82,548,950,adultos_18+,alta
8,0,96,523,986,adultos_18+,alta
10,1,98,534,863,adultos_18+,alta
8,1,97,382,921,adultos_18+,alta
8,0,84,501,836,adultos_18+,alta
10,0,82,422,868,adultos_18+,alta
8,1,97,559,904,adultos_18+,alta
9,1,86,361,873,adultos_18+,alta
9,0,87,415,888,adultos_18+,alta
8,0,93,425,832,adultos_18+,alta
8,1,94,508,882,adultos_18+,alta
8,0,89,522,921,adultos_18+,alta
8,1,84,485,807,adultos_18+,alta
8,0,91,420,909,adultos_18+,alta
8,0,96,542,823,adultos_18+,alta
9,1,86,430,864,adultos_18+,alta
10,0,91,519,974,adultos_18+,alta
10,1,94,475,993,adultos_18+,alta
9,1,94,359,941,adultos_18+,alta
10,1,82,376,901,adultos_18+,alta
8,0,95,502,851,adultos_18+,alta
8,1,88,419,965,adultos_18+,alta
8,0,83,358,904,adultos_18+,alta
9,1,86,531,800,adultos_18+,alta
8,0,83,493,846,adultos_18+,alta
10,0,85,527,952,adultos_18+,alta
9,0,93,552,879,adultos_18+,alta
9,0,86,499,821,adultos_18+,alta
9,0,94,472,862,adultos_18+,alta
10,0,82,419,974,adultos_18+,alta
10,0,94,414,857,adultos_18+,alta
8,0,86,415,825,adultos_18+,alta
8,1,90,504,998,adultos_18+,alta
9,0,82,476,885,adultos_18+,alta
8,1,90,526,839,adultos_18+,alta
8,1,88,522,816,adultos_18+,alta
9,1,87,382,941,adultos_18+,alta
8,0,85,385,929,adultos_18+,alta
10,0,83,486,944,adultos_18+,alta
9,0,97,459,888,adultos_18+,alta
10,1,82,418,824,adultos_18+,alta
8,1,86,452,923,adultos_18+,alta
9,0,86,479,873,adultos_18+,alta
8,1,88,523,995,adultos_18+,alta
8,1,82,468,840,adultos_18+,alta
10,0,93,474,996,adultos_18+,alta
10,1,85,445,860,adultos_18+,alta
10,1,92,548,882,adultos_18+,alta
8,1,94,395,888,adultos_18+,alta
8,1,88,363,831,adultos_18+,alta
9,0,84,363,869,adultos_18+,alta
8,0,94,478,842,adultos_18+,alta
10,1,83,439,977,adultos_18+,alta
9,1,97,475,865,adultos_18+,alta
10,0,83,497,958,adultos_18+,alta
9,0,97,370,848,adultos_18+,alta
8,1,95,540,898,adultos_18+,alta
10,0,88,559,893,adultos_18+,alta
10,0,84,532,859,adultos_18+,alta
9,1,98,420,848,adultos_18+,alta
9,0,97,392,940,adultos_18+,alta
9,1,96,411,857,adultos_18+,alta
10,1,84,459,997,adultos_18+,alta
9,1,95,453,967,adultos_18+,alta
10,1,91,566,965,adultos_18+,alta
8,0,86,388,882,adultos_18+,alta
9,1,86,376,955,adultos_18+,alta
9,0,88,540,996,adultos_18+,alta
9,1,97,350,919,adultos_18+,alta
9,1,86,360,863,adultos_18+,alta
9,0,90,562,867,adultos_18+,alta
9,1,95,468,993,adultos_18+,alta
10,1,98,472,805,adultos_18+,alta
10,0,91,424,850,adultos_18+,alta
10,0,86,511,832,adultos_18+,alta
8,0,82,369,918,adultos_18+,alta
10,1,92,518,932,adultos_18+,alta
8,0,85,471,982,adultos_18+,alta
9,0,94,497,881,adultos_18+,alta
8,0,82,417,906,adultos_18+,alta
9,0,93,453,956,adultos_18+,alta
9,1,86,556,931,adultos_18+,alta
10,1,98,392,986,adultos_18+,alta
9,0,89,435,988,adultos_18+,alta
9,1,84,486,968,adultos_18+,alta
9,1,87,502,912,adultos_18+,alta
8,0,82,433,985,adultos_18+,alta
10,1,82,550,851,adultos_18+,alta
10,1,95,376,950,adultos_18+,alta
10,1,94,502,873,adultos_18+,alta
10,0,84,402,984,adultos_18+,alta
10,1,85,457,875,adultos_18+,alta
10,0,97,396,906,adultos_18+,alta
9,0,94,521,919,adultos_18+,alta
9,0,82,472,823,adultos_18+,alta
8,0,87,486,876,adultos_18+,alta
10,0,92,481,941,adultos_18+,alta
10,0,90,376,816,adultos_18+,alta
10,1,94,555,823,adultos_18+,alta
9,1,96,464,897,adultos_18+,alta
9,0,94,465,862,adultos_18+,alta
10,1,94,491,811,adultos_18+,alta
8,0,94,530,824,adultos_18+,alta
8,1,87,523,810,adultos_18+,alta
8,0,83,560,836,adultos_18+,alta
8,0,98,417,920,adultos_18+,alta
8,1,87,396,850,adultos_18+,alta
8,1,86,453,900,adultos_18+,alta
9,0,95,457,831,adultos_18+,alta
8,1,94,392,975,adultos_18+,alta
8,0,87,512,906,adultos_18+,alta
9,1,98,455,925,adultos_18+,alta
9,0,88,564,857,adultos_18+,alta
8,0,95,527,908,adultos_18+,alta
8,0,85,457,928,adultos_18+,alta
8,0,93,559,800,adultos_18+,alta
9,1,82,358,868,adultos_18+,alta
10,1,90,356,975,adultos_18+,alta
9,1,88,429,873,adultos_18+,alta
8,0,92,526,959,adultos_18+,alta
8,1,92,561,884,adultos_18+,alta
9,1,85,532,832,adultos_18+,alta
